Order_ID,Order_Date,Customer_ID,Gender,Age,City,Category,Product_Name,Quantity,Price,Discount,Total_Sales,Payment_Method,Rating,Delivery_Status
ORD00001,2025-02-22,C1692,Male,55,Bengaluru,Dress,Floral Dress,3,799,5,2277.15,UPI,3.7,Delivered
ORD00002,2025-04-12,C1733,Female,32,Bengaluru,Dress,Floral Dress,2,1999,20,3198.4,Cash,3.5,Delivered
ORD00003,2025-06-22,C1104,Male,42,Pune,Top,Crop Top,4,999,10,3596.4,Cash,3.7,Returned
ORD00004,2025-07-13,C1080,Female,41,Hyderabad,Accessories,Watch,1,2499,15,2124.15,Card,4.3,Cancelled
ORD00005,2025-04-30,C1887,Male,42,Delhi,Dress,Floral Dress,2,2999,10,5398.2,Net Banking,5.0,Cancelled
ORD00006,2025-12-26,C1959,Male,28,Hyderabad,Bottom,Jeans,3,999,5,2847.15,Card,4.5,Delivered
ORD00007,2025-06-16,C1863,Male,32,Pune,Shoes,Heels,3,2499,20,5997.6,Cash,3.8,Returned
ORD00008,2025-09-13,C1405,Female,27,Delhi,Bottom,Jeans,2,1999,10,3598.2,Card,3.8,Delivered
ORD00009,2025-10-26,C1408,Female,32,Mumbai,Accessories,Scarf,3,2499,20,5997.6,Net Banking,4.1,Delivered
ORD00010,2025-08-05,C1610,Male,42,Bengaluru,Dress,Floral Dress,2,2499,5,4748.1,Net Banking,4.7,Cancelled
ORD00011,2025-10-02,C1768,Female,39,Pune,Bottom,Trousers,1,2499,0,2499.0,Cash,4.5,Returned
ORD00012,2025-04-02,C1519,Male,37,Chennai,Top,Shirt,1,2499,10,2249.1,Card,5.0,Delivered
ORD00013,2025-02-27,C1951,Female,37,Mumbai,Bottom,Jeans,1,1999,10,1799.1,UPI,4.2,Delivered
ORD00014,2025-09-30,C1784,Male,26,Chennai,Accessories,Handbag,1,2499,15,2124.15,Net Banking,4.7,Cancelled
ORD00015,2025-12-20,C1205,Female,43,Chennai,Top,Shirt,4,799,20,2556.8,Cash,4.6,Returned
ORD00016,2025-01-11,C1602,Male,55,Mumbai,Accessories,Watch,1,799,5,759.05,UPI,3.6,Delivered
ORD00017,2025-05-02,C1285,Female,31,Hyderabad,Dress,Floral Dress,1,499,10,449.1,Card,3.6,Cancelled
ORD00018,2025-04-08,C1096,Male,45,Delhi,Accessories,Scarf,4,799,15,2716.6,Net Banking,4.7,Returned
ORD00019,2025-06-23,C1819,Male,33,Mumbai,Shoes,Sandals,1,2499,0,2499.0,Card,3.6,Cancelled
ORD00020,2025-02-08,C1453,Male,21,Chennai,Shoes,Sneakers,4,799,10,2876.4,UPI,4.2,Delivered
ORD00021,2025-07-25,C1924,Male,28,Bengaluru,Top,T-Shirt,4,1499,15,5096.6,UPI,3.8,Returned
ORD00022,2025-09-07,C1158,Male,36,Mumbai,Bottom,Leggings,3,1499,20,3597.6,UPI,4.5,Cancelled
ORD00023,2025-09-15,C1941,Male,21,Hyderabad,Accessories,Handbag,3,499,0,1497.0,UPI,4.4,Delivered
ORD00024,2025-10-19,C1252,Male,23,Bengaluru,Dress,Kurti,1,2499,5,2374.05,Cash,4.1,Returned
ORD00025,2025-12-10,C1660,Female,47,Delhi,Top,Crop Top,3,799,10,2157.3,UPI,4.1,Delivered
ORD00026,2025-05-16,C1135,Female,22,Mumbai,Shoes,Sandals,1,499,20,399.2,Cash,3.8,Returned
ORD00027,2025-10-11,C1306,Male,26,Delhi,Top,Shirt,3,1999,20,4797.6,UPI,3.5,Delivered
ORD00028,2025-06-25,C1208,Female,50,Bengaluru,Accessories,Handbag,3,999,20,2397.6,Cash,3.8,Delivered
ORD00029,2025-06-20,C1789,Male,34,Mumbai,Dress,Kurti,4,2999,10,10796.4,Net Banking,3.6,Cancelled
ORD00030,2025-12-20,C1925,Male,52,Pune,Shoes,Sandals,1,499,0,499.0,Cash,4.9,Cancelled
ORD00031,2025-01-21,C1920,Female,31,Chennai,Accessories,Handbag,4,799,0,3196.0,Card,4.0,Cancelled
ORD00032,2025-05-02,C1885,Male,29,Bengaluru,Dress,Maxi Dress,4,1999,5,7596.2,UPI,4.9,Delivered
ORD00033,2025-02-25,C1391,Male,48,Mumbai,Bottom,Leggings,2,999,5,1898.1,Card,4.7,Returned
ORD00034,2025-07-24,C1336,Female,22,Delhi,Bottom,Leggings,2,799,0,1598.0,Cash,4.5,Cancelled
ORD00035,2025-05-14,C1182,Female,20,Pune,Accessories,Watch,3,499,0,1497.0,Net Banking,4.8,Returned
ORD00036,2025-01-23,C1725,Female,18,Hyderabad,Bottom,Leggings,1,1499,20,1199.2,Card,3.8,Returned
ORD00037,2025-03-05,C1737,Female,50,Delhi,Shoes,Sneakers,3,1999,10,5397.3,Net Banking,4.5,Returned
ORD00038,2025-12-07,C1962,Female,29,Hyderabad,Shoes,Sandals,3,1999,5,5697.15,Cash,3.8,Returned
ORD00039,2025-10-24,C1621,Female,47,Bengaluru,Accessories,Handbag,3,999,5,2847.15,Net Banking,4.1,Cancelled
ORD00040,2025-05-26,C1527,Female,23,Mumbai,Top,Crop Top,4,2999,5,11396.2,Cash,4.5,Delivered
ORD00041,2025-11-09,C1870,Male,47,Bengaluru,Top,T-Shirt,1,499,5,474.05,Card,5.0,Cancelled
ORD00042,2025-01-03,C1914,Male,45,Mumbai,Shoes,Heels,4,799,5,3036.2,Card,4.5,Cancelled
ORD00043,2025-03-04,C1467,Male,47,Chennai,Accessories,Watch,1,1999,5,1899.05,Cash,4.9,Returned
ORD00044,2025-03-23,C1761,Female,46,Delhi,Accessories,Scarf,4,2999,20,9596.8,Card,4.2,Cancelled
ORD00045,2025-02-09,C1730,Female,33,Delhi,Bottom,Trousers,4,2499,5,9496.2,Cash,3.9,Returned
ORD00046,2025-03-20,C1723,Male,22,Bengaluru,Accessories,Handbag,2,799,5,1518.1,Net Banking,4.1,Returned
ORD00047,2025-07-19,C1926,Male,54,Bengaluru,Accessories,Watch,4,499,5,1896.2,Net Banking,4.7,Delivered
ORD00048,2025-10-07,C1819,Male,49,,Bottom,Leggings,4,2999,15,10196.6,Cash,4.3,Returned
ORD00049,2025-08-28,C1941,Male,52,Pune,Shoes,Sneakers,4,999,15,3396.6,Net Banking,4.6,Cancelled
ORD00050,2025-08-25,C1186,Male,34,Bengaluru,Accessories,Scarf,1,499,15,424.15,Cash,3.7,Delivered
ORD00051,2025-08-04,C1258,Male,48,Pune,Shoes,Heels,3,2999,15,7647.45,UPI,3.9,Returned
ORD00052,2025-05-07,C1204,Male,27,Mumbai,Top,Crop Top,1,2999,0,2999.0,Card,4.6,Returned
ORD00053,2025-03-27,C1620,Male,28,Delhi,Dress,Kurti,2,1499,10,2698.2,UPI,4.7,Cancelled
ORD00054,2025-12-20,C1850,Male,24,Chennai,Dress,Maxi Dress,4,1499,5,5696.2,Cash,3.6,Cancelled
ORD00055,2025-07-09,C1070,Female,18,Bengaluru,Accessories,Handbag,1,999,20,799.2,Net Banking,4.1,Delivered
ORD00056,2025-09-25,C1988,Female,52,Bengaluru,Shoes,Heels,4,2499,5,9496.2,Net Banking,4.2,Returned
ORD00057,2025-02-14,C1285,Female,33,Bengaluru,Accessories,Watch,3,2999,5,8547.15,Net Banking,4.7,Returned
ORD00058,2025-05-13,C1348,Female,35,Hyderabad,Dress,Maxi Dress,3,799,15,2037.45,UPI,3.8,Cancelled
ORD00059,2025-05-04,C1707,Female,49,Bengaluru,Top,T-Shirt,2,2499,15,4248.3,UPI,4.2,Delivered
ORD00060,2025-10-25,C1377,Female,53,Hyderabad,Bottom,Jeans,4,2499,5,9496.2,Cash,4.0,Returned
ORD00061,2025-05-09,C1236,Male,30,Delhi,Accessories,Watch,3,2499,15,6372.45,UPI,3.9,Cancelled
ORD00062,2025-05-22,C1741,Female,24,Mumbai,Accessories,Scarf,2,799,5,1518.1,Cash,4.6,Delivered
ORD00063,2025-01-24,C1997,Male,53,Delhi,Bottom,Jeans,3,499,20,1197.6,Card,3.7,Cancelled
ORD00064,2025-08-14,C1348,Male,21,Delhi,Shoes,Sneakers,1,1999,10,1799.1,Net Banking,4.2,Delivered
ORD00065,2025-01-28,C1155,Male,54,Delhi,Dress,Maxi Dress,4,499,20,1596.8,UPI,4.4,Delivered
ORD00066,2025-04-26,C1794,Female,46,Bengaluru,Dress,Kurti,4,1999,20,6396.8,Cash,4.7,Cancelled
ORD00067,2025-04-17,C1640,Male,34,Chennai,Shoes,Heels,1,1999,0,1999.0,UPI,4.9,Delivered
ORD00068,2025-12-19,C1608,Female,36,Pune,Top,T-Shirt,1,799,0,799.0,Card,4.1,Returned
ORD00069,2025-11-17,C1603,Male,45,Pune,Bottom,Trousers,4,499,5,1896.2,Card,4.9,Cancelled
ORD00070,2025-06-07,C1609,Female,46,Pune,Top,Shirt,2,499,0,998.0,Net Banking,3.7,Cancelled
ORD00071,2025-08-13,C1082,Male,45,Chennai,Bottom,Trousers,4,999,20,3196.8,Cash,4.3,Cancelled
ORD00072,2025-01-11,C1783,Female,54,Pune,Bottom,Jeans,1,799,20,639.2,Card,4.4,Returned
ORD00073,2025-08-12,C1650,Female,23,Bengaluru,Accessories,Scarf,4,999,5,3796.2,Cash,5.0,Returned
ORD00074,2025-12-22,C1507,Female,43,Hyderabad,Bottom,Leggings,1,2999,5,2849.05,UPI,4.0,Returned
ORD00075,2025-07-26,C1885,Male,52,Bengaluru,Dress,Maxi Dress,3,999,0,2997.0,Net Banking,5.0,Delivered
ORD00076,2025-01-27,C1208,Female,53,Mumbai,Top,Crop Top,3,1999,15,5097.45,Cash,4.4,Returned
ORD00077,2025-12-30,C1162,Female,53,Pune,Shoes,Sneakers,1,2499,20,1999.2,Net Banking,4.7,Delivered
ORD00078,2025-05-30,C1521,Female,44,Bengaluru,Top,T-Shirt,4,499,5,1896.2,Net Banking,4.2,Delivered
ORD00079,2025-09-18,C1764,Male,22,Delhi,Shoes,Sandals,2,1499,5,2848.1,Net Banking,4.9,Returned
ORD00080,2025-10-24,C1675,Female,27,Bengaluru,Accessories,Watch,1,999,10,899.1,Net Banking,4.8,Returned
ORD00081,2025-12-24,C1244,Female,32,Bengaluru,Bottom,Trousers,4,1499,10,5396.4,UPI,4.8,Returned
ORD00082,2025-01-19,C1129,Female,24,Bengaluru,Shoes,Sandals,4,1499,5,5696.2,UPI,4.2,Cancelled
ORD00083,2025-05-16,C1346,Female,23,Delhi,Shoes,Sneakers,2,1499,5,2848.1,Net Banking,3.6,Returned
ORD00084,2025-12-17,C1943,Female,32,Chennai,Shoes,Sandals,1,1999,0,1999.0,UPI,3.9,Returned
ORD00085,2025-01-15,C1047,Female,21,Delhi,Dress,Kurti,1,1499,5,1424.05,Cash,4.5,Returned
ORD00086,2025-04-03,C1174,Male,23,Hyderabad,Shoes,Sneakers,2,1999,15,3398.3,Net Banking,4.3,Cancelled
ORD00087,2025-08-24,C1261,Male,47,Delhi,Top,Shirt,2,799,15,1358.3,Card,4.5,Delivered
ORD00088,2025-08-22,C1865,Female,30,Bengaluru,Shoes,Heels,3,2499,15,6372.45,Net Banking,4.5,Delivered
ORD00089,2025-06-01,C1022,Female,35,Pune,Top,Shirt,3,1999,10,5397.3,UPI,5.0,Cancelled
ORD00090,2025-04-08,C1635,Female,26,Chennai,Shoes,Heels,2,1999,10,3598.2,UPI,3.8,Cancelled
ORD00091,2025-03-09,C1092,Female,38,Chennai,Dress,Maxi Dress,4,499,20,1596.8,Net Banking,4.0,Delivered
ORD00092,2025-03-26,C1263,Female,36,Chennai,Top,T-Shirt,3,1999,20,4797.6,Cash,4.9,Delivered
ORD00093,2025-12-12,C1406,Female,23,Bengaluru,Shoes,Sneakers,2,2999,5,5698.1,UPI,4.8,Returned
ORD00094,2025-11-23,C1962,Female,24,Chennai,Accessories,Handbag,4,999,10,3596.4,Card,4.4,Returned
ORD00095,2025-11-22,C1843,Female,37,Chennai,Dress,Kurti,3,1999,5,5697.15,Net Banking,4.5,Delivered
ORD00096,2025-05-01,C1908,Male,42,Bengaluru,Top,T-Shirt,1,999,15,849.15,Cash,3.7,Cancelled
ORD00097,2025-11-12,C1417,Female,20,Chennai,Accessories,Watch,2,1499,0,2998.0,Cash,4.8,Delivered
ORD00098,2025-12-18,C1376,Female,21,Bengaluru,Shoes,Heels,2,2999,10,5398.2,Cash,3.6,Delivered
ORD00099,2025-11-02,C1994,Male,21,Delhi,Dress,Maxi Dress,1,2499,5,2374.05,Card,4.5,Delivered
ORD00100,2025-04-21,C1832,Male,39,Mumbai,Accessories,Handbag,1,2999,20,2399.2,UPI,3.8,Returned
ORD00101,2025-01-14,C1134,Male,40,Mumbai,Top,T-Shirt,3,2999,5,8547.15,Cash,3.7,Delivered
ORD00102,2025-02-02,C1487,Female,41,Hyderabad,Top,Shirt,1,799,15,679.15,UPI,4.3,Returned
ORD00103,2025-11-26,C1987,Male,21,Bengaluru,Accessories,Handbag,1,2499,20,1999.2,Net Banking,4.0,Returned
ORD00104,2025-03-17,C1067,Male,35,Hyderabad,Dress,Maxi Dress,4,499,0,1996.0,Cash,4.0,Returned
ORD00105,2025-02-20,C1812,Male,53,Chennai,Accessories,Scarf,3,1499,20,3597.6,Card,4.4,Returned
ORD00106,2025-02-18,C1320,Female,38,Chennai,Shoes,Sneakers,4,999,15,3396.6,Cash,4.1,Returned
ORD00107,2025-02-17,C1442,Male,41,Mumbai,Top,Crop Top,4,499,0,1996.0,UPI,4.7,Cancelled
ORD00108,2025-12-07,C1963,Female,21,Delhi,Accessories,Scarf,3,2499,0,7497.0,Cash,4.1,Returned
ORD00109,2025-02-25,C1358,Female,25,Delhi,Dress,Kurti,2,799,15,1358.3,Card,3.8,Returned
ORD00110,2025-05-20,C1719,Female,39,Delhi,Accessories,Scarf,1,1999,10,1799.1,UPI,3.5,Delivered
ORD00111,2025-01-16,C1093,Male,42,Bengaluru,Top,Crop Top,4,499,5,1896.2,Net Banking,4.6,Returned
ORD00112,2025-10-18,C1610,Male,21,Mumbai,Top,Shirt,3,2499,10,6747.3,Card,4.7,Cancelled
ORD00113,2025-09-06,C1621,Female,44,Delhi,Dress,Kurti,1,999,15,849.15,Card,4.5,Cancelled
ORD00114,2025-10-31,C1498,Female,20,Mumbai,Dress,Maxi Dress,4,499,10,1796.4,Net Banking,4.5,Cancelled
ORD00115,2025-05-11,C1296,Female,25,Pune,Dress,Floral Dress,2,999,5,1898.1,Net Banking,4.7,Cancelled
ORD00116,2025-09-14,C1572,Female,22,Bengaluru,Shoes,Sneakers,2,1499,20,2398.4,UPI,4.6,Returned
ORD00117,2025-10-21,C1414,Female,36,Pune,Dress,Maxi Dress,1,2999,10,2699.1,Net Banking,4.4,Delivered
ORD00118,2025-02-24,C1249,Female,55,Bengaluru,Bottom,Jeans,4,2999,10,10796.4,UPI,3.6,Returned
ORD00119,2025-02-09,C1522,Male,51,Hyderabad,Bottom,Trousers,3,799,10,2157.3,Card,4.7,Returned
ORD00120,2025-04-12,C1177,Male,22,Mumbai,Bottom,Trousers,2,799,0,1598.0,Net Banking,3.7,Returned
ORD00121,2025-11-16,C1330,Female,27,Bengaluru,Accessories,Scarf,4,2499,20,7996.8,UPI,4.5,Returned
ORD00122,2025-06-30,C1519,Male,37,Bengaluru,Shoes,Sandals,3,2999,10,8097.3,Net Banking,4.4,Delivered
ORD00123,2025-09-17,C1393,Female,55,Hyderabad,Dress,Maxi Dress,3,499,0,1497.0,UPI,4.4,Returned
ORD00124,2025-03-19,C1980,Male,46,Pune,Accessories,Scarf,2,999,20,1598.4,Cash,4.2,Cancelled
ORD00125,2025-08-13,C1536,Male,41,Delhi,Dress,Kurti,2,499,5,948.1,Cash,4.6,Returned
ORD00126,2025-02-18,C1571,Female,36,Delhi,Shoes,Heels,1,2999,10,2699.1,Card,3.6,Returned
ORD00127,2025-12-24,C1678,Female,26,Hyderabad,Dress,Kurti,2,999,10,1798.2,UPI,5.0,Returned
ORD00128,2025-12-17,C1934,Male,45,Hyderabad,Accessories,Watch,3,2999,5,8547.15,Cash,4.5,Delivered
ORD00129,2025-09-06,C1196,Male,26,Mumbai,Bottom,Leggings,2,799,10,1438.2,UPI,4.9,Returned
ORD00130,2025-11-13,C1134,Female,27,Mumbai,Dress,Kurti,1,2499,10,2249.1,Card,4.8,Cancelled
ORD00131,2025-05-02,C1992,Female,36,Chennai,Accessories,Handbag,4,499,15,1696.6,Net Banking,4.0,Delivered
ORD00132,2025-04-10,C1376,Female,47,Delhi,Accessories,Handbag,3,2999,15,7647.45,Net Banking,4.9,Cancelled
ORD00133,2025-03-12,C1893,Female,21,Chennai,Accessories,Watch,2,2999,5,5698.1,Net Banking,4.7,Returned
ORD00134,2025-05-20,C1460,Male,45,Pune,Accessories,Handbag,1,999,0,999.0,Card,4.6,Returned
ORD00135,2025-05-01,C1395,Male,41,Mumbai,Bottom,Jeans,4,499,15,1696.6,UPI,4.3,Returned
ORD00136,2025-05-27,C1939,Female,26,Chennai,Dress,Kurti,3,2999,5,8547.15,Net Banking,3.7,Returned
ORD00137,2025-03-18,C1561,Female,25,Delhi,Accessories,Handbag,1,499,10,449.1,Card,3.8,Returned
ORD00138,2025-02-26,C1856,Female,52,Pune,Dress,Floral Dress,2,1499,20,2398.4,Card,4.2,Cancelled
ORD00139,2025-10-20,C1426,Male,23,Hyderabad,Top,Shirt,4,499,20,1596.8,Cash,4.0,Delivered
ORD00140,2025-07-18,C1382,Female,19,Delhi,Accessories,Scarf,1,1499,15,1274.15,UPI,3.6,Returned
ORD00141,2025-06-20,C1136,Male,40,Hyderabad,Top,Crop Top,1,2999,20,2399.2,Cash,4.6,Cancelled
ORD00142,2025-03-11,C1064,Female,20,Delhi,Top,Crop Top,4,2499,15,8496.6,Card,4.4,Delivered
ORD00143,2025-10-06,C1484,Female,20,Chennai,Top,T-Shirt,3,999,20,2397.6,Card,4.1,Returned
ORD00144,2025-08-12,C1910,Female,46,Bengaluru,Bottom,Jeans,3,999,0,2997.0,Cash,4.7,Delivered
ORD00145,2025-02-12,C1744,Female,23,Bengaluru,Shoes,Sandals,4,999,20,3196.8,Card,3.9,Cancelled
ORD00146,2025-06-06,C1456,Female,28,Chennai,Bottom,Leggings,1,499,10,449.1,Net Banking,4.5,Returned
ORD00147,2025-01-30,C1076,Female,41,Hyderabad,Shoes,Sneakers,3,1999,15,5097.45,Card,3.9,Delivered
ORD00148,2025-11-27,C1375,Female,42,Hyderabad,Top,Crop Top,4,499,5,1896.2,UPI,3.6,Cancelled
ORD00149,2025-02-09,C1587,Male,51,Delhi,Top,Crop Top,4,999,10,3596.4,Net Banking,4.2,Returned
ORD00150,2025-07-18,C1935,Male,34,Delhi,Bottom,Jeans,1,499,5,474.05,Net Banking,4.2,Delivered
ORD00151,2025-02-07,C1462,Male,46,Pune,Accessories,Watch,4,799,0,3196.0,Cash,3.7,Cancelled
ORD00152,2025-06-03,C1871,Male,29,Delhi,Bottom,Trousers,1,1999,20,1599.2,Card,3.9,Delivered
ORD00153,2025-10-11,C1586,Female,47,Hyderabad,Top,T-Shirt,2,2999,15,5098.3,Card,3.5,Cancelled
ORD00154,2025-07-29,C1843,Male,26,Delhi,Dress,Floral Dress,3,1499,15,3822.45,UPI,4.3,Returned
ORD00155,2025-04-04,C1786,Male,45,Hyderabad,Shoes,Sandals,3,799,20,1917.6,UPI,4.5,Delivered
ORD00156,2025-12-30,C1230,Female,51,Delhi,Accessories,Handbag,3,799,5,2277.15,UPI,4.0,Returned
ORD00157,2025-02-17,C1514,Male,55,Hyderabad,Top,Crop Top,3,799,10,2157.3,Card,4.4,Delivered
ORD00158,2025-01-15,C1083,Male,54,Delhi,Accessories,Scarf,3,2999,20,7197.6,Card,3.6,Cancelled
ORD00159,2025-06-04,C1494,Male,43,Delhi,Shoes,Sandals,1,1499,20,1199.2,Net Banking,3.9,Delivered
ORD00160,2025-06-24,C1621,Male,38,Chennai,Dress,Floral Dress,4,1499,15,5096.6,Cash,4.2,Cancelled
ORD00161,2025-02-24,C1326,Male,47,Pune,Bottom,Leggings,2,2999,10,5398.2,Cash,4.3,Returned
ORD00162,2025-11-12,C1428,Male,28,Delhi,Top,T-Shirt,1,499,10,449.1,Cash,4.9,Delivered
ORD00163,2025-02-16,C1967,Female,50,Bengaluru,Top,Shirt,4,1499,10,5396.4,Card,4.2,Delivered
ORD00164,2025-12-01,C1688,Female,36,Hyderabad,Accessories,Watch,1,499,10,449.1,UPI,4.2,Delivered
ORD00165,2025-07-07,C1046,Female,21,Hyderabad,Shoes,Sneakers,3,2499,10,6747.3,Card,4.6,Returned
ORD00166,2025-10-09,C1286,Male,26,Pune,Accessories,Watch,1,1499,20,1199.2,Net Banking,4.2,Returned
ORD00167,2025-09-18,C1411,Male,20,Pune,Bottom,Trousers,3,2999,5,8547.15,Card,3.8,Cancelled
ORD00168,2025-03-13,C1335,Female,28,Bengaluru,Bottom,Leggings,4,799,20,2556.8,Cash,4.8,Cancelled
ORD00169,2025-01-09,C1377,Female,25,Bengaluru,Bottom,Trousers,4,2499,20,7996.8,Cash,3.9,Cancelled
ORD00170,2025-01-27,C1597,Female,28,Hyderabad,Dress,Kurti,4,999,20,3196.8,Net Banking,4.4,Delivered
ORD00171,2025-08-03,C1155,Female,31,Bengaluru,Top,T-Shirt,1,799,0,799.0,Net Banking,4.2,Cancelled
ORD00172,2025-12-06,C1489,Female,38,Mumbai,Dress,Kurti,2,1999,5,3798.1,Net Banking,4.3,Cancelled
ORD00173,2025-04-09,C1980,Male,35,Hyderabad,Bottom,Trousers,3,2499,10,6747.3,Cash,4.4,Delivered
ORD00174,2025-06-28,C1573,Female,36,Pune,Bottom,Leggings,2,2499,15,4248.3,Net Banking,4.0,Returned
ORD00175,2025-02-10,C1354,Female,34,Chennai,Bottom,Jeans,3,499,10,1347.3,Net Banking,4.9,Delivered
ORD00176,2025-11-12,C1758,Male,33,Pune,Top,Crop Top,3,1999,10,5397.3,Card,3.7,Cancelled
ORD00177,2025-02-21,C1697,Male,18,Hyderabad,Top,T-Shirt,1,1499,10,1349.1,Card,4.6,Returned
ORD00178,2025-11-27,C1060,Male,54,Mumbai,Shoes,Heels,2,2999,10,5398.2,UPI,4.0,Delivered
ORD00179,2025-04-06,C1959,Female,20,Pune,Shoes,Sneakers,1,2999,15,2549.15,Cash,4.7,Cancelled
ORD00180,2025-10-06,C1536,Female,26,Hyderabad,Accessories,Handbag,3,999,15,2547.45,Net Banking,5.0,Returned
ORD00181,2025-04-06,C1014,Female,36,Hyderabad,Top,T-Shirt,3,799,15,2037.45,Card,4.5,Delivered
ORD00182,2025-02-14,C1410,Male,29,Mumbai,Accessories,Scarf,4,2999,15,10196.6,Net Banking,4.3,Returned
ORD00183,2025-05-17,C1976,Female,37,Hyderabad,Top,T-Shirt,3,1499,5,4272.15,UPI,4.2,Returned
ORD00184,2025-03-23,C1415,Female,25,Chennai,Bottom,Trousers,2,499,0,998.0,Cash,4.2,Returned
ORD00185,2025-11-07,C1382,Female,53,Bengaluru,Accessories,Handbag,2,799,15,1358.3,Card,3.7,Delivered
ORD00186,2025-10-16,C1114,Male,53,Hyderabad,Accessories,Handbag,4,1999,10,7196.4,Card,3.6,Cancelled
ORD00187,2025-12-15,C1210,Female,23,Hyderabad,Accessories,Handbag,2,999,20,1598.4,Net Banking,4.2,Delivered
ORD00188,2025-08-25,C1688,Female,19,Bengaluru,Shoes,Sneakers,4,1499,20,4796.8,Cash,3.6,Delivered
ORD00189,2025-02-02,C1554,Male,22,Bengaluru,Top,Crop Top,1,499,15,424.15,UPI,4.0,Returned
ORD00190,2025-07-15,C1459,Female,42,Pune,Shoes,Sneakers,2,2999,15,5098.3,Card,4.1,Cancelled
ORD00191,2025-04-25,C1854,Male,19,Delhi,Bottom,Jeans,2,1999,15,3398.3,Net Banking,4.3,Cancelled
ORD00192,2025-06-27,C1158,Female,30,Chennai,Accessories,Watch,4,2999,5,11396.2,UPI,3.9,Delivered
ORD00193,2025-11-01,C1034,Female,21,Mumbai,Shoes,Sandals,1,799,5,759.05,UPI,3.6,Returned
ORD00194,2025-05-29,C1239,Female,54,Hyderabad,Shoes,Sneakers,2,2999,0,5998.0,Cash,3.7,Delivered
ORD00195,2025-10-13,C1971,Male,45,Hyderabad,Bottom,Jeans,2,1499,10,2698.2,Net Banking,3.9,Delivered
ORD00196,2025-08-02,C1418,Male,37,Bengaluru,Bottom,Trousers,4,2999,20,9596.8,Card,4.0,Cancelled
ORD00197,2025-01-30,C1575,Female,44,Hyderabad,Shoes,Sneakers,2,999,5,1898.1,Card,4.7,Returned
ORD00198,2025-07-09,C1094,Male,21,Delhi,Top,Shirt,2,999,0,1998.0,Net Banking,4.9,Cancelled
ORD00199,2025-10-28,C1741,Male,48,Mumbai,Accessories,Scarf,1,2999,0,2999.0,Cash,3.8,Returned
ORD00200,2025-09-03,C1936,Male,31,Bengaluru,Dress,Floral Dress,2,2499,0,4998.0,Card,4.6,Cancelled
ORD00201,2025-06-07,C1267,Female,50,Bengaluru,Bottom,Leggings,4,1499,20,4796.8,Net Banking,4.5,Delivered
ORD00202,2025-10-16,C1884,Male,27,Pune,Shoes,Heels,2,999,10,1798.2,Cash,4.1,Cancelled
ORD00203,2025-04-28,C1388,Male,49,Hyderabad,Accessories,Scarf,4,999,5,3796.2,Cash,3.8,Returned
ORD00204,2025-06-30,C1173,Male,52,Bengaluru,Shoes,Sandals,4,1499,5,5696.2,Card,4.6,Cancelled
ORD00205,2025-12-09,C1049,Male,44,Mumbai,Dress,Kurti,1,2999,0,2999.0,Card,4.9,Delivered
ORD00206,2025-11-13,C1653,Female,49,Pune,Top,T-Shirt,2,1999,15,3398.3,UPI,4.1,Cancelled
ORD00207,2025-10-02,C1293,Male,50,Chennai,Accessories,Watch,1,499,20,399.2,Net Banking,4.6,Delivered
ORD00208,2025-05-10,C1834,Female,35,Bengaluru,Dress,Floral Dress,2,799,5,1518.1,UPI,4.4,Returned
ORD00209,2025-02-11,C1669,Male,23,Bengaluru,Shoes,Heels,2,2499,5,4748.1,Net Banking,3.9,Returned
ORD00210,2025-02-12,C1511,Female,39,Hyderabad,Accessories,Watch,1,2499,0,2499.0,UPI,4.6,Cancelled
ORD00211,2025-01-24,C1946,Male,35,Hyderabad,Dress,Floral Dress,2,2999,20,4798.4,UPI,4.2,Delivered
ORD00212,2025-12-31,C1840,Female,22,Delhi,Bottom,Jeans,2,1999,5,3798.1,Card,4.6,Cancelled
ORD00213,2025-03-13,C1809,Male,50,Chennai,Top,Crop Top,4,2499,20,7996.8,Cash,4.0,Delivered
ORD00214,2025-11-11,C1977,Female,38,Pune,Dress,Maxi Dress,2,2999,0,5998.0,Cash,4.0,Returned
ORD00215,2025-12-15,C1599,Female,23,Hyderabad,Shoes,Sneakers,3,1999,15,5097.45,Cash,4.1,Delivered
ORD00216,2025-11-21,C1157,Female,38,Delhi,Dress,Floral Dress,3,799,15,2037.45,UPI,4.6,Delivered
ORD00217,2025-02-14,C1191,Female,46,Hyderabad,Dress,Maxi Dress,4,999,10,3596.4,Net Banking,3.7,Delivered
ORD00218,2025-06-16,C1884,Female,18,Delhi,Dress,Floral Dress,3,1999,0,5997.0,Net Banking,4.4,Returned
ORD00219,2025-07-14,C1173,Male,35,Delhi,Dress,Kurti,2,1999,20,3198.4,Cash,3.8,Returned
ORD00220,2025-09-05,C1801,Male,41,Delhi,Top,T-Shirt,2,1499,10,2698.2,Card,4.1,Cancelled
ORD00221,2025-01-04,C1971,Female,39,Hyderabad,Shoes,Sandals,2,1499,0,2998.0,Net Banking,3.7,Returned
ORD00222,2025-06-14,C1617,Male,48,Delhi,Shoes,Heels,4,2999,20,9596.8,Card,3.7,Returned
ORD00223,2025-05-24,C1836,Female,41,Pune,Bottom,Leggings,4,1999,5,7596.2,Card,4.0,Cancelled
ORD00224,2025-04-18,C1448,Female,22,Bengaluru,Accessories,Handbag,1,2499,15,2124.15,Net Banking,4.9,Delivered
ORD00225,2025-07-13,C1075,Female,48,Hyderabad,Bottom,Jeans,3,2499,5,7122.15,Net Banking,4.6,Cancelled
ORD00226,2025-07-04,C1718,Male,24,Mumbai,Accessories,Scarf,4,1999,0,7996.0,Cash,4.7,Delivered
ORD00227,2025-08-09,C1108,Male,24,Delhi,Accessories,Handbag,4,2999,10,10796.4,Card,4.9,Cancelled
ORD00228,2025-12-14,C1602,Male,40,Pune,Accessories,Scarf,2,1499,10,2698.2,Net Banking,4.1,Delivered
ORD00229,2025-06-25,C1466,Male,51,Bengaluru,Bottom,Leggings,1,499,5,474.05,Cash,4.0,Returned
ORD00230,2025-12-30,C1117,Male,39,Chennai,Dress,Maxi Dress,4,999,0,3996.0,UPI,4.0,Cancelled
ORD00231,2025-06-19,C1573,Female,47,Mumbai,Top,Crop Top,2,1999,5,3798.1,Net Banking,4.3,Cancelled
ORD00232,2025-04-12,C1460,Female,42,Pune,Top,T-Shirt,4,1499,0,5996.0,Card,4.6,Delivered
ORD00233,2025-10-02,C1191,Female,38,Mumbai,Bottom,Trousers,1,1999,0,1999.0,Net Banking,4.7,Delivered
ORD00234,2025-11-09,C1401,Male,40,Delhi,Bottom,Trousers,4,1999,10,7196.4,Net Banking,4.4,Cancelled
ORD00235,2025-03-10,C1320,Male,33,Delhi,Top,Crop Top,3,1999,20,4797.6,UPI,3.6,Delivered
ORD00236,2025-03-12,C1588,Female,45,Mumbai,Bottom,Trousers,2,1999,15,3398.3,Net Banking,4.1,Cancelled
ORD00237,2025-03-13,C1191,Female,46,Hyderabad,Accessories,Scarf,2,1999,5,3798.1,UPI,4.2,Returned
ORD00238,2025-09-16,C1668,Female,44,Chennai,Dress,Maxi Dress,2,799,15,1358.3,Net Banking,4.9,Returned
ORD00239,2025-04-23,C1299,Male,35,Mumbai,Shoes,Heels,2,499,20,798.4,Cash,3.5,Delivered
ORD00240,2025-02-28,C1274,Female,52,Pune,Shoes,Sandals,4,1999,20,6396.8,Net Banking,3.7,Cancelled
ORD00241,2025-01-17,C1460,Female,40,Pune,Top,Shirt,1,2499,5,2374.05,Net Banking,3.9,Delivered
ORD00242,2025-03-26,C1630,Male,31,Mumbai,Top,T-Shirt,3,2999,20,7197.6,UPI,4.4,Cancelled
ORD00243,2025-12-27,C1299,Female,54,Delhi,Bottom,Trousers,3,1999,20,4797.6,UPI,3.8,Delivered
ORD00244,2025-03-09,C1255,Male,38,Mumbai,Shoes,Sneakers,3,2999,5,8547.15,Net Banking,4.6,Returned
ORD00245,2025-02-08,C1648,Male,43,Hyderabad,Top,Crop Top,3,2499,15,6372.45,Cash,4.1,Cancelled
ORD00246,2025-02-17,C1748,Female,40,Pune,Bottom,Leggings,4,999,20,3196.8,Net Banking,3.5,Delivered
ORD00247,2025-06-22,C1560,Male,54,Bengaluru,Shoes,Sneakers,4,999,10,3596.4,Cash,4.7,Cancelled
ORD00248,2025-03-22,C1451,Female,18,Bengaluru,Dress,Floral Dress,1,2499,15,2124.15,Card,3.5,Cancelled
ORD00249,2025-07-04,C1256,Male,41,Chennai,Top,Crop Top,3,799,10,2157.3,Card,3.6,Delivered
ORD00250,2025-02-16,C1720,Male,18,Mumbai,Shoes,Sandals,3,2499,5,7122.15,Net Banking,4.1,Delivered
ORD00251,2025-12-23,C1351,Male,45,Chennai,Top,Crop Top,2,1999,15,3398.3,Card,3.5,Returned
ORD00252,2025-07-08,C1902,Female,26,Bengaluru,Dress,Floral Dress,4,499,0,1996.0,Card,3.7,Cancelled
ORD00253,2025-04-20,C1643,Male,44,Hyderabad,Top,T-Shirt,1,1999,5,1899.05,Net Banking,4.2,Delivered
ORD00254,2025-07-16,C1359,Female,38,Mumbai,Dress,Floral Dress,2,2999,0,5998.0,Card,4.4,Returned
ORD00255,2025-12-04,C1896,Female,31,Hyderabad,Dress,Floral Dress,3,2999,0,8997.0,Card,4.8,Cancelled
ORD00256,2025-02-27,C1246,Female,22,Hyderabad,Shoes,Heels,1,2999,5,2849.05,UPI,4.2,Returned
ORD00257,2025-10-07,C1699,Male,48,Pune,Bottom,Jeans,4,2999,20,9596.8,UPI,4.1,Cancelled
ORD00258,2025-07-23,C1518,Female,50,Bengaluru,Dress,Floral Dress,3,799,0,2397.0,Net Banking,4.9,Cancelled
ORD00259,2025-09-19,C1943,Male,27,Hyderabad,Shoes,Sneakers,2,999,0,1998.0,Cash,4.0,Returned
ORD00260,2025-05-03,C1059,Male,23,Bengaluru,Accessories,Scarf,1,999,15,849.15,UPI,4.6,Returned
ORD00261,2025-12-29,C1140,Male,28,Bengaluru,Accessories,Scarf,1,999,5,949.05,Cash,3.7,Cancelled
ORD00262,2025-05-18,C1750,Male,19,Delhi,Accessories,Scarf,3,799,10,2157.3,Net Banking,3.7,Returned
ORD00263,2025-09-12,C1466,Female,21,Bengaluru,Accessories,Handbag,3,2499,20,5997.6,Card,4.4,Returned
ORD00264,2025-09-18,C1002,Male,18,Mumbai,Top,Shirt,1,1999,0,1999.0,UPI,3.8,Returned
ORD00265,2025-12-02,C1429,Male,38,Mumbai,Bottom,Leggings,2,799,0,1598.0,Net Banking,4.3,Cancelled
ORD00266,2025-12-11,C1923,Male,29,Mumbai,Bottom,Leggings,1,1999,10,1799.1,UPI,3.7,Returned
ORD00267,2025-10-11,C1467,Male,41,Mumbai,Dress,Maxi Dress,3,2999,10,8097.3,Cash,4.0,Cancelled
ORD00268,2025-09-10,C1791,Male,52,Mumbai,Bottom,Trousers,2,1499,10,2698.2,Card,4.4,Delivered
ORD00269,2025-12-22,C1898,Male,39,Pune,Shoes,Sneakers,2,1999,10,3598.2,Net Banking,4.5,Cancelled
ORD00270,2025-01-31,C1995,Male,35,Pune,Bottom,Jeans,2,1999,5,3798.1,UPI,4.1,Delivered
ORD00271,2025-09-16,C1136,Female,22,Hyderabad,Accessories,Watch,3,1499,0,4497.0,UPI,4.4,Returned
ORD00272,2025-07-21,C1717,Female,38,Bengaluru,Top,T-Shirt,3,999,10,2697.3,Cash,4.9,Delivered
ORD00273,2025-02-24,C1168,Female,47,Delhi,Dress,Floral Dress,2,2999,20,4798.4,Net Banking,3.7,Delivered
ORD00274,2025-03-03,C1092,Male,37,Chennai,Accessories,Watch,2,1499,10,2698.2,UPI,4.2,Delivered
ORD00275,2025-07-22,C1525,Male,37,Delhi,Bottom,Jeans,1,2499,5,2374.05,Card,5.0,Delivered
ORD00276,2025-03-13,C1124,Male,21,Mumbai,Shoes,Heels,2,499,15,848.3,Card,3.7,Delivered
ORD00277,2025-02-08,C1022,Male,30,Chennai,Shoes,Heels,1,1999,20,1599.2,Net Banking,3.9,Delivered
ORD00278,2025-10-21,C1443,Female,49,Pune,Dress,Maxi Dress,1,499,15,424.15,Net Banking,3.6,Cancelled
ORD00279,2025-08-17,C1904,Male,20,Hyderabad,Shoes,Sneakers,3,799,5,2277.15,Card,3.9,Cancelled
ORD00280,2025-05-24,C1392,Male,44,Mumbai,Bottom,Leggings,4,1999,15,6796.6,Card,3.6,Cancelled
ORD00281,2025-09-06,C1352,Female,42,Delhi,Accessories,Handbag,4,2999,10,10796.4,Card,4.2,Delivered
ORD00282,2025-08-30,C1542,Female,55,Mumbai,Bottom,Trousers,2,499,10,898.2,Card,3.6,Delivered
ORD00283,2025-01-29,C1782,Male,54,Bengaluru,Top,Crop Top,2,999,20,1598.4,Cash,4.7,Delivered
ORD00284,2025-01-15,C1720,Female,54,Hyderabad,Top,T-Shirt,3,2999,10,8097.3,Card,4.9,Cancelled
ORD00285,2025-01-29,C1238,Male,19,Hyderabad,Top,Shirt,3,799,15,2037.45,Net Banking,3.6,Delivered
ORD00286,2025-04-01,C1940,Female,21,Pune,Bottom,Trousers,2,2999,5,5698.1,Card,4.0,Cancelled
ORD00287,2025-12-06,C1405,Male,39,Delhi,Top,T-Shirt,3,499,10,1347.3,Cash,4.6,Delivered
ORD00288,2025-03-31,C1724,Female,32,Chennai,Top,Crop Top,4,2999,15,10196.6,Card,4.5,Returned
ORD00289,2025-12-26,C1971,Female,54,Pune,Bottom,Trousers,3,799,5,2277.15,Card,4.6,Cancelled
ORD00290,2025-09-12,C1144,Female,22,Mumbai,Bottom,Trousers,2,2499,20,3998.4,Cash,3.7,Returned
ORD00291,2025-05-16,C1214,Male,22,Delhi,Top,Crop Top,1,2999,10,2699.1,Cash,4.2,Delivered
ORD00292,2025-07-31,C1504,Female,40,Hyderabad,Dress,Floral Dress,4,1499,15,5096.6,Net Banking,5.0,Delivered
ORD00293,2025-01-18,C1301,Male,38,Delhi,Shoes,Sandals,2,799,15,1358.3,UPI,3.6,Delivered
ORD00294,2025-02-17,C1346,Female,19,Bengaluru,Bottom,Jeans,4,799,0,3196.0,Card,4.3,Cancelled
ORD00295,2025-04-08,C1419,Female,36,Delhi,Shoes,Sneakers,1,499,10,449.1,Card,3.8,Delivered
ORD00296,2025-08-07,C1089,Female,48,Mumbai,Dress,Maxi Dress,4,799,0,3196.0,UPI,4.0,Delivered
ORD00297,2025-06-07,C1803,Female,48,Bengaluru,Top,T-Shirt,3,499,15,1272.45,Cash,4.8,Delivered
ORD00298,2025-08-17,C1045,Female,46,Bengaluru,Accessories,Watch,2,999,15,1698.3,Cash,4.1,Delivered
ORD00299,2025-06-26,C1827,Female,55,Mumbai,Bottom,Trousers,1,799,0,799.0,UPI,3.6,Returned
ORD00300,2025-02-10,C1404,Male,50,Hyderabad,Accessories,Watch,4,1999,5,7596.2,Card,4.2,Delivered
ORD00301,2025-08-05,C1080,Female,30,Chennai,Shoes,Sneakers,2,799,5,1518.1,Card,3.7,Cancelled
ORD00302,2025-10-10,C1333,Female,51,Bengaluru,Bottom,Leggings,1,499,15,424.15,UPI,4.3,Cancelled
ORD00303,2025-10-18,C1602,Male,24,Hyderabad,Accessories,Scarf,4,499,15,1696.6,UPI,3.7,Returned
ORD00304,2025-10-20,C1623,Female,20,Mumbai,Accessories,Watch,4,999,15,3396.6,Cash,4.5,Returned
ORD00305,2025-06-19,C1707,Male,21,Chennai,Top,Crop Top,4,499,15,1696.6,Net Banking,4.8,Returned
ORD00306,2025-09-09,C1878,Male,32,Mumbai,Bottom,Jeans,3,2999,10,8097.3,Cash,4.0,Cancelled
ORD00307,2025-02-15,C1192,Female,31,Bengaluru,Shoes,Heels,3,2499,15,6372.45,Net Banking,4.4,Cancelled
ORD00308,2025-07-26,C1138,Male,29,Mumbai,Bottom,Jeans,2,499,10,898.2,Card,4.6,Delivered
ORD00309,2025-05-21,C1377,Female,50,Bengaluru,Top,T-Shirt,4,499,10,1796.4,UPI,4.6,Cancelled
ORD00310,2025-08-31,C1600,Female,40,Mumbai,Dress,Floral Dress,3,1499,20,3597.6,Cash,4.2,Cancelled
ORD00311,2025-10-20,C1798,Male,32,Chennai,Dress,Maxi Dress,1,1499,0,1499.0,Card,3.7,Cancelled
ORD00312,2025-12-16,C1009,Female,26,Chennai,Top,Shirt,4,1999,0,7996.0,Card,4.8,Cancelled
ORD00313,2025-12-30,C1658,Female,45,Bengaluru,Dress,Floral Dress,3,1999,10,5397.3,Cash,4.6,Returned
ORD00314,2025-07-23,C1598,Male,18,Hyderabad,Bottom,Jeans,4,999,20,3196.8,Cash,4.7,Cancelled
ORD00315,2025-06-22,C1283,Female,35,Delhi,Accessories,Scarf,3,999,0,2997.0,Cash,4.2,Delivered
ORD00316,2025-06-13,C1697,Male,19,Chennai,Top,Crop Top,2,499,20,798.4,Net Banking,4.1,Returned
ORD00317,2025-10-20,C1835,Male,39,Chennai,Bottom,Leggings,4,1499,0,5996.0,Card,4.4,Cancelled
ORD00318,2025-03-29,C1860,Male,36,Pune,Accessories,Scarf,4,2499,10,8996.4,Net Banking,4.3,Delivered
ORD00319,2025-04-24,C1363,Male,37,Bengaluru,Bottom,Trousers,2,2499,10,4498.2,Cash,4.5,Returned
ORD00320,2025-11-21,C1597,Male,48,Mumbai,Bottom,Trousers,3,1499,0,4497.0,UPI,4.2,Cancelled
ORD00321,2025-03-19,C1140,Male,39,Bengaluru,Shoes,Sandals,3,1499,0,4497.0,Net Banking,4.8,Delivered
ORD00322,2025-11-20,C1181,Female,21,Pune,Bottom,Trousers,2,2999,0,5998.0,Net Banking,4.2,Returned
ORD00323,2025-08-11,C1648,Female,43,Bengaluru,Top,T-Shirt,2,1499,0,2998.0,Net Banking,3.7,Returned
ORD00324,2025-06-14,C1775,Male,19,Chennai,Dress,Floral Dress,2,2499,10,4498.2,UPI,4.9,Cancelled
ORD00325,2025-09-15,C1602,Female,28,Pune,Top,T-Shirt,3,999,5,2847.15,UPI,3.7,Returned
ORD00326,2025-09-08,C1367,Male,28,Bengaluru,Bottom,Leggings,3,1499,5,4272.15,UPI,4.0,Delivered
ORD00327,2025-03-28,C1126,Female,20,Bengaluru,Top,Crop Top,2,799,0,1598.0,Cash,4.4,Cancelled
ORD00328,2025-01-11,C1049,Male,44,Bengaluru,Accessories,Handbag,1,2499,0,2499.0,Net Banking,4.5,Delivered
ORD00329,2025-12-18,C1645,Male,37,Bengaluru,Accessories,Watch,4,2499,5,9496.2,UPI,3.8,Cancelled
ORD00330,2025-11-13,C1120,Female,25,Pune,Accessories,Watch,2,1499,0,2998.0,Net Banking,4.3,Delivered
ORD00331,2025-07-03,C1720,Female,36,Mumbai,Accessories,Handbag,3,2999,20,7197.6,UPI,5.0,Cancelled
ORD00332,2025-12-10,C1091,Male,54,Chennai,Shoes,Sneakers,4,999,5,3796.2,Net Banking,3.5,Delivered
ORD00333,2025-11-26,C1236,Female,36,Delhi,Dress,Kurti,1,2499,0,2499.0,Net Banking,4.9,Delivered
ORD00334,2025-12-13,C1320,Female,25,Pune,Dress,Floral Dress,1,2999,10,2699.1,UPI,4.0,Delivered
ORD00335,2025-11-15,C1274,Male,41,Delhi,Top,Crop Top,2,999,10,1798.2,Card,4.8,Delivered
ORD00336,2025-09-02,C1819,Female,28,Pune,Shoes,Heels,4,999,15,3396.6,Card,4.5,Cancelled
ORD00337,2025-10-19,C1694,Female,29,Hyderabad,Dress,Floral Dress,1,1499,20,1199.2,Net Banking,4.2,Returned
ORD00338,2025-07-30,C1451,Male,22,Delhi,Accessories,Handbag,2,1499,15,2548.3,Cash,3.7,Delivered
ORD00339,2025-12-19,C1717,Male,45,Chennai,Accessories,Scarf,2,2499,10,4498.2,Card,4.3,Returned
ORD00340,2025-11-10,C1055,Male,28,Hyderabad,Bottom,Trousers,4,799,20,2556.8,Net Banking,4.8,Returned
ORD00341,2025-05-23,C1051,Male,53,Chennai,Top,T-Shirt,4,999,5,3796.2,Net Banking,4.0,Returned
ORD00342,2025-09-13,C1457,Female,25,Bengaluru,Top,T-Shirt,4,1499,20,4796.8,UPI,4.2,Delivered
ORD00343,2025-02-16,C1810,Female,50,Hyderabad,Shoes,Heels,1,1999,20,1599.2,Card,3.5,Cancelled
ORD00344,2025-08-21,C1339,Female,41,Chennai,Shoes,Heels,3,2999,0,8997.0,Net Banking,4.7,Delivered
ORD00345,2025-11-21,C1987,Female,53,Hyderabad,Dress,Kurti,2,499,10,898.2,Cash,4.0,Cancelled
ORD00346,2025-07-29,C1109,Female,30,Mumbai,Dress,Floral Dress,2,1499,5,2848.1,UPI,4.7,Returned
ORD00347,2025-08-01,C1047,Male,46,Bengaluru,Top,Shirt,2,2499,10,4498.2,Card,3.7,Returned
ORD00348,2025-09-05,C1946,Male,55,Mumbai,Dress,Kurti,1,1999,15,1699.15,Card,4.8,Delivered
ORD00349,2025-11-08,C1937,Male,35,Bengaluru,Shoes,Sandals,3,1999,15,5097.45,Cash,4.1,Returned
ORD00350,2025-09-20,C1306,Female,53,Chennai,Shoes,Sneakers,2,1499,20,2398.4,Card,4.6,Delivered
ORD00351,2025-03-09,C1727,Male,50,Hyderabad,Top,Crop Top,3,2499,10,6747.3,Cash,4.9,Cancelled
ORD00352,2025-12-30,C1427,Female,45,Pune,Dress,Maxi Dress,4,1999,20,6396.8,UPI,4.9,Delivered
ORD00353,2025-03-24,C1293,Female,27,Pune,Shoes,Sneakers,1,2499,0,2499.0,Cash,3.8,Delivered
ORD00354,2025-12-12,C1757,Male,53,Bengaluru,Accessories,Handbag,3,2999,15,7647.45,Card,3.7,Cancelled
ORD00355,2025-12-17,C1320,Male,18,Chennai,Bottom,Trousers,1,1499,15,1274.15,Cash,4.1,Delivered
ORD00356,2025-10-07,C1756,Male,30,Delhi,Accessories,Watch,2,2499,10,4498.2,Net Banking,4.6,Delivered
ORD00357,2025-01-21,C1438,Female,53,Delhi,Dress,Floral Dress,2,2499,20,3998.4,Card,3.7,Delivered
ORD00358,2025-03-21,C1040,Male,38,Hyderabad,Accessories,Watch,1,999,15,849.15,UPI,4.6,Cancelled
ORD00359,2025-02-07,C1802,Female,51,Mumbai,Accessories,Scarf,3,1499,20,3597.6,Card,4.3,Cancelled
ORD00360,2025-02-17,C1357,Male,31,Chennai,Dress,Kurti,2,1499,20,2398.4,Cash,4.3,Returned
ORD00361,2025-10-15,C1843,Male,25,Chennai,Bottom,Leggings,2,2999,20,4798.4,Cash,4.3,Returned
ORD00362,2025-02-28,C1395,Female,52,Chennai,Top,Crop Top,2,499,10,898.2,Cash,4.1,Delivered
ORD00363,2025-11-30,C1197,Female,50,Pune,Accessories,Watch,4,1499,0,5996.0,UPI,3.9,Delivered
ORD00364,2025-11-19,C1792,Male,45,Pune,Accessories,Scarf,1,2499,0,2499.0,Card,3.8,Cancelled
ORD00365,2025-06-19,C1038,Male,22,Pune,Shoes,Sandals,1,2499,5,2374.05,Card,3.5,Returned
ORD00366,2025-11-19,C1414,Female,38,Pune,Accessories,Handbag,2,999,15,1698.3,Net Banking,4.1,Cancelled
ORD00367,2025-10-27,C1046,Male,40,Hyderabad,Dress,Kurti,1,2499,20,1999.2,UPI,3.6,Returned
ORD00368,2025-12-05,C1031,Female,28,Hyderabad,Bottom,Trousers,1,999,15,849.15,Card,4.1,Delivered
ORD00369,2025-11-28,C1382,Male,53,Hyderabad,Shoes,Sandals,3,2499,5,7122.15,Card,3.9,Delivered
ORD00370,2025-06-06,C1215,Female,31,Bengaluru,Dress,Floral Dress,4,1999,20,6396.8,Card,4.9,Delivered
ORD00371,2025-10-18,C1872,Male,53,Bengaluru,Top,T-Shirt,3,799,0,2397.0,UPI,3.8,Returned
ORD00372,2025-06-19,C1365,Male,33,Pune,Dress,Maxi Dress,1,799,20,639.2,Cash,4.2,Cancelled
ORD00373,2025-12-04,C1313,Male,54,Hyderabad,Dress,Floral Dress,3,1499,15,3822.45,Cash,4.0,Returned
ORD00374,2025-12-31,C1757,Female,35,Delhi,Shoes,Sneakers,1,999,5,949.05,Card,4.7,Cancelled
ORD00375,2025-09-07,C1564,Male,29,Chennai,Bottom,Leggings,4,1499,10,5396.4,UPI,4.7,Returned
ORD00376,2025-01-10,C1869,Male,55,Hyderabad,Top,Crop Top,2,999,0,1998.0,Net Banking,4.6,Cancelled
ORD00377,2025-03-18,C1374,Female,32,Hyderabad,Top,T-Shirt,3,1999,20,4797.6,Cash,4.2,Delivered
ORD00378,2025-12-06,C1244,Male,50,Mumbai,Shoes,Sandals,1,1499,10,1349.1,Net Banking,4.3,Delivered
ORD00379,2025-01-21,C1224,Female,32,Pune,Top,Crop Top,2,2499,15,4248.3,Cash,4.9,Returned
ORD00380,2025-08-21,C1902,Male,20,Chennai,Top,T-Shirt,2,1999,10,3598.2,Cash,4.1,Delivered
ORD00381,2025-10-19,C1178,Female,42,Delhi,Accessories,Scarf,3,2999,10,8097.3,UPI,4.4,Cancelled
ORD00382,2025-06-26,C1498,Female,18,Hyderabad,Bottom,Leggings,2,1999,15,3398.3,Card,4.0,Returned
ORD00383,2025-04-06,C1161,Female,25,Chennai,Top,T-Shirt,1,1999,10,1799.1,Card,3.8,Returned
ORD00384,2025-10-30,C1165,Female,19,Mumbai,Bottom,Trousers,1,1499,15,1274.15,UPI,4.2,Delivered
ORD00385,2025-10-21,C1150,Male,28,Delhi,Accessories,Scarf,2,799,20,1278.4,Card,3.6,Cancelled
ORD00386,2025-04-21,C1459,Female,48,Mumbai,Shoes,Sandals,1,2499,10,2249.1,Card,4.9,Returned
ORD00387,2025-12-18,C1350,Female,55,Pune,Accessories,Handbag,2,1999,20,3198.4,Card,3.9,Returned
ORD00388,2025-09-16,C1700,Female,27,Hyderabad,Shoes,Sneakers,1,499,5,474.05,UPI,4.3,Delivered
ORD00389,2025-03-02,C1095,Female,26,Hyderabad,Shoes,Sandals,1,2999,20,2399.2,UPI,4.3,Cancelled
ORD00390,2025-08-08,C1234,Female,42,Delhi,Shoes,Sandals,4,999,0,3996.0,UPI,4.5,Returned
ORD00391,2025-02-12,C1290,Female,34,Mumbai,Top,Shirt,4,2999,5,11396.2,UPI,4.9,Cancelled
ORD00392,2025-04-16,C1704,Female,44,Delhi,Dress,Kurti,1,1999,0,1999.0,UPI,4.1,Delivered
ORD00393,2025-07-07,C1626,Female,43,Mumbai,Shoes,Sandals,3,999,20,2397.6,Net Banking,4.1,Cancelled
ORD00394,2025-05-10,C1314,Female,43,Chennai,Accessories,Watch,2,999,20,1598.4,Card,4.3,Cancelled
ORD00395,2025-09-18,C1410,Female,53,Hyderabad,Dress,Kurti,2,1499,5,2848.1,UPI,3.7,Delivered
ORD00396,2025-08-30,C1948,Female,23,Pune,Shoes,Sandals,1,2999,0,2999.0,Cash,4.7,Delivered
ORD00397,2025-07-25,C1628,Female,21,Mumbai,Bottom,Jeans,1,2499,15,2124.15,Net Banking,4.9,Returned
ORD00398,2025-09-19,C1528,Male,28,Chennai,Dress,Floral Dress,3,799,0,2397.0,UPI,4.7,Returned
ORD00399,2025-07-24,C1361,Female,43,Hyderabad,Top,Crop Top,1,799,0,799.0,Card,5.0,Cancelled
ORD00400,2025-10-14,C1936,Female,40,Delhi,Dress,Kurti,1,499,20,399.2,Card,3.9,Cancelled
ORD00401,2025-07-28,C1518,Male,53,Pune,Top,Shirt,4,1999,0,7996.0,Cash,3.9,Returned
ORD00402,2025-08-15,C1989,Female,54,Bengaluru,Dress,Kurti,3,1999,20,4797.6,Card,3.9,Returned
ORD00403,2025-05-13,C1069,Female,32,Chennai,Shoes,Sandals,4,1999,0,7996.0,Card,4.2,Returned
ORD00404,2025-02-17,C1408,Female,22,Hyderabad,Shoes,Heels,1,2499,10,2249.1,Card,3.9,Returned
ORD00405,2025-12-16,C1952,Male,49,Chennai,Bottom,Leggings,2,1999,10,3598.2,Card,3.8,Delivered
ORD00406,2025-11-13,C1364,Male,24,Pune,Top,Shirt,2,799,5,1518.1,UPI,4.8,Cancelled
ORD00407,2025-09-04,C1380,Female,49,Hyderabad,Shoes,Sandals,1,2999,20,2399.2,Cash,4.9,Returned
ORD00408,2025-03-07,C1055,Female,48,Hyderabad,Top,Crop Top,3,1499,5,4272.15,UPI,4.6,Cancelled
ORD00409,2025-08-24,C1323,Male,18,Chennai,Bottom,Leggings,2,1499,0,2998.0,Card,4.5,Returned
ORD00410,2025-04-06,C1561,Female,33,Delhi,Accessories,Handbag,3,999,20,2397.6,Net Banking,4.8,Cancelled
ORD00411,2025-12-25,C1770,Female,41,Bengaluru,Bottom,Leggings,2,1499,15,2548.3,Cash,3.8,Returned
ORD00412,2025-05-19,C1823,Male,53,Bengaluru,Top,Crop Top,2,1999,5,3798.1,Net Banking,4.7,Delivered
ORD00413,2025-09-13,C1137,Female,49,Delhi,Top,Crop Top,2,1499,0,2998.0,Cash,3.8,Cancelled
ORD00414,2025-05-11,C1487,Male,46,Chennai,Accessories,Handbag,4,499,5,1896.2,Cash,3.6,Returned
ORD00415,2025-06-29,C1888,Male,54,Hyderabad,Bottom,Leggings,3,999,0,2997.0,Card,4.1,Returned
ORD00416,2025-07-15,C1628,Female,47,Chennai,Bottom,Leggings,4,2999,15,10196.6,Card,4.8,Delivered
ORD00417,2025-06-25,C1233,Female,38,Chennai,Bottom,Leggings,4,2999,0,11996.0,Cash,3.6,Cancelled
ORD00418,2025-07-05,C1765,Female,44,Mumbai,Bottom,Trousers,4,999,15,3396.6,Card,4.7,Delivered
ORD00419,2025-12-25,C1767,Male,31,Mumbai,Top,Crop Top,2,2499,10,4498.2,Net Banking,4.9,Delivered
ORD00420,2025-07-23,C1536,Male,24,Delhi,Dress,Floral Dress,4,1999,0,7996.0,Card,3.5,Delivered
ORD00421,2025-03-06,C1134,Male,19,Pune,Shoes,Heels,2,799,10,1438.2,Cash,4.2,Returned
ORD00422,2025-12-24,C1552,Male,55,Hyderabad,Shoes,Heels,3,1999,15,5097.45,Net Banking,3.7,Cancelled
ORD00423,2025-02-15,C1452,Female,41,Bengaluru,Accessories,Watch,3,999,15,2547.45,Cash,4.3,Delivered
ORD00424,2025-08-29,C1547,Male,49,Bengaluru,Bottom,Jeans,1,1999,5,1899.05,Cash,4.0,Delivered
ORD00425,2025-04-07,C1421,Female,43,Mumbai,Shoes,Heels,2,2999,0,5998.0,Card,4.3,Cancelled
ORD00426,2025-05-03,C1529,Female,36,Chennai,Shoes,Heels,2,999,0,1998.0,Cash,4.1,Returned
ORD00427,2025-08-22,C1632,Female,35,Chennai,Top,T-Shirt,2,799,10,1438.2,Net Banking,3.7,Delivered
ORD00428,2025-02-22,C1288,Female,26,Chennai,Bottom,Jeans,2,499,20,798.4,Net Banking,3.5,Cancelled
ORD00429,2025-06-25,C1430,Female,49,Delhi,Dress,Floral Dress,1,799,0,799.0,Net Banking,4.2,Cancelled
ORD00430,2025-07-20,C1073,Female,29,Mumbai,Dress,Maxi Dress,1,2999,5,2849.05,Cash,3.6,Returned
ORD00431,2025-01-18,C1203,Female,24,Hyderabad,Dress,Floral Dress,2,1499,15,2548.3,Card,3.9,Returned
ORD00432,2025-01-22,C1762,Male,34,Bengaluru,Shoes,Sandals,3,999,5,2847.15,Cash,4.4,Delivered
ORD00433,2025-06-16,C1015,Male,35,Hyderabad,Bottom,Jeans,2,499,5,948.1,UPI,4.4,Returned
ORD00434,2025-03-21,C1380,Male,33,Mumbai,Top,T-Shirt,1,1999,15,1699.15,Net Banking,4.5,Delivered
ORD00435,2025-12-26,C1549,Male,26,Bengaluru,Accessories,Watch,1,499,10,449.1,Card,4.5,Returned
ORD00436,2025-01-11,C1705,Female,40,Chennai,Accessories,Scarf,3,2999,15,7647.45,Card,4.6,Returned
ORD00437,2025-09-08,C1194,Male,52,Delhi,Dress,Maxi Dress,4,1999,10,7196.4,Cash,4.3,Cancelled
ORD00438,2025-06-01,C1839,Female,52,Delhi,Shoes,Heels,2,499,20,798.4,Net Banking,3.7,Delivered
ORD00439,2025-11-14,C1244,Female,22,Chennai,Accessories,Watch,2,499,20,798.4,Net Banking,4.8,Delivered
ORD00440,2025-05-25,C1330,Female,38,Pune,Accessories,Scarf,4,2999,20,9596.8,UPI,3.7,Cancelled
ORD00441,2025-09-06,C1196,Male,20,Hyderabad,Dress,Floral Dress,2,799,0,1598.0,Net Banking,3.8,Cancelled
ORD00442,2025-02-06,C1013,Male,49,Pune,Shoes,Sandals,3,499,10,1347.3,Net Banking,3.8,Cancelled
ORD00443,2025-01-30,C1843,Female,51,Pune,Dress,Maxi Dress,4,2999,10,10796.4,UPI,4.7,Returned
ORD00444,2025-04-08,C1197,Male,54,Chennai,Dress,Floral Dress,1,499,5,474.05,Card,4.3,Cancelled
ORD00445,2025-08-23,C1719,Female,24,Mumbai,Accessories,Watch,1,2999,20,2399.2,Card,4.0,Cancelled
ORD00446,2025-11-04,C1453,Female,38,Hyderabad,Shoes,Sandals,3,2499,5,7122.15,Cash,4.3,Returned
ORD00447,2025-10-16,C1558,Male,42,Hyderabad,Shoes,Sandals,4,2999,10,10796.4,Cash,4.4,Returned
ORD00448,2025-11-02,C1016,Male,37,Pune,Shoes,Heels,4,499,0,1996.0,Cash,5.0,Delivered
ORD00449,2025-09-19,C1569,Male,24,Pune,Top,Shirt,1,2999,10,2699.1,Net Banking,4.9,Returned
ORD00450,2025-05-12,C1830,Female,23,Hyderabad,Top,T-Shirt,3,999,20,2397.6,Net Banking,3.9,Cancelled
ORD00451,2025-03-30,C1499,Male,37,Pune,Top,Crop Top,1,2499,10,2249.1,Net Banking,4.7,Delivered
ORD00452,2025-03-03,C1890,Male,18,Chennai,Dress,Maxi Dress,3,2999,15,7647.45,Net Banking,4.1,Delivered
ORD00453,2025-06-17,C1514,Male,27,Pune,Bottom,Trousers,1,999,20,799.2,Net Banking,4.3,Returned
ORD00454,2025-07-21,C1151,Male,39,Pune,Accessories,Scarf,1,799,15,679.15,Net Banking,3.9,Cancelled
ORD00455,2025-08-11,C1792,Male,26,Bengaluru,Dress,Kurti,4,999,0,3996.0,Card,4.1,Returned
ORD00456,2025-09-26,C1252,Male,22,Delhi,Shoes,Sandals,2,1999,20,3198.4,Net Banking,5.0,Returned
ORD00457,2025-06-28,C1195,Female,40,Hyderabad,Accessories,Handbag,1,2499,15,2124.15,UPI,4.1,Returned
ORD00458,2025-04-30,C1204,Female,27,Chennai,Top,Shirt,4,1999,5,7596.2,UPI,4.2,Delivered
ORD00459,2025-12-22,C1823,Male,37,Bengaluru,Dress,Floral Dress,2,2999,10,5398.2,Net Banking,3.5,Delivered
ORD00460,2025-05-13,C1561,Female,27,Chennai,Bottom,Jeans,2,799,20,1278.4,UPI,4.3,Returned
ORD00461,2025-04-13,C1808,Female,21,Bengaluru,Accessories,Scarf,1,999,5,949.05,UPI,3.6,Delivered
ORD00462,2025-01-10,C1299,Female,32,Bengaluru,Shoes,Sandals,3,2499,10,6747.3,UPI,4.8,Returned
ORD00463,2025-08-23,C1574,Male,20,Mumbai,Shoes,Sandals,1,799,5,759.05,Cash,4.3,Returned
ORD00464,2025-07-01,C1640,Female,33,Hyderabad,Shoes,Heels,2,499,10,898.2,Cash,4.5,Delivered
ORD00465,2025-06-24,C1918,Female,26,Pune,Bottom,Leggings,1,1999,10,1799.1,Net Banking,3.8,Cancelled
ORD00466,2025-08-07,C1993,Female,39,Bengaluru,Accessories,Scarf,2,1499,5,2848.1,Card,4.4,Delivered
ORD00467,2025-12-28,C1920,Male,45,Mumbai,Top,Crop Top,2,2999,5,5698.1,Card,4.0,Returned
ORD00468,2025-03-16,C1744,Male,38,Bengaluru,Dress,Kurti,1,799,10,719.1,Net Banking,4.8,Returned
ORD00469,2025-04-05,C1026,Female,54,Hyderabad,Shoes,Sandals,3,799,5,2277.15,Card,3.7,Cancelled
ORD00470,2025-09-02,C1137,Female,41,Mumbai,Top,T-Shirt,1,999,0,999.0,Net Banking,4.5,Returned
ORD00471,2025-01-08,C1947,Female,44,Mumbai,Shoes,Sneakers,2,799,5,1518.1,Card,3.5,Delivered
ORD00472,2025-06-16,C1887,Female,33,Bengaluru,Dress,Floral Dress,4,2999,20,9596.8,Net Banking,4.2,Delivered
ORD00473,2025-10-20,C1608,Male,51,Pune,Accessories,Scarf,4,2499,10,8996.4,Net Banking,4.1,Returned
ORD00474,2025-09-22,C1783,Male,30,Delhi,Dress,Floral Dress,4,2499,0,9996.0,Net Banking,4.3,Returned
ORD00475,2025-01-28,C1706,Male,47,Chennai,Bottom,Leggings,4,799,15,2716.6,Net Banking,3.9,Delivered
ORD00476,2025-12-23,C1559,Male,43,Bengaluru,Accessories,Handbag,2,2999,20,4798.4,Cash,4.9,Returned
ORD00477,2025-02-16,C1256,Female,28,Chennai,Dress,Floral Dress,4,1999,5,7596.2,UPI,4.8,Delivered
ORD00478,2025-12-29,C1393,Male,42,Hyderabad,Dress,Kurti,4,2499,10,8996.4,Net Banking,3.6,Delivered
ORD00479,2025-12-31,C1052,Female,37,Delhi,Top,Shirt,2,799,5,1518.1,Net Banking,3.8,Returned
ORD00480,2025-05-10,C1012,Female,49,Bengaluru,Top,T-Shirt,2,799,0,1598.0,UPI,4.4,Cancelled
ORD00481,2025-08-15,C1081,Male,33,Hyderabad,Shoes,Sneakers,2,1999,15,3398.3,Cash,4.2,Cancelled
ORD00482,2025-06-28,C1037,Male,20,Chennai,Accessories,Handbag,1,799,5,759.05,Cash,3.6,Returned
ORD00483,2025-05-26,C1625,Male,47,Chennai,Dress,Floral Dress,1,1499,5,1424.05,Cash,3.7,Delivered
ORD00484,2025-08-07,C1863,Male,36,Bengaluru,Dress,Maxi Dress,3,999,15,2547.45,Card,4.7,Delivered
ORD00485,2025-11-10,C1059,Male,54,Chennai,Bottom,Leggings,4,1999,5,7596.2,UPI,4.5,Returned
ORD00486,2025-05-13,C1538,Female,26,Hyderabad,Accessories,Scarf,3,1499,20,3597.6,Net Banking,4.8,Cancelled
ORD00487,2025-04-10,C1001,Male,19,Bengaluru,Shoes,Heels,2,1999,5,3798.1,UPI,4.6,Cancelled
ORD00488,2025-10-14,C1825,Male,18,Chennai,Top,Crop Top,4,1499,0,5996.0,Card,4.0,Cancelled
ORD00489,2025-06-15,C1785,Male,25,Chennai,Bottom,Leggings,1,999,10,899.1,Cash,4.3,Returned
ORD00490,2025-06-23,C1944,Female,48,Pune,Shoes,Sandals,1,2999,5,2849.05,Card,3.8,Returned
ORD00491,2025-08-25,C1802,Female,21,Hyderabad,Top,Crop Top,4,2999,20,9596.8,Cash,4.8,Cancelled
ORD00492,2025-07-01,C1067,Male,35,Pune,Bottom,Trousers,1,799,20,639.2,Cash,4.5,Returned
ORD00493,2025-06-07,C1722,Female,20,Delhi,Accessories,Handbag,4,799,20,2556.8,Net Banking,3.7,Delivered
ORD00494,2025-06-04,C1179,Male,41,Pune,Shoes,Sneakers,3,1499,10,4047.3,Card,3.8,Delivered
ORD00495,2025-03-20,C1194,Female,48,Chennai,Shoes,Sandals,1,2999,15,2549.15,Cash,4.9,Returned
ORD00496,2025-09-25,C1118,Male,37,Pune,Top,T-Shirt,2,799,0,1598.0,UPI,4.2,Returned
ORD00497,2025-06-09,C1654,Male,38,Mumbai,Shoes,Sneakers,1,1999,10,1799.1,Card,3.5,Returned
ORD00498,2025-05-20,C1152,Male,35,Pune,Bottom,Trousers,3,2999,15,7647.45,UPI,4.5,Cancelled
ORD00499,2025-06-13,C1277,Male,36,Hyderabad,Accessories,Scarf,1,799,20,639.2,Card,4.0,Delivered
ORD00500,2025-01-15,C1482,Male,24,Bengaluru,Dress,Maxi Dress,3,1999,15,5097.45,UPI,3.6,Delivered
ORD00501,2025-11-19,C1856,Female,40,Delhi,Shoes,Heels,2,2499,20,3998.4,Cash,4.8,Delivered
ORD00502,2025-12-24,C1479,Male,47,Delhi,Accessories,Handbag,4,1999,5,7596.2,Net Banking,3.6,Returned
ORD00503,2025-07-06,C1401,Male,39,Delhi,Top,T-Shirt,2,2999,20,4798.4,Net Banking,3.9,Returned
ORD00504,2025-03-29,C1289,Female,54,Mumbai,Dress,Floral Dress,4,499,10,1796.4,UPI,4.2,Returned
ORD00505,2025-07-25,C1604,Female,33,Hyderabad,Dress,Maxi Dress,1,2999,10,2699.1,Card,4.3,Cancelled
ORD00506,2025-12-22,C1605,Female,45,Hyderabad,Top,Shirt,4,499,10,1796.4,Cash,3.8,Cancelled
ORD00507,2025-02-28,C1606,Female,38,Hyderabad,Top,T-Shirt,1,2499,20,1999.2,UPI,4.8,Returned
ORD00508,2025-11-02,C1789,Female,38,Bengaluru,Top,Shirt,4,499,20,1596.8,UPI,3.7,Delivered
ORD00509,2025-08-20,C1544,Female,42,Hyderabad,Top,T-Shirt,1,2999,5,2849.05,Net Banking,4.5,Delivered
ORD00510,2025-12-14,C1311,Female,40,Pune,Top,Crop Top,3,999,20,2397.6,UPI,4.7,Cancelled
ORD00511,2025-10-09,C1991,Male,18,Chennai,Accessories,Watch,2,2999,10,5398.2,Cash,3.6,Delivered
ORD00512,2025-06-12,C1728,Female,43,Bengaluru,Bottom,Jeans,2,1499,20,2398.4,Net Banking,4.1,Cancelled
ORD00513,2025-07-16,C1863,Female,44,Mumbai,Top,Crop Top,2,1499,5,2848.1,Cash,3.8,Cancelled
ORD00514,2025-09-07,C1673,Female,26,Pune,Top,T-Shirt,1,499,0,499.0,Card,3.7,Cancelled
ORD00515,2025-08-06,C1565,Female,42,Delhi,Shoes,Heels,4,1999,5,7596.2,Card,4.2,Delivered
ORD00516,2025-05-02,C1729,Female,44,Hyderabad,Shoes,Sandals,1,1999,15,1699.15,Cash,4.8,Delivered
ORD00517,2025-09-04,C1984,Male,27,Chennai,Dress,Kurti,4,2499,10,8996.4,Cash,3.7,Returned
ORD00518,2025-12-06,C1983,Male,52,Hyderabad,Accessories,Handbag,1,799,15,679.15,Cash,4.4,Cancelled
ORD00519,2025-08-29,C1587,Female,44,Delhi,Dress,Maxi Dress,1,1499,15,1274.15,Cash,4.3,Returned
ORD00520,2025-11-19,C1484,Male,54,Pune,Top,T-Shirt,3,2499,20,5997.6,Cash,3.9,Cancelled
ORD00521,2025-02-09,C1871,Female,34,Mumbai,Accessories,Handbag,3,1499,0,4497.0,Cash,3.7,Returned
ORD00522,2025-03-19,C1674,Female,41,Mumbai,Bottom,Jeans,1,1999,5,1899.05,Cash,4.9,Cancelled
ORD00523,2025-06-25,C1086,Male,27,Bengaluru,Top,Shirt,2,2999,20,4798.4,Net Banking,4.8,Returned
ORD00524,2025-06-26,C1055,Female,25,Pune,Top,Crop Top,4,2499,5,9496.2,Card,3.8,Returned
ORD00525,2025-12-16,C1722,Female,48,Delhi,Shoes,Heels,3,1499,20,3597.6,Card,3.9,Cancelled
ORD00526,2025-06-11,C1984,Male,24,Hyderabad,Shoes,Sneakers,3,2999,15,7647.45,Cash,4.1,Returned
ORD00527,2025-02-20,C1261,Female,47,Chennai,Accessories,Scarf,3,999,10,2697.3,Card,3.9,Cancelled
ORD00528,2025-01-06,C1688,Male,22,Pune,Accessories,Handbag,3,2499,5,7122.15,Net Banking,4.0,Delivered
ORD00529,2025-05-09,C1197,Male,19,Hyderabad,Accessories,Handbag,4,999,5,3796.2,UPI,4.6,Delivered
ORD00530,2025-03-03,C1088,Male,42,Chennai,Accessories,Scarf,2,1999,0,3998.0,Card,4.6,Delivered
ORD00531,2025-05-22,C1787,Female,38,Delhi,Top,Shirt,3,1499,0,4497.0,Card,4.5,Delivered
ORD00532,2025-05-13,C1978,Female,29,Bengaluru,Bottom,Jeans,4,1499,10,5396.4,UPI,5.0,Returned
ORD00533,2025-10-04,C1787,Female,31,Hyderabad,Top,Crop Top,4,799,15,2716.6,UPI,3.7,Returned
ORD00534,2025-05-09,C1795,Female,19,Bengaluru,Bottom,Jeans,1,499,0,499.0,Card,4.4,Cancelled
ORD00535,2025-07-20,C1588,Male,50,Chennai,Dress,Floral Dress,4,999,5,3796.2,Net Banking,4.6,Returned
ORD00536,2025-12-19,C1837,Female,25,Hyderabad,Shoes,Heels,1,1999,5,1899.05,Cash,3.5,Returned
ORD00537,2025-06-24,C1082,Female,36,Chennai,Bottom,Leggings,1,2499,0,2499.0,Card,4.0,Delivered
ORD00538,2025-07-19,C1917,Male,40,Bengaluru,Accessories,Handbag,4,2499,5,9496.2,UPI,3.9,Cancelled
ORD00539,2025-10-31,C1244,Female,42,Pune,Shoes,Sandals,2,799,0,1598.0,Cash,3.8,Returned
ORD00540,2025-01-22,C1415,Male,31,Chennai,Accessories,Watch,1,499,10,449.1,Net Banking,3.6,Cancelled
ORD00541,2025-09-08,C1669,Male,48,Hyderabad,Accessories,Handbag,2,499,0,998.0,UPI,4.6,Delivered
ORD00542,2025-02-19,C1467,Male,55,Pune,Top,T-Shirt,2,2499,0,4998.0,UPI,4.9,Delivered
ORD00543,2025-12-14,C1411,Female,25,Chennai,Shoes,Sandals,2,499,5,948.1,Card,4.1,Returned
ORD00544,2025-03-14,C1775,Female,28,Chennai,Top,T-Shirt,2,999,0,1998.0,Cash,3.7,Cancelled
ORD00545,2025-11-20,C1627,Female,28,Pune,Top,Shirt,2,1999,0,3998.0,Net Banking,3.7,Delivered
ORD00546,2025-08-02,C1710,Female,26,Mumbai,Dress,Floral Dress,2,499,20,798.4,Card,4.8,Cancelled
ORD00547,2025-11-09,C1708,Male,29,Chennai,Bottom,Trousers,4,1499,5,5696.2,Net Banking,4.9,Cancelled
ORD00548,2025-05-01,C1196,Male,51,Pune,Dress,Kurti,3,999,15,2547.45,Cash,3.5,Cancelled
ORD00549,2025-04-10,C1115,Male,48,Bengaluru,Accessories,Handbag,4,2999,5,11396.2,Card,3.9,Delivered
ORD00550,2025-06-21,C1631,Female,20,Pune,Dress,Floral Dress,3,999,5,2847.15,UPI,4.2,Cancelled
ORD00551,2025-05-01,C1738,Female,55,Hyderabad,Top,T-Shirt,1,1499,20,1199.2,Cash,3.7,Returned
ORD00552,2025-02-20,C1242,Female,30,Bengaluru,Top,Crop Top,3,799,0,2397.0,Card,4.0,Delivered
ORD00553,2025-11-09,C1465,Male,42,Delhi,Shoes,Sandals,4,499,15,1696.6,Card,3.7,Returned
ORD00554,2025-01-17,C1708,Male,35,Mumbai,Top,Crop Top,3,999,5,2847.15,UPI,4.0,Returned
ORD00555,2025-06-01,C1618,Male,28,Hyderabad,Shoes,Heels,2,2999,10,5398.2,Card,3.8,Delivered
ORD00556,2025-08-25,C1285,Male,45,Chennai,Shoes,Sandals,4,2999,5,11396.2,Card,4.4,Delivered
ORD00557,2025-01-03,C1427,Male,20,Bengaluru,Bottom,Leggings,2,1999,5,3798.1,UPI,4.9,Returned
ORD00558,2025-05-04,C1085,Male,44,Mumbai,Accessories,Watch,4,2999,0,11996.0,Card,4.2,Returned
ORD00559,2025-03-24,C1720,Female,54,Chennai,Bottom,Jeans,1,499,15,424.15,UPI,4.5,Returned
ORD00560,2025-12-27,C1648,Male,22,Bengaluru,Shoes,Sneakers,4,799,10,2876.4,Cash,4.4,Cancelled
ORD00561,2025-11-10,C1555,Male,23,Hyderabad,Dress,Maxi Dress,4,2999,10,10796.4,Cash,4.5,Cancelled
ORD00562,2025-08-27,C1633,Male,41,Delhi,Dress,Kurti,3,499,0,1497.0,Card,4.1,Cancelled
ORD00563,2025-06-21,C1244,Male,48,Chennai,Accessories,Scarf,1,1999,5,1899.05,Card,3.7,Cancelled
ORD00564,2025-05-22,C1055,Male,41,Delhi,Top,Shirt,3,999,20,2397.6,Net Banking,4.5,Returned
ORD00565,2025-09-30,C1921,Female,46,Hyderabad,Accessories,Scarf,1,1499,20,1199.2,Cash,4.5,Cancelled
ORD00566,2025-04-02,C1295,Male,24,Mumbai,Dress,Floral Dress,4,499,0,1996.0,Cash,4.1,Delivered
ORD00567,2025-11-18,C1023,Female,44,Chennai,Top,Shirt,2,2999,5,5698.1,Card,4.3,Returned
ORD00568,2025-02-02,C1022,Male,51,Chennai,Bottom,Leggings,4,2499,0,9996.0,Cash,3.9,Returned
ORD00569,2025-09-29,C1862,Female,47,Delhi,Accessories,Watch,3,1499,20,3597.6,Card,4.5,Returned
ORD00570,2025-01-25,C1151,Female,36,Bengaluru,Top,Shirt,2,1499,10,2698.2,Card,5.0,Cancelled
ORD00571,2025-12-21,C1926,Male,28,Mumbai,Top,Crop Top,3,799,5,2277.15,UPI,4.8,Delivered
ORD00572,2025-04-16,C1575,Male,38,Delhi,Bottom,Trousers,2,1499,10,2698.2,Card,4.1,Returned
ORD00573,2025-01-13,C1414,Female,27,Bengaluru,Shoes,Sandals,2,1999,10,3598.2,Cash,3.7,Delivered
ORD00574,2025-05-29,C1992,Male,54,Chennai,Dress,Kurti,3,2499,10,6747.3,Net Banking,4.2,Returned
ORD00575,2025-03-01,C1315,Male,43,Hyderabad,Dress,Kurti,4,499,5,1896.2,Card,4.5,Returned
ORD00576,2025-10-26,C1539,Male,35,Mumbai,Bottom,Jeans,3,499,20,1197.6,UPI,4.5,Delivered
ORD00577,2025-06-12,C1617,Male,41,Bengaluru,Accessories,Watch,1,1999,15,1699.15,Card,3.8,Cancelled
ORD00578,2025-06-29,C1315,Female,53,Pune,Shoes,Heels,4,999,0,3996.0,Card,3.9,Cancelled
ORD00579,2025-08-06,C1746,Female,26,Hyderabad,Shoes,Sandals,4,2999,15,10196.6,UPI,3.9,Delivered
ORD00580,2025-02-03,C1955,Female,23,Pune,Top,Shirt,4,2999,20,9596.8,Net Banking,5.0,Cancelled
ORD00581,2025-03-12,C1204,Male,42,Delhi,Bottom,Leggings,2,1999,15,3398.3,Net Banking,4.6,Delivered
ORD00582,2025-04-25,C1027,Male,27,Delhi,Bottom,Trousers,3,1499,20,3597.6,Cash,4.6,Cancelled
ORD00583,2025-12-19,C1660,Male,19,Pune,Shoes,Sneakers,3,1499,5,4272.15,Cash,4.2,Returned
ORD00584,2025-05-13,C1643,Female,25,Delhi,Dress,Kurti,3,1999,15,5097.45,UPI,4.3,Returned
ORD00585,2025-12-21,C1138,Female,28,Pune,Top,Crop Top,1,799,10,719.1,Cash,4.2,Returned
ORD00586,2025-11-24,C1958,Male,50,Mumbai,Shoes,Sandals,3,499,10,1347.3,Card,3.9,Delivered
ORD00587,2025-12-17,C1819,Female,35,Chennai,Accessories,Handbag,3,2999,10,8097.3,Cash,4.7,Delivered
ORD00588,2025-09-23,C1288,Female,49,Bengaluru,Accessories,Scarf,3,2999,5,8547.15,Cash,3.5,Delivered
ORD00589,2025-10-14,C1628,Male,44,Bengaluru,Dress,Floral Dress,2,1999,5,3798.1,UPI,4.7,Delivered
ORD00590,2025-03-13,C1836,Female,51,Delhi,Top,T-Shirt,4,999,10,3596.4,Card,4.5,Cancelled
ORD00591,2025-03-14,C1704,Male,37,Mumbai,Bottom,Jeans,1,799,5,759.05,Card,4.8,Delivered
ORD00592,2025-08-09,C1043,Male,24,Pune,Dress,Maxi Dress,1,499,0,499.0,UPI,4.7,Returned
ORD00593,2025-02-19,C1801,Male,31,Hyderabad,Dress,Maxi Dress,1,499,10,449.1,Card,4.5,Delivered
ORD00594,2025-06-28,C1360,Male,50,Chennai,Bottom,Jeans,1,799,10,719.1,Card,4.9,Cancelled
ORD00595,2025-09-28,C1222,Male,36,Mumbai,Accessories,Handbag,1,2999,20,2399.2,UPI,4.6,Cancelled
ORD00596,2025-12-11,C1980,Male,29,Delhi,Dress,Floral Dress,4,999,20,3196.8,Net Banking,3.8,Returned
ORD00597,2025-06-10,C1126,Female,25,Hyderabad,Top,Crop Top,2,1499,0,2998.0,Card,4.6,Returned
ORD00598,2025-09-10,C1118,Female,36,Bengaluru,Bottom,Trousers,3,1999,0,5997.0,Cash,3.6,Cancelled
ORD00599,2025-02-05,C1916,Female,41,Mumbai,Shoes,Sneakers,4,999,15,3396.6,UPI,3.8,Cancelled
ORD00600,2025-12-13,C1087,Male,27,Bengaluru,Shoes,Sandals,1,1499,15,1274.15,Net Banking,4.3,Cancelled
ORD00601,2025-06-23,C1205,Female,25,Mumbai,Accessories,Handbag,2,499,10,898.2,Net Banking,5.0,Cancelled
ORD00602,2025-12-08,C1617,Female,49,Hyderabad,Shoes,Heels,3,2999,15,7647.45,Cash,4.0,Delivered
ORD00603,2025-11-18,C1965,Male,19,Pune,Shoes,Sneakers,1,999,15,849.15,UPI,4.2,Delivered
ORD00604,2025-06-17,C1156,Female,24,Pune,Shoes,Sandals,1,799,15,679.15,Net Banking,4.4,Returned
ORD00605,2025-06-25,C1828,Male,20,Bengaluru,Top,Shirt,4,1499,20,4796.8,UPI,3.9,Returned
ORD00606,2025-04-01,C1570,Female,28,Bengaluru,Shoes,Heels,4,1499,15,5096.6,Net Banking,3.6,Delivered
ORD00607,2025-09-09,C1675,Female,48,Hyderabad,Bottom,Trousers,4,1499,0,5996.0,Card,4.4,Cancelled
ORD00608,2025-11-12,C1692,Female,36,Delhi,Dress,Maxi Dress,3,1499,20,3597.6,UPI,5.0,Delivered
ORD00609,2025-10-26,C1027,Female,42,Pune,Accessories,Handbag,2,2999,10,5398.2,Net Banking,4.0,Returned
ORD00610,2025-11-28,C1319,Male,22,Delhi,Bottom,Leggings,3,499,5,1422.15,UPI,3.9,Returned
ORD00611,2025-08-05,C1581,Female,35,Pune,Top,T-Shirt,3,499,15,1272.45,Net Banking,4.5,Cancelled
ORD00612,2025-02-20,C1827,Female,24,Chennai,Dress,Maxi Dress,4,1999,15,6796.6,Card,4.0,Returned
ORD00613,2025-08-12,C1206,Female,22,Hyderabad,Shoes,Sandals,3,799,20,1917.6,Card,3.9,Returned
ORD00614,2025-11-16,C1760,Male,55,Pune,Bottom,Jeans,3,1999,15,5097.45,Cash,4.7,Returned
ORD00615,2025-02-09,C1667,Female,50,Delhi,Dress,Kurti,4,1499,5,5696.2,Net Banking,4.0,Cancelled
ORD00616,2025-09-21,C1464,Male,19,Chennai,Accessories,Watch,2,1499,15,2548.3,Card,3.9,Cancelled
ORD00617,2025-08-11,C1957,Male,51,Mumbai,Shoes,Sneakers,4,999,20,3196.8,Cash,4.7,Returned
ORD00618,2025-07-30,C1326,Male,31,Bengaluru,Top,T-Shirt,2,2499,10,4498.2,Cash,4.8,Returned
ORD00619,2025-04-09,C1028,Male,37,Bengaluru,Top,Shirt,2,1499,5,2848.1,Net Banking,3.7,Cancelled
ORD00620,2025-01-15,C1264,Female,53,Mumbai,Shoes,Heels,1,799,5,759.05,UPI,3.9,Cancelled
ORD00621,2025-06-02,C1887,Male,44,Delhi,Shoes,Sneakers,1,2999,0,2999.0,UPI,4.0,Returned
ORD00622,2025-09-25,C1680,Female,49,Pune,Top,T-Shirt,1,1999,20,1599.2,Card,4.9,Cancelled
ORD00623,2025-05-01,C1957,Female,31,Mumbai,Dress,Maxi Dress,3,2999,20,7197.6,UPI,4.6,Delivered
ORD00624,2025-01-29,C1502,Female,25,Delhi,Top,Shirt,4,1499,10,5396.4,Net Banking,4.8,Returned
ORD00625,2025-06-07,C1021,Male,21,Chennai,Top,Shirt,2,999,15,1698.3,Card,4.6,Returned
ORD00626,2025-12-17,C1124,Male,46,Bengaluru,Accessories,Watch,3,2499,10,6747.3,UPI,4.9,Returned
ORD00627,2025-03-24,C1937,Female,38,Chennai,Bottom,Leggings,1,2999,5,2849.05,Net Banking,3.9,Delivered
ORD00628,2025-06-20,C1734,Female,24,Mumbai,Bottom,Jeans,4,1499,15,5096.6,Cash,4.9,Cancelled
ORD00629,2025-08-21,C1711,Male,21,Chennai,Dress,Maxi Dress,4,1999,20,6396.8,Card,4.6,Cancelled
ORD00630,2025-06-06,C1321,Male,25,Mumbai,Shoes,Sandals,2,499,15,848.3,Card,3.8,Cancelled
ORD00631,2025-03-10,C1266,Male,55,Delhi,Top,Crop Top,4,2999,10,10796.4,Cash,4.2,Delivered
ORD00632,2025-10-20,C1229,Male,19,Hyderabad,Dress,Maxi Dress,3,799,15,2037.45,Card,4.8,Delivered
ORD00633,2025-11-13,C1439,Female,27,Pune,Shoes,Sneakers,3,2499,5,7122.15,Cash,3.6,Delivered
ORD00634,2025-08-21,C1847,Female,25,Mumbai,Accessories,Handbag,1,2499,20,1999.2,Card,4.2,Delivered
ORD00635,2025-04-16,C1614,Male,36,Chennai,Bottom,Leggings,4,1499,5,5696.2,Card,4.1,Returned
ORD00636,2025-05-01,C1632,Female,33,Delhi,Top,Shirt,2,499,10,898.2,Net Banking,5.0,Delivered
ORD00637,2025-07-23,C1703,Male,42,Chennai,Dress,Maxi Dress,2,2999,10,5398.2,Net Banking,5.0,Cancelled
ORD00638,2025-06-20,C1953,Male,48,Delhi,Accessories,Watch,1,499,20,399.2,UPI,3.6,Delivered
ORD00639,2025-03-09,C1991,Male,55,Mumbai,Bottom,Trousers,4,999,15,3396.6,Cash,4.5,Delivered
ORD00640,2025-12-30,C1543,Female,27,Delhi,Accessories,Watch,3,1499,5,4272.15,UPI,3.6,Returned
ORD00641,2025-08-09,C1289,Female,34,Hyderabad,Dress,Floral Dress,4,2999,10,10796.4,Cash,4.6,Returned
ORD00642,2025-12-03,C1651,Female,21,Mumbai,Top,Shirt,4,2999,5,11396.2,Card,4.3,Delivered
ORD00643,2025-08-28,C1446,Male,49,Pune,Top,T-Shirt,1,1499,10,1349.1,Net Banking,3.7,Returned
ORD00644,2025-03-17,C1126,Female,23,Mumbai,Accessories,Watch,4,1499,0,5996.0,Cash,4.8,Delivered
ORD00645,2025-01-03,C1538,Male,44,Pune,Top,Crop Top,3,1999,20,4797.6,Card,3.8,Returned
ORD00646,2025-10-30,C1951,Male,38,Mumbai,Dress,Maxi Dress,1,999,0,999.0,UPI,4.1,Delivered
ORD00647,2025-01-03,C1337,Male,46,Delhi,Shoes,Sandals,4,1499,10,5396.4,Card,4.4,Delivered
ORD00648,2025-10-08,C1974,Female,23,Bengaluru,Dress,Kurti,3,999,0,2997.0,Cash,4.6,Delivered
ORD00649,2025-07-26,C1291,Male,25,Delhi,Top,Shirt,1,499,5,474.05,Net Banking,3.7,Returned
ORD00650,2025-09-20,C1204,Female,46,Bengaluru,Bottom,Trousers,2,999,0,1998.0,Net Banking,4.7,Returned
ORD00651,2025-11-11,C1190,Female,45,Pune,Accessories,Scarf,4,499,15,1696.6,UPI,4.7,Cancelled
ORD00652,2025-09-27,C1644,Male,36,Bengaluru,Bottom,Leggings,2,2499,5,4748.1,Net Banking,4.9,Delivered
ORD00653,2025-09-25,C1437,Female,54,Pune,Shoes,Heels,2,799,10,1438.2,UPI,4.8,Delivered
ORD00654,2025-10-19,C1832,Female,40,Delhi,Accessories,Handbag,4,1499,0,5996.0,UPI,4.2,Cancelled
ORD00655,2025-01-24,C1085,Female,37,Delhi,Dress,Floral Dress,4,799,5,3036.2,Net Banking,4.8,Cancelled
ORD00656,2025-02-10,C1764,Female,24,Bengaluru,Shoes,Sandals,3,999,5,2847.15,UPI,3.8,Delivered
ORD00657,2025-07-27,C1889,Female,37,Hyderabad,Shoes,Sneakers,1,799,15,679.15,Cash,4.2,Cancelled
ORD00658,2025-02-27,C1835,Male,30,Pune,Shoes,Heels,1,799,5,759.05,Card,3.5,Returned
ORD00659,2025-06-04,C1788,Female,27,Bengaluru,Top,Crop Top,2,1499,20,2398.4,Net Banking,3.8,Delivered
ORD00660,2025-08-30,C1020,Female,55,Mumbai,Dress,Floral Dress,2,2499,15,4248.3,Card,4.9,Returned
ORD00661,2025-08-10,C1425,Female,55,Hyderabad,Accessories,Watch,1,999,0,999.0,Cash,3.7,Delivered
ORD00662,2025-12-14,C1926,Female,32,Chennai,Shoes,Heels,4,1999,20,6396.8,UPI,4.6,Cancelled
ORD00663,2025-11-28,C1427,Female,25,Bengaluru,Dress,Maxi Dress,3,1999,0,5997.0,Cash,3.9,Returned
ORD00664,2025-08-13,C1237,Male,55,Chennai,Shoes,Sneakers,2,999,5,1898.1,Cash,4.2,Cancelled
ORD00665,2025-12-11,C1668,Female,48,Mumbai,Shoes,Sneakers,3,2499,15,6372.45,Card,4.9,Returned
ORD00666,2025-11-07,C1503,Male,44,Bengaluru,Dress,Kurti,4,799,5,3036.2,Cash,3.8,Delivered
ORD00667,2025-07-02,C1693,Male,29,Hyderabad,Top,Crop Top,1,499,10,449.1,UPI,4.8,Delivered
ORD00668,2025-04-25,C1498,Female,39,Delhi,Bottom,Leggings,1,1999,5,1899.05,UPI,3.7,Cancelled
ORD00669,2025-08-13,C1818,Female,25,Pune,Bottom,Jeans,1,2499,0,2499.0,UPI,4.9,Cancelled
ORD00670,2025-07-05,C1160,Female,46,Hyderabad,Dress,Kurti,1,799,0,799.0,Net Banking,4.8,Cancelled
ORD00671,2025-04-14,C1449,Female,18,Mumbai,Dress,Floral Dress,3,999,5,2847.15,Net Banking,3.7,Returned
ORD00672,2025-08-01,C1369,Male,27,Hyderabad,Bottom,Trousers,2,499,10,898.2,Net Banking,4.1,Delivered
ORD00673,2025-09-22,C1813,Female,19,Bengaluru,Top,Shirt,4,1499,15,5096.6,Card,4.9,Delivered
ORD00674,2025-03-26,C1444,Male,43,Pune,Accessories,Handbag,1,999,10,899.1,Card,4.1,Cancelled
ORD00675,2025-12-25,C1566,Female,38,Delhi,Dress,Kurti,3,1499,15,3822.45,UPI,4.8,Returned
ORD00676,2025-04-16,C1908,Female,40,Chennai,Accessories,Scarf,2,2499,15,4248.3,Net Banking,4.2,Delivered
ORD00677,2025-03-06,C1532,Female,31,Pune,Bottom,Jeans,1,1999,10,1799.1,Cash,4.1,Cancelled
ORD00678,2025-10-04,C1606,Female,33,Delhi,Bottom,Trousers,2,499,0,998.0,Net Banking,4.8,Cancelled
ORD00679,2025-09-17,C1362,Male,21,Chennai,Dress,Kurti,1,2999,10,2699.1,UPI,3.9,Returned
ORD00680,2025-10-25,C1579,Male,40,Delhi,Bottom,Trousers,1,1499,10,1349.1,Cash,5.0,Cancelled
ORD00681,2025-05-07,C1107,Female,51,Hyderabad,Accessories,Scarf,2,2499,15,4248.3,Card,4.3,Returned
ORD00682,2025-02-11,C1094,Male,45,Mumbai,Shoes,Sneakers,2,2499,15,4248.3,Net Banking,4.7,Delivered
ORD00683,2025-10-14,C1531,Female,34,Hyderabad,Shoes,Sneakers,3,2499,20,5997.6,Net Banking,4.1,Cancelled
ORD00684,2025-03-15,C1517,Male,49,Chennai,Shoes,Heels,4,2499,15,8496.6,Net Banking,4.7,Delivered
ORD00685,2025-01-17,C1764,Male,53,Delhi,Accessories,Scarf,1,2499,5,2374.05,UPI,4.2,Cancelled
ORD00686,2025-09-25,C1156,Male,41,Delhi,Shoes,Sneakers,1,999,20,799.2,Cash,3.9,Returned
ORD00687,2025-10-29,C1431,Male,37,Delhi,Bottom,Leggings,1,2999,5,2849.05,Card,3.7,Delivered
ORD00688,2025-01-23,C1427,Female,54,Delhi,Shoes,Sneakers,1,1999,10,1799.1,Net Banking,3.6,Returned
ORD00689,2025-08-24,C1779,Female,46,Mumbai,Shoes,Heels,2,2999,5,5698.1,Cash,4.3,Delivered
ORD00690,2025-06-23,C1553,Male,46,Chennai,Accessories,Scarf,4,1499,5,5696.2,Cash,4.9,Cancelled
ORD00691,2025-03-05,C1659,Male,30,Hyderabad,Dress,Floral Dress,1,1999,10,1799.1,UPI,4.3,Cancelled
ORD00692,2025-09-30,C1184,Male,35,Mumbai,Accessories,Handbag,4,1999,0,7996.0,Card,3.7,Cancelled
ORD00693,2025-07-25,C1603,Male,49,Pune,Accessories,Watch,1,2999,20,2399.2,Cash,4.4,Returned
ORD00694,2025-05-12,C1093,Male,24,Hyderabad,Top,Shirt,1,2999,20,2399.2,Card,4.0,Returned
ORD00695,2025-07-28,C1694,Male,21,Hyderabad,Top,T-Shirt,3,2999,0,8997.0,Cash,3.7,Delivered
ORD00696,2025-03-14,C1422,Female,34,Bengaluru,Dress,Kurti,1,999,15,849.15,UPI,3.6,Delivered
ORD00697,2025-07-17,C1972,Male,35,Pune,Top,T-Shirt,2,1499,20,2398.4,Cash,4.6,Returned
ORD00698,2025-04-30,C1935,Male,35,Hyderabad,Accessories,Watch,1,1499,0,1499.0,UPI,4.1,Delivered
ORD00699,2025-02-12,C1866,Male,27,Delhi,Accessories,Scarf,2,999,20,1598.4,Card,4.1,Delivered
ORD00700,2025-11-14,C1296,Male,18,Pune,Accessories,Watch,4,499,0,1996.0,Net Banking,4.7,Returned
ORD00701,2025-09-19,C1288,Male,28,Chennai,Accessories,Watch,4,999,5,3796.2,UPI,4.4,Returned
ORD00702,2025-05-24,C1899,Female,31,Hyderabad,Dress,Maxi Dress,1,2999,5,2849.05,Cash,4.6,Cancelled
ORD00703,2025-12-06,C1329,Female,31,Bengaluru,Bottom,Trousers,3,2999,15,7647.45,Cash,3.9,Delivered
ORD00704,2025-01-05,C1688,Male,44,Hyderabad,Top,Crop Top,1,1999,15,1699.15,Net Banking,3.5,Returned
ORD00705,2025-12-10,C1455,Male,40,Bengaluru,Accessories,Handbag,1,1999,0,1999.0,Cash,4.8,Returned
ORD00706,2025-04-09,C1455,Male,32,Chennai,Top,Crop Top,1,499,15,424.15,UPI,4.1,Returned
ORD00707,2025-04-24,C1239,Female,41,Pune,Bottom,Jeans,1,2999,20,2399.2,Cash,4.4,Returned
ORD00708,2025-05-23,C1582,Female,28,Hyderabad,Accessories,Handbag,1,799,15,679.15,Card,3.7,Cancelled
ORD00709,2025-02-03,C1130,Female,54,Mumbai,Accessories,Scarf,2,499,20,798.4,Cash,3.7,Delivered
ORD00710,2025-01-02,C1960,Female,21,Delhi,Dress,Kurti,3,2499,20,5997.6,Net Banking,4.8,Returned
ORD00711,2025-01-23,C1905,Male,21,Delhi,Bottom,Jeans,4,1499,10,5396.4,Net Banking,4.3,Cancelled
ORD00712,2025-10-20,C1827,Male,32,Chennai,Shoes,Heels,1,1499,5,1424.05,Net Banking,4.0,Delivered
ORD00713,2025-11-17,C1099,Male,48,Bengaluru,Top,T-Shirt,2,999,10,1798.2,UPI,3.6,Cancelled
ORD00714,2025-06-24,C1852,Male,39,Hyderabad,Bottom,Leggings,2,499,15,848.3,Card,3.9,Delivered
ORD00715,2025-10-24,C1127,Male,21,Pune,Accessories,Scarf,4,2999,0,11996.0,Net Banking,4.4,Returned
ORD00716,2025-11-09,C1641,Female,22,Pune,Dress,Floral Dress,1,2999,15,2549.15,UPI,3.6,Cancelled
ORD00717,2025-07-30,C1238,Male,47,Bengaluru,Dress,Maxi Dress,4,1499,0,5996.0,Net Banking,4.4,Returned
ORD00718,2025-06-18,C1601,Male,24,Pune,Accessories,Scarf,1,999,0,999.0,UPI,4.2,Cancelled
ORD00719,2025-05-12,C1363,Female,48,Chennai,Dress,Kurti,2,1999,5,3798.1,Net Banking,4.5,Delivered
ORD00720,2025-08-12,C1525,Female,37,Hyderabad,Top,T-Shirt,1,499,5,474.05,Card,4.0,Delivered
ORD00721,2025-09-23,C1600,Male,21,Mumbai,Shoes,Heels,3,999,10,2697.3,UPI,5.0,Returned
ORD00722,2025-06-24,C1193,Female,47,Hyderabad,Bottom,Jeans,2,2499,5,4748.1,Cash,4.7,Cancelled
ORD00723,2025-08-21,C1897,Male,49,Mumbai,Accessories,Watch,3,1499,10,4047.3,UPI,3.7,Cancelled
ORD00724,2025-09-04,C1752,Female,42,Mumbai,Top,Crop Top,2,1499,20,2398.4,Net Banking,3.8,Delivered
ORD00725,2025-02-28,C1145,Female,46,Mumbai,Dress,Maxi Dress,1,499,10,449.1,Cash,3.5,Delivered
ORD00726,2025-05-15,C1736,Male,39,Hyderabad,Dress,Floral Dress,2,999,5,1898.1,Card,3.8,Delivered
ORD00727,2025-01-11,C1851,Male,42,Chennai,Top,T-Shirt,2,2999,10,5398.2,UPI,4.9,Returned
ORD00728,2025-12-05,C1175,Female,22,Pune,Top,Shirt,4,799,10,2876.4,Card,4.7,Delivered
ORD00729,2025-08-08,C1651,Male,20,Hyderabad,Top,T-Shirt,4,2499,10,8996.4,Card,4.0,Cancelled
ORD00730,2025-05-24,C1893,Male,50,Hyderabad,Bottom,Jeans,3,799,0,2397.0,Net Banking,4.4,Delivered
ORD00731,2025-11-27,C1769,Female,49,Hyderabad,Dress,Maxi Dress,1,799,20,639.2,Net Banking,4.1,Delivered
ORD00732,2025-09-11,C1485,Female,55,Bengaluru,Bottom,Trousers,3,1999,15,5097.45,UPI,4.6,Delivered
ORD00733,2025-06-06,C1435,Female,54,Mumbai,Top,T-Shirt,4,2999,5,11396.2,Cash,4.1,Returned
ORD00734,2025-09-23,C1360,Male,55,Pune,Accessories,Handbag,2,2999,0,5998.0,Net Banking,3.9,Cancelled
ORD00735,2025-07-08,C1823,Female,38,Delhi,Accessories,Watch,4,1499,15,5096.6,Net Banking,4.1,Delivered
ORD00736,2025-02-12,C1301,Male,35,Mumbai,Top,Shirt,2,999,0,1998.0,UPI,4.0,Delivered
ORD00737,2025-12-12,C1337,Female,37,Chennai,Dress,Maxi Dress,1,1999,5,1899.05,Cash,4.0,Delivered
ORD00738,2025-06-27,C1801,Female,43,Hyderabad,Accessories,Handbag,3,499,10,1347.3,UPI,3.9,Returned
ORD00739,2025-04-18,C1485,Male,51,Hyderabad,Accessories,Handbag,4,799,5,3036.2,Net Banking,4.6,Cancelled
ORD00740,2025-12-24,C1427,Male,46,Bengaluru,Shoes,Heels,1,999,5,949.05,UPI,4.1,Returned
ORD00741,2025-12-04,C1854,Female,39,Mumbai,Top,Crop Top,2,999,0,1998.0,Net Banking,4.2,Returned
ORD00742,2025-01-17,C1944,Male,27,Delhi,Shoes,Sandals,3,999,20,2397.6,Net Banking,3.5,Returned
ORD00743,2025-02-25,C1336,Female,37,Pune,Top,Shirt,1,1999,15,1699.15,Card,3.8,Delivered
ORD00744,2025-04-06,C1203,Male,42,Delhi,Accessories,Handbag,1,2999,20,2399.2,Card,4.2,Delivered
ORD00745,2025-01-06,C1175,Female,44,Bengaluru,Bottom,Trousers,1,1499,0,1499.0,Card,4.1,Delivered
ORD00746,2025-04-16,C1133,Male,37,Bengaluru,Top,Crop Top,4,1499,0,5996.0,Net Banking,4.1,Delivered
ORD00747,2025-12-17,C1469,Female,30,Pune,Accessories,Scarf,3,1999,5,5697.15,Card,4.3,Returned
ORD00748,2025-09-09,C1471,Female,54,Pune,Dress,Maxi Dress,2,1999,10,3598.2,UPI,4.9,Returned
ORD00749,2025-03-31,C1425,Male,29,Hyderabad,Shoes,Heels,3,1499,20,3597.6,Net Banking,4.7,Returned
ORD00750,2025-12-24,C1968,Male,33,Mumbai,Shoes,Sandals,2,2499,20,3998.4,Cash,3.6,Cancelled
ORD00751,2025-07-30,C1780,Male,41,Pune,Accessories,Watch,1,2499,5,2374.05,UPI,4.9,Cancelled
ORD00752,2025-01-23,C1473,Male,22,Chennai,Bottom,Leggings,4,799,10,2876.4,Net Banking,3.8,Returned
ORD00753,2025-01-06,C1256,Male,26,Delhi,Bottom,Trousers,4,2999,5,11396.2,Net Banking,4.1,Returned
ORD00754,2025-08-13,C1143,Female,35,Mumbai,Shoes,Sneakers,1,1999,5,1899.05,Card,4.6,Delivered
ORD00755,2025-07-20,C1172,Male,18,Chennai,Accessories,Handbag,2,999,0,1998.0,Cash,4.3,Delivered
ORD00756,2025-09-30,C1221,Female,21,Chennai,Shoes,Heels,2,799,0,1598.0,UPI,4.8,Returned
ORD00757,2025-07-13,C1785,Male,33,Delhi,Bottom,Leggings,1,1999,0,1999.0,Card,3.6,Delivered
ORD00758,2025-04-09,C1696,Male,32,Pune,Dress,Floral Dress,4,499,0,1996.0,Card,4.0,Cancelled
ORD00759,2025-06-15,C1575,Male,31,Hyderabad,Top,T-Shirt,4,1999,0,7996.0,Net Banking,4.7,Returned
ORD00760,2025-01-08,C1411,Female,18,Bengaluru,Dress,Floral Dress,2,499,10,898.2,Card,4.0,Returned
ORD00761,2025-02-04,C1906,Male,44,Delhi,Top,T-Shirt,3,2499,20,5997.6,Net Banking,4.1,Delivered
ORD00762,2025-11-20,C1713,Female,26,Delhi,Accessories,Scarf,2,999,0,1998.0,Card,4.4,Cancelled
ORD00763,2025-10-27,C1459,Female,50,Chennai,Bottom,Trousers,4,499,10,1796.4,Card,3.5,Cancelled
ORD00764,2025-03-05,C1316,Male,45,Mumbai,Accessories,Scarf,1,799,0,799.0,UPI,4.4,Delivered
ORD00765,2025-04-15,C1657,Male,33,Chennai,Top,Shirt,4,999,5,3796.2,Net Banking,3.7,Cancelled
ORD00766,2025-08-01,C1663,Female,19,Mumbai,Bottom,Jeans,3,999,0,2997.0,Cash,4.3,Returned
ORD00767,2025-12-23,C1736,Male,42,Hyderabad,Top,T-Shirt,1,2499,5,2374.05,Cash,4.7,Delivered
ORD00768,2025-04-09,C1053,Male,31,Mumbai,Shoes,Sandals,1,499,15,424.15,UPI,3.6,Delivered
ORD00769,2025-08-28,C1318,Male,30,Mumbai,Accessories,Scarf,2,799,20,1278.4,Net Banking,3.6,Delivered
ORD00770,2025-11-22,C1206,Female,48,Pune,Accessories,Handbag,3,999,20,2397.6,Cash,4.2,Returned
ORD00771,2025-08-10,C1778,Male,48,Pune,Shoes,Sneakers,4,1499,15,5096.6,Net Banking,4.3,Returned
ORD00772,2025-08-26,C1313,Female,36,Bengaluru,Dress,Maxi Dress,2,1999,5,3798.1,Net Banking,3.9,Delivered
ORD00773,2025-01-03,C1013,Female,49,Bengaluru,Bottom,Jeans,4,799,5,3036.2,Net Banking,4.9,Returned
ORD00774,2025-01-20,C1943,Male,42,Hyderabad,Bottom,Leggings,4,999,20,3196.8,Card,3.6,Delivered
ORD00775,2025-07-08,C1713,Male,42,Bengaluru,Shoes,Heels,3,1999,15,5097.45,Card,4.5,Delivered
ORD00776,2025-11-27,C1151,Female,47,Chennai,Shoes,Sneakers,3,2499,0,7497.0,Card,4.5,Returned
ORD00777,2025-11-26,C1728,Female,43,Chennai,Top,Crop Top,2,499,0,998.0,UPI,4.7,Cancelled
ORD00778,2025-06-04,C1512,Female,55,Delhi,Top,Shirt,2,2999,15,5098.3,Net Banking,3.9,Cancelled
ORD00779,2025-04-18,C1952,Female,37,Pune,Dress,Floral Dress,3,2999,5,8547.15,Card,3.9,Returned
ORD00780,2025-12-02,C1295,Female,28,Mumbai,Dress,Floral Dress,1,2999,15,2549.15,Cash,4.3,Delivered
ORD00781,2025-08-19,C1580,Male,29,Mumbai,Top,T-Shirt,4,799,20,2556.8,UPI,4.9,Cancelled
ORD00782,2025-11-16,C1111,Male,23,Delhi,Top,T-Shirt,3,2999,15,7647.45,UPI,4.2,Returned
ORD00783,2025-09-02,C1496,Male,18,Pune,Dress,Maxi Dress,1,999,0,999.0,Cash,4.4,Delivered
ORD00784,2025-07-12,C1617,Female,49,Bengaluru,Accessories,Handbag,1,799,20,639.2,Cash,4.7,Cancelled
ORD00785,2025-05-03,C1963,Female,43,Bengaluru,Shoes,Heels,3,2499,10,6747.3,UPI,5.0,Returned
ORD00786,2025-03-13,C1026,Male,51,Delhi,Bottom,Jeans,1,1499,15,1274.15,Card,4.6,Returned
ORD00787,2025-01-02,C1653,Female,19,Chennai,Shoes,Sandals,4,1999,15,6796.6,Cash,4.5,Delivered
ORD00788,2025-11-10,C1813,Male,40,Bengaluru,Bottom,Trousers,4,799,20,2556.8,Net Banking,4.2,Cancelled
ORD00789,2025-03-15,C1890,Male,26,Bengaluru,Dress,Kurti,4,999,20,3196.8,UPI,3.8,Returned
ORD00790,2025-10-04,C1246,Male,31,Mumbai,Accessories,Watch,2,1499,0,2998.0,UPI,4.2,Delivered
ORD00791,2025-05-24,C1225,Female,48,Chennai,Shoes,Sandals,1,799,10,719.1,UPI,4.9,Cancelled
ORD00792,2025-10-22,C1784,Male,39,Bengaluru,Top,Crop Top,4,499,10,1796.4,Net Banking,4.8,Cancelled
ORD00793,2025-02-14,C1114,Male,39,Chennai,Accessories,Watch,2,799,10,1438.2,Card,3.7,Cancelled
ORD00794,2025-10-23,C1754,Male,37,Pune,Dress,Kurti,3,799,10,2157.3,Card,4.9,Returned
ORD00795,2025-11-05,C1604,Male,24,Bengaluru,Shoes,Heels,3,2999,5,8547.15,UPI,4.3,Cancelled
ORD00796,2025-09-13,C1696,Female,27,Hyderabad,Shoes,Heels,2,2999,10,5398.2,Cash,4.8,Delivered
ORD00797,2025-03-05,C1280,Female,31,Bengaluru,Dress,Kurti,3,999,20,2397.6,Cash,5.0,Cancelled
ORD00798,2025-04-26,C1717,Male,29,Bengaluru,Shoes,Sneakers,3,799,5,2277.15,Net Banking,4.8,Returned
ORD00799,2025-06-28,C1775,Female,43,Pune,Top,T-Shirt,4,999,15,3396.6,Cash,4.5,Returned
ORD00800,2025-10-25,C1886,Male,37,Bengaluru,Top,Crop Top,4,499,5,1896.2,Card,4.0,Cancelled
ORD00801,2025-04-11,C1752,Male,41,Chennai,Top,Shirt,4,999,5,3796.2,UPI,3.8,Cancelled
ORD00802,2025-02-19,C1364,Female,29,Pune,Top,Shirt,4,2499,5,9496.2,UPI,4.9,Cancelled
ORD00803,2025-03-02,C1246,Female,49,Delhi,Bottom,Trousers,4,799,15,2716.6,Card,3.9,Cancelled
ORD00804,2025-11-29,C1391,Female,46,Delhi,Shoes,Sandals,1,2999,15,2549.15,UPI,4.8,Delivered
ORD00805,2025-10-28,C1586,Female,35,Chennai,Dress,Floral Dress,1,1499,20,1199.2,UPI,3.8,Cancelled
ORD00806,2025-03-06,C1101,Female,22,Chennai,Top,Shirt,4,2499,15,8496.6,Card,3.9,Returned
ORD00807,2025-10-03,C1730,Male,31,Chennai,Dress,Maxi Dress,4,499,20,1596.8,UPI,4.8,Delivered
ORD00808,2025-06-10,C1125,Male,26,Hyderabad,Accessories,Scarf,2,499,20,798.4,Card,4.2,Cancelled
ORD00809,2025-03-05,C1518,Female,41,Hyderabad,Top,T-Shirt,3,2999,0,8997.0,Card,3.6,Returned
ORD00810,2025-05-31,C1674,Female,26,Hyderabad,Dress,Floral Dress,3,499,20,1197.6,Net Banking,4.9,Cancelled
ORD00811,2025-12-19,C1101,Male,33,Pune,Bottom,Trousers,3,1999,20,4797.6,Card,4.3,Delivered
ORD00812,2025-07-03,C1284,Male,45,Pune,Bottom,Jeans,2,1999,20,3198.4,Cash,3.8,Returned
ORD00813,2025-05-11,C1692,Female,27,Hyderabad,Shoes,Sandals,2,1499,15,2548.3,Card,3.6,Delivered
ORD00814,2025-11-28,C1840,Male,44,Mumbai,Bottom,Trousers,2,2499,10,4498.2,Cash,4.3,Returned
ORD00815,2025-02-26,C1700,Female,22,Delhi,Shoes,Sneakers,2,499,10,898.2,UPI,3.7,Returned
ORD00816,2025-02-20,C1386,Male,42,Pune,Bottom,Leggings,2,2999,5,5698.1,UPI,3.9,Delivered
ORD00817,2025-06-28,C1717,Female,53,Delhi,Accessories,Scarf,3,1999,15,5097.45,UPI,3.6,Delivered
ORD00818,2025-12-14,C1991,Female,48,Hyderabad,Top,Shirt,4,799,10,2876.4,Card,4.7,Returned
ORD00819,2025-10-18,C1753,Female,21,Chennai,Dress,Kurti,2,2499,5,4748.1,Cash,3.7,Cancelled
ORD00820,2025-07-01,C1817,Female,50,Delhi,Top,Crop Top,4,2499,15,8496.6,Cash,3.8,Returned
ORD00821,2025-07-28,C1789,Female,23,Chennai,Accessories,Scarf,2,999,0,1998.0,UPI,4.9,Delivered
ORD00822,2025-05-27,C1567,Female,18,Bengaluru,Top,T-Shirt,2,1999,0,3998.0,Card,3.6,Returned
ORD00823,2025-01-04,C1731,Female,52,Chennai,Shoes,Sandals,1,1499,0,1499.0,Cash,4.4,Delivered
ORD00824,2025-12-12,C1952,Male,29,Pune,Accessories,Scarf,1,1999,15,1699.15,Cash,4.9,Delivered
ORD00825,2025-07-11,C1993,Male,39,Chennai,Accessories,Watch,1,1499,15,1274.15,Card,4.1,Cancelled
ORD00826,2025-01-02,C1755,Female,31,Delhi,Dress,Maxi Dress,3,1499,10,4047.3,UPI,3.9,Returned
ORD00827,2025-06-18,C1305,Female,24,Pune,Accessories,Watch,1,999,0,999.0,Cash,4.4,Cancelled
ORD00828,2025-04-12,C1086,Male,44,Pune,Top,Shirt,3,499,0,1497.0,Net Banking,4.1,Delivered
ORD00829,2025-06-03,C1373,Female,29,Hyderabad,Top,Crop Top,3,799,15,2037.45,Cash,4.1,Delivered
ORD00830,2025-08-11,C1005,Female,30,Pune,Shoes,Sandals,4,799,5,3036.2,Card,4.0,Returned
ORD00831,2025-03-24,C1682,Male,48,Chennai,Dress,Floral Dress,4,1499,10,5396.4,Cash,4.9,Delivered
ORD00832,2025-07-24,C1513,Female,26,Pune,Shoes,Heels,4,2999,5,11396.2,UPI,4.0,Delivered
ORD00833,2025-05-02,C1053,Female,45,Hyderabad,Top,T-Shirt,3,1999,0,5997.0,UPI,4.7,Returned
ORD00834,2025-05-07,C1632,Male,50,Mumbai,Shoes,Heels,3,1499,0,4497.0,Card,4.6,Returned
ORD00835,2025-12-28,C1801,Male,50,Hyderabad,Dress,Maxi Dress,2,2499,15,4248.3,Card,3.8,Delivered
ORD00836,2025-01-20,C1280,Male,27,Bengaluru,Accessories,Scarf,2,799,0,1598.0,UPI,3.7,Cancelled
ORD00837,2025-12-25,C1648,Male,32,Delhi,Top,T-Shirt,1,1499,15,1274.15,Net Banking,4.3,Returned
ORD00838,2025-05-18,C1372,Female,40,Chennai,Dress,Kurti,4,2499,0,9996.0,Net Banking,4.0,Delivered
ORD00839,2025-06-14,C1217,Female,48,Delhi,Bottom,Jeans,2,499,0,998.0,UPI,3.6,Returned
ORD00840,2025-02-19,C1685,Male,53,Mumbai,Top,Shirt,4,999,10,3596.4,Cash,4.0,Returned
ORD00841,2025-07-16,C1089,Male,26,Chennai,Bottom,Trousers,3,799,10,2157.3,UPI,3.8,Delivered
ORD00842,2025-02-08,C1964,Female,37,Chennai,Accessories,Scarf,2,799,15,1358.3,Net Banking,4.9,Delivered
ORD00843,2025-10-09,C1728,Female,53,Delhi,Accessories,Scarf,2,499,5,948.1,Cash,3.8,Returned
ORD00844,2025-09-15,C1809,Male,28,Hyderabad,Dress,Maxi Dress,1,1499,15,1274.15,Cash,4.3,Cancelled
ORD00845,2025-12-22,C1194,Female,49,Chennai,Top,Shirt,1,1999,0,1999.0,UPI,4.7,Delivered
ORD00846,2025-05-20,C1211,Male,18,Mumbai,Shoes,Sandals,4,1999,15,6796.6,Card,4.1,Cancelled
ORD00847,2025-04-23,C1303,Female,53,Pune,Dress,Kurti,4,1999,20,6396.8,Card,3.9,Delivered
ORD00848,2025-05-23,C1949,Male,35,Pune,Dress,Kurti,2,999,0,1998.0,Card,4.5,Delivered
ORD00849,2025-07-08,C1332,Male,53,Delhi,Accessories,Handbag,1,2499,10,2249.1,Card,4.4,Returned
ORD00850,2025-04-23,C1748,Female,29,Delhi,Accessories,Watch,3,499,0,1497.0,UPI,4.7,Cancelled
ORD00851,2025-11-21,C1618,Male,46,Mumbai,Accessories,Handbag,4,2499,10,8996.4,Cash,4.8,Returned
ORD00852,2025-08-11,C1377,Male,48,Pune,Top,Crop Top,4,799,15,2716.6,Net Banking,3.8,Delivered
ORD00853,2025-04-03,C1663,Female,19,Delhi,Shoes,Sneakers,2,799,20,1278.4,Card,4.2,Delivered
ORD00854,2025-05-06,C1465,Female,24,Chennai,Shoes,Sandals,2,499,5,948.1,Card,3.6,Cancelled
ORD00855,2025-01-07,C1781,Male,26,Mumbai,Dress,Kurti,1,1499,15,1274.15,UPI,3.5,Returned
ORD00856,2025-02-24,C1555,Female,23,Mumbai,Top,Crop Top,1,2999,0,2999.0,Card,4.9,Returned
ORD00857,2025-05-05,C1057,Female,52,Pune,Accessories,Watch,2,999,10,1798.2,UPI,4.2,Delivered
ORD00858,2025-08-01,C1145,Male,32,Pune,Dress,Kurti,3,499,20,1197.6,Card,4.8,Returned
ORD00859,2025-12-17,C1393,Male,49,Mumbai,Shoes,Sneakers,3,2499,10,6747.3,UPI,3.8,Delivered
ORD00860,2025-07-04,C1945,Male,20,Hyderabad,Dress,Maxi Dress,3,499,20,1197.6,Card,4.0,Delivered
ORD00861,2025-03-18,C1914,Female,36,Delhi,Shoes,Sandals,3,1999,5,5697.15,UPI,4.5,Returned
ORD00862,2025-03-18,C1796,Male,38,Mumbai,Shoes,Sandals,3,999,0,2997.0,Net Banking,4.7,Returned
ORD00863,2025-05-23,C1148,Male,38,Mumbai,Shoes,Sneakers,1,1999,15,1699.15,Card,4.9,Returned
ORD00864,2025-07-31,C1616,Female,26,Chennai,Bottom,Leggings,4,1499,15,5096.6,Card,4.5,Returned
ORD00865,2025-10-02,C1841,Male,42,Pune,Shoes,Sandals,4,1999,20,6396.8,Net Banking,4.2,Cancelled
ORD00866,2025-01-02,C1208,Male,41,Hyderabad,Accessories,Scarf,2,2499,0,4998.0,Net Banking,3.9,Delivered
ORD00867,2025-03-15,C1855,Female,33,Mumbai,Dress,Floral Dress,3,999,5,2847.15,Card,3.9,Delivered
ORD00868,2025-08-06,C1380,Male,24,Chennai,Top,T-Shirt,2,1499,0,2998.0,UPI,4.5,Returned
ORD00869,2025-05-06,C1078,Male,54,Bengaluru,Accessories,Handbag,1,799,10,719.1,Card,3.7,Delivered
ORD00870,2025-06-03,C1481,Female,39,Bengaluru,Shoes,Sandals,2,2499,20,3998.4,UPI,4.5,Returned
ORD00871,2025-03-30,C1515,Male,18,Bengaluru,Dress,Floral Dress,1,2499,0,2499.0,Net Banking,4.4,Cancelled
ORD00872,2025-04-27,C1433,Male,35,Pune,Shoes,Sandals,3,1999,20,4797.6,Net Banking,4.0,Delivered
ORD00873,2025-10-14,C1619,Male,47,Bengaluru,Top,Shirt,1,799,15,679.15,Cash,3.8,Cancelled
ORD00874,2025-04-10,C1276,Male,24,Pune,Shoes,Heels,2,499,10,898.2,Cash,4.5,Cancelled
ORD00875,2025-02-03,C1216,Male,37,Mumbai,Bottom,Jeans,2,999,5,1898.1,Card,4.3,Cancelled
ORD00876,2025-10-16,C1809,Female,20,Pune,Dress,Floral Dress,3,499,20,1197.6,Cash,4.3,Delivered
ORD00877,2025-09-14,C1199,Female,43,Chennai,Bottom,Jeans,3,2999,10,8097.3,Cash,4.9,Delivered
ORD00878,2025-03-18,C1024,Female,48,Hyderabad,Dress,Maxi Dress,4,2499,20,7996.8,UPI,3.7,Returned
ORD00879,2025-04-29,C1905,Male,27,Chennai,Top,T-Shirt,4,499,0,1996.0,Card,4.9,Cancelled
ORD00880,2025-07-04,C1638,Female,20,Chennai,Accessories,Scarf,3,1499,5,4272.15,Net Banking,4.0,Delivered
ORD00881,2025-09-12,C1099,Male,27,Delhi,Top,Crop Top,1,799,20,639.2,UPI,4.4,Returned
ORD00882,2025-05-24,C1590,Female,40,Pune,Dress,Maxi Dress,3,799,10,2157.3,UPI,3.7,Delivered
ORD00883,2025-03-13,C1962,Male,54,Bengaluru,Shoes,Heels,4,999,15,3396.6,UPI,4.5,Returned
ORD00884,2025-03-08,C1451,Female,50,Hyderabad,Bottom,Leggings,4,2999,20,9596.8,Cash,4.9,Returned
ORD00885,2025-12-16,C1043,Male,33,Chennai,Dress,Kurti,4,1999,15,6796.6,UPI,3.9,Delivered
ORD00886,2025-02-07,C1228,Female,47,Chennai,Dress,Maxi Dress,4,799,20,2556.8,UPI,4.1,Returned
ORD00887,2025-02-25,C1939,Female,45,Mumbai,Shoes,Heels,4,499,0,1996.0,Net Banking,3.8,Returned
ORD00888,2025-09-01,C1117,Female,47,Pune,Dress,Maxi Dress,3,1999,15,5097.45,Card,3.8,Returned
ORD00889,2025-11-04,C1792,Female,21,Delhi,Top,Crop Top,2,999,20,1598.4,Net Banking,3.5,Returned
ORD00890,2025-12-17,C1433,Female,34,Chennai,Top,T-Shirt,2,2999,0,5998.0,Card,4.9,Delivered
ORD00891,2025-12-31,C1462,Female,51,Mumbai,Top,T-Shirt,3,1499,0,4497.0,Cash,3.9,Delivered
ORD00892,2025-06-28,C1964,Female,48,Bengaluru,Dress,Floral Dress,4,999,10,3596.4,Card,3.7,Cancelled
ORD00893,2025-11-02,C1203,Male,55,Hyderabad,Shoes,Heels,4,2999,0,11996.0,Card,4.3,Returned
ORD00894,2025-06-12,C1116,Female,34,Hyderabad,Bottom,Jeans,2,1499,5,2848.1,UPI,4.2,Returned
ORD00895,2025-04-22,C1763,Male,44,Chennai,Top,Crop Top,4,2499,20,7996.8,Card,3.6,Cancelled
ORD00896,2025-10-23,C1978,Male,41,Delhi,Shoes,Sneakers,3,799,5,2277.15,UPI,5.0,Returned
ORD00897,2025-08-22,C1423,Female,40,Delhi,Bottom,Trousers,1,2499,15,2124.15,Net Banking,4.5,Cancelled
ORD00898,2025-10-11,C1609,Male,52,Bengaluru,Bottom,Jeans,2,1499,15,2548.3,Net Banking,4.1,Returned
ORD00899,2025-02-20,C1089,Male,23,Chennai,Shoes,Sandals,3,2499,20,5997.6,UPI,4.9,Cancelled
ORD00900,2025-02-21,C1648,Female,50,Hyderabad,Shoes,Sneakers,4,2499,20,7996.8,UPI,4.9,Cancelled
ORD00901,2025-02-28,C1200,Female,25,Delhi,Bottom,Leggings,2,799,15,1358.3,Net Banking,4.3,Returned
ORD00902,2025-05-18,C1900,Female,37,Bengaluru,Shoes,Sneakers,3,2999,5,8547.15,Card,4.3,Delivered
ORD00903,2025-09-23,C1839,Female,39,Mumbai,Shoes,Sneakers,1,499,5,474.05,Net Banking,4.7,Delivered
ORD00904,2025-10-23,C1439,Male,42,Chennai,Accessories,Watch,2,1999,15,3398.3,Card,4.7,Returned
ORD00905,2025-03-06,C1516,Male,54,Bengaluru,Bottom,Trousers,2,1499,5,2848.1,Cash,3.6,Cancelled
ORD00906,2025-01-06,C1643,Male,19,Hyderabad,Top,Shirt,2,499,0,998.0,UPI,3.5,Cancelled
ORD00907,2025-12-01,C1919,Male,37,Mumbai,Shoes,Sneakers,2,1499,10,2698.2,Card,3.8,Cancelled
ORD00908,2025-11-18,C1023,Male,25,Bengaluru,Shoes,Heels,1,999,0,999.0,UPI,4.9,Delivered
ORD00909,2025-07-05,C1934,Male,43,Pune,Top,Shirt,3,799,0,2397.0,Net Banking,3.6,Delivered
ORD00910,2025-08-03,C1384,Female,46,Mumbai,Shoes,Sneakers,4,2499,0,9996.0,Card,3.8,Returned
ORD00911,2025-09-05,C1628,Male,28,Hyderabad,Dress,Floral Dress,1,499,10,449.1,Cash,5.0,Delivered
ORD00912,2025-03-20,C1221,Female,25,Mumbai,Top,Crop Top,1,1999,0,1999.0,UPI,4.3,Returned
ORD00913,2025-09-04,C1204,Male,40,Chennai,Top,T-Shirt,1,2499,5,2374.05,Cash,3.9,Returned
ORD00914,2025-12-18,C1866,Female,43,Pune,Shoes,Heels,4,799,10,2876.4,Cash,3.8,Delivered
ORD00915,2025-05-20,C1835,Female,24,Hyderabad,Top,Crop Top,4,1499,15,5096.6,Net Banking,4.1,Returned
ORD00916,2025-01-18,C1981,Female,55,Bengaluru,Top,Crop Top,3,999,0,2997.0,Cash,4.2,Cancelled
ORD00917,2025-06-15,C1439,Male,40,Mumbai,Accessories,Watch,4,499,0,1996.0,UPI,3.8,Delivered
ORD00918,2025-06-13,C1704,Male,39,Mumbai,Bottom,Leggings,2,2999,10,5398.2,Net Banking,3.7,Cancelled
ORD00919,2025-09-27,C1222,Male,53,Delhi,Bottom,Jeans,1,1499,10,1349.1,UPI,4.4,Cancelled
ORD00920,2025-01-26,C1821,Female,49,Pune,Shoes,Sandals,4,999,10,3596.4,Cash,3.8,Returned
ORD00921,2025-07-16,C1242,Male,36,Pune,Dress,Floral Dress,4,799,20,2556.8,UPI,4.0,Returned
ORD00922,2025-01-21,C1345,Male,22,Bengaluru,Bottom,Jeans,4,499,20,1596.8,UPI,4.9,Returned
ORD00923,2025-10-12,C1793,Female,49,Hyderabad,Bottom,Leggings,3,2999,10,8097.3,UPI,4.1,Returned
ORD00924,2025-11-13,C1105,Male,32,Pune,Bottom,Trousers,4,1499,0,5996.0,UPI,4.8,Delivered
ORD00925,2025-07-08,C1835,Male,21,Delhi,Dress,Maxi Dress,4,799,5,3036.2,UPI,3.6,Delivered
ORD00926,2025-07-14,C1276,Male,26,Hyderabad,Dress,Maxi Dress,1,999,10,899.1,Net Banking,4.5,Delivered
ORD00927,2025-07-31,C1652,Female,25,Hyderabad,Top,Shirt,2,2999,20,4798.4,Card,4.8,Cancelled
ORD00928,2025-09-05,C1231,Male,34,Delhi,Shoes,Sandals,4,999,10,3596.4,UPI,4.7,Returned
ORD00929,2025-09-11,C1061,Male,18,Chennai,Accessories,Handbag,2,2499,0,4998.0,Card,3.6,Returned
ORD00930,2025-10-30,C1779,Female,37,Chennai,Shoes,Sneakers,4,499,10,1796.4,Net Banking,3.8,Cancelled
ORD00931,2025-07-17,C1998,Female,50,Mumbai,Top,Crop Top,1,799,5,759.05,Net Banking,4.9,Delivered
ORD00932,2025-10-23,C1663,Male,27,Bengaluru,Dress,Maxi Dress,4,799,10,2876.4,UPI,4.9,Cancelled
ORD00933,2025-09-01,C1677,Female,40,Delhi,Dress,Floral Dress,1,1499,5,1424.05,UPI,3.9,Cancelled
ORD00934,2025-08-09,C1520,Female,21,Bengaluru,Dress,Maxi Dress,4,799,5,3036.2,Cash,4.1,Returned
ORD00935,2025-04-07,C1412,Male,35,Hyderabad,Dress,Floral Dress,4,2499,15,8496.6,Net Banking,3.8,Cancelled
ORD00936,2025-04-23,C1117,Male,20,Hyderabad,Shoes,Sneakers,1,2499,5,2374.05,Cash,4.9,Delivered
ORD00937,2025-12-25,C1733,Female,43,Bengaluru,Dress,Kurti,1,999,5,949.05,UPI,4.8,Delivered
ORD00938,2025-05-28,C1722,Female,18,Pune,Bottom,Leggings,2,799,5,1518.1,Card,4.0,Cancelled
ORD00939,2025-12-15,C1071,Male,29,Delhi,Accessories,Watch,3,2999,5,8547.15,Net Banking,3.8,Delivered
ORD00940,2025-05-16,C1902,Male,28,Chennai,Dress,Kurti,4,1499,10,5396.4,UPI,3.5,Cancelled
ORD00941,2025-01-24,C1838,Male,54,Chennai,Bottom,Leggings,1,1499,5,1424.05,Cash,4.2,Delivered
ORD00942,2025-02-21,C1311,Female,46,Bengaluru,Accessories,Scarf,2,2999,5,5698.1,Cash,4.7,Cancelled
ORD00943,2025-06-30,C1308,Female,51,Chennai,Bottom,Trousers,4,999,10,3596.4,Net Banking,4.2,Delivered
ORD00944,2025-12-04,C1145,Female,49,Pune,Bottom,Trousers,1,799,15,679.15,Card,4.8,Cancelled
ORD00945,2025-07-13,C1654,Male,35,Chennai,Shoes,Heels,2,2499,0,4998.0,Net Banking,3.8,Cancelled
ORD00946,2025-05-22,C1316,Male,20,Hyderabad,Top,Shirt,3,999,15,2547.45,Cash,4.4,Cancelled
ORD00947,2025-01-05,C1510,Male,47,Chennai,Dress,Maxi Dress,4,1999,10,7196.4,Card,3.9,Cancelled
ORD00948,2025-05-31,C1015,Female,20,Mumbai,Bottom,Trousers,2,999,15,1698.3,Cash,3.9,Cancelled
ORD00949,2025-12-05,C1854,Male,21,Delhi,Dress,Floral Dress,4,999,0,3996.0,Card,4.1,Returned
ORD00950,2025-04-11,C1442,Male,36,Mumbai,Bottom,Trousers,2,499,10,898.2,UPI,3.7,Returned
ORD00951,2025-02-20,C1914,Female,37,Hyderabad,Bottom,Jeans,4,1499,15,5096.6,Cash,5.0,Delivered
ORD00952,2025-04-13,C1256,Male,44,Hyderabad,Accessories,Watch,3,2999,20,7197.6,Card,3.7,Returned
ORD00953,2025-07-12,C1801,Female,24,Mumbai,Bottom,Jeans,3,1999,15,5097.45,Net Banking,4.3,Cancelled
ORD00954,2025-08-04,C1984,Female,47,Pune,Bottom,Trousers,3,1499,10,4047.3,UPI,4.1,Returned
ORD00955,2025-07-11,C1130,Female,21,Bengaluru,Dress,Floral Dress,3,2999,5,8547.15,Card,4.4,Returned
ORD00956,2025-05-19,C1849,Male,39,Hyderabad,Dress,Maxi Dress,4,2999,0,11996.0,UPI,3.6,Returned
ORD00957,2025-10-27,C1690,Male,31,Hyderabad,Accessories,Watch,3,2999,0,8997.0,Card,3.7,Cancelled
ORD00958,2025-06-09,C1736,Male,49,Hyderabad,Shoes,Sneakers,2,2499,5,4748.1,Card,4.0,Delivered
ORD00959,2025-05-07,C1209,Male,48,Pune,Dress,Floral Dress,2,1999,0,3998.0,Net Banking,4.3,Returned
ORD00960,2025-05-01,C1861,Female,46,,Dress,Floral Dress,3,1499,15,3822.45,UPI,5.0,Returned
ORD00961,2025-12-03,C1246,Male,50,Chennai,Top,Crop Top,1,799,5,759.05,Card,4.7,Returned
ORD00962,2025-09-10,C1376,Female,43,Bengaluru,Shoes,Heels,3,2499,0,7497.0,UPI,4.9,Returned
ORD00963,2025-10-16,C1398,Male,55,Delhi,Shoes,Heels,2,499,10,898.2,UPI,4.2,Cancelled
ORD00964,2025-08-23,C1283,Male,28,Delhi,Accessories,Watch,1,999,5,949.05,Card,4.2,Returned
ORD00965,2025-10-16,C1347,Female,26,Delhi,Accessories,Watch,1,799,5,759.05,Cash,4.0,Returned
ORD00966,2025-04-03,C1589,Female,26,Chennai,Dress,Kurti,4,1499,15,5096.6,Cash,4.4,Cancelled
ORD00967,2025-03-23,C1237,Male,24,Bengaluru,Accessories,Watch,4,499,0,1996.0,Net Banking,3.5,Returned
ORD00968,2025-07-16,C1773,Female,22,Pune,Top,Crop Top,2,499,5,948.1,Cash,4.6,Delivered
ORD00969,2025-01-16,C1945,Male,38,Pune,Dress,Kurti,1,1499,10,1349.1,Net Banking,4.4,Returned
ORD00970,2025-12-14,C1292,Male,30,Chennai,Top,Crop Top,2,799,10,1438.2,Card,4.2,Returned
ORD00971,2025-12-09,C1098,Male,20,Mumbai,Accessories,Handbag,1,1999,0,1999.0,UPI,4.4,Returned
ORD00972,2025-11-25,C1540,Female,30,Mumbai,Shoes,Sandals,1,999,5,949.05,Net Banking,4.5,Cancelled
ORD00973,2025-11-17,C1385,Male,54,Pune,Bottom,Leggings,2,2999,0,5998.0,Card,4.2,Cancelled
ORD00974,2025-10-04,C1338,Male,32,Delhi,Bottom,Jeans,1,1499,5,1424.05,Cash,3.6,Returned
ORD00975,2025-05-04,C1873,Female,43,Hyderabad,Bottom,Jeans,2,999,0,1998.0,UPI,4.3,Cancelled
ORD00976,2025-08-04,C1267,Male,39,Pune,Dress,Kurti,4,999,0,3996.0,Card,3.5,Delivered
ORD00977,2025-02-07,C1824,Male,40,Pune,Accessories,Scarf,3,2999,0,8997.0,Net Banking,3.9,Cancelled
ORD00978,2025-02-23,C1036,Female,50,Mumbai,Accessories,Handbag,4,799,10,2876.4,Cash,4.6,Returned
ORD00979,2025-04-11,C1547,Female,19,Hyderabad,Shoes,Heels,2,499,0,998.0,Net Banking,3.5,Delivered
ORD00980,2025-03-01,C1448,Male,41,Delhi,Shoes,Heels,2,1499,15,2548.3,Card,4.3,Returned
ORD00981,2025-04-27,C1422,Male,18,Chennai,Shoes,Sneakers,2,799,0,1598.0,Card,4.4,Delivered
ORD00982,2025-06-10,C1358,Male,36,Mumbai,Dress,Floral Dress,2,1499,5,2848.1,Net Banking,3.9,Returned
ORD00983,2025-04-16,C1506,Female,32,Bengaluru,Dress,Kurti,1,499,10,449.1,Cash,4.9,Returned
ORD00984,2025-10-05,C1515,Male,21,Delhi,Accessories,Watch,2,1999,10,3598.2,Net Banking,4.0,Cancelled
ORD00985,2025-09-24,C1236,Female,53,Mumbai,Accessories,Watch,3,499,5,1422.15,UPI,4.9,Returned
ORD00986,2025-08-21,C1975,Male,19,Bengaluru,Top,T-Shirt,2,2499,15,4248.3,UPI,4.5,Returned
ORD00987,2025-11-09,C1393,Female,19,Bengaluru,Bottom,Trousers,4,999,0,3996.0,Net Banking,3.6,Returned
ORD00988,2025-09-30,C1053,Female,20,Hyderabad,Dress,Floral Dress,2,1499,5,2848.1,Cash,4.5,Delivered
ORD00989,2025-01-15,C1349,Female,45,Chennai,Accessories,Watch,3,2999,20,7197.6,UPI,3.8,Delivered
ORD00990,2025-10-21,C1736,Female,28,Bengaluru,Accessories,Watch,3,2999,20,7197.6,Net Banking,4.2,Cancelled
ORD00991,2025-05-08,C1789,Female,39,Hyderabad,Top,T-Shirt,1,999,10,899.1,Net Banking,3.6,Delivered
ORD00992,2025-11-08,C1012,Male,37,Hyderabad,Accessories,Watch,3,999,10,2697.3,Cash,4.7,Returned
ORD00993,2025-01-19,C1989,Female,48,Chennai,Top,Shirt,4,499,15,1696.6,Card,3.5,Returned
ORD00994,2025-02-02,C1451,Male,34,Delhi,Dress,Kurti,1,999,20,799.2,Cash,4.3,Returned
ORD00995,2025-04-30,C1117,Male,29,Chennai,Top,T-Shirt,2,799,20,1278.4,Net Banking,4.5,Cancelled
ORD00996,2025-01-09,C1694,Female,52,Chennai,Bottom,Jeans,2,499,10,898.2,UPI,5.0,Cancelled
ORD00997,2025-09-19,C1079,Male,31,Delhi,Top,Shirt,1,499,20,399.2,Cash,4.2,Cancelled
ORD00998,2025-11-07,C1807,Female,39,Bengaluru,Shoes,Sneakers,4,999,5,3796.2,Cash,3.5,Returned
ORD00999,2025-03-18,C1933,Male,24,Hyderabad,Bottom,Trousers,1,799,10,719.1,Card,3.6,Returned
ORD01000,2025-01-17,C1672,Male,42,Chennai,Accessories,Scarf,3,799,15,2037.45,UPI,4.7,Delivered
ORD01001,2025-09-28,C1817,Male,48,Chennai,Top,Crop Top,4,1999,0,7996.0,Net Banking,4.8,Returned
ORD01002,2025-07-05,C1236,Female,38,Chennai,Bottom,Jeans,3,799,10,2157.3,UPI,3.9,Cancelled
ORD01003,2025-09-16,C1078,Female,48,Hyderabad,Top,Shirt,4,999,0,3996.0,Card,4.0,Returned
ORD01004,2025-07-28,C1690,Male,34,Delhi,Shoes,Sneakers,2,1999,5,3798.1,Cash,4.7,Returned
ORD01005,2025-10-22,C1506,Male,29,Bengaluru,Dress,Floral Dress,4,1499,20,4796.8,UPI,5.0,Delivered
ORD01006,2025-08-29,C1760,Male,26,Pune,Dress,Maxi Dress,3,2999,20,7197.6,Net Banking,4.6,Delivered
ORD01007,2025-08-05,C1362,Male,43,Chennai,Top,T-Shirt,2,1999,20,3198.4,Card,4.9,Cancelled
ORD01008,2025-11-12,C1110,Male,22,Chennai,Bottom,Jeans,3,2999,10,8097.3,Cash,4.4,Returned
ORD01009,2025-09-02,C1716,Male,29,Chennai,Shoes,Sandals,4,2499,15,8496.6,UPI,3.9,Delivered
ORD01010,2025-08-13,C1180,Female,24,Mumbai,Dress,Kurti,3,2499,15,6372.45,Cash,4.1,Returned
ORD01011,2025-04-02,C1976,Male,20,Chennai,Bottom,Jeans,4,999,10,3596.4,Card,4.1,Returned
ORD01012,2025-03-02,C1294,Female,49,Bengaluru,Accessories,Watch,3,499,10,1347.3,Card,3.9,Delivered
ORD01013,2025-04-16,C1565,Male,19,Hyderabad,Bottom,Leggings,1,799,10,719.1,UPI,3.7,Cancelled
ORD01014,2025-05-25,C1964,Female,46,Hyderabad,Accessories,Handbag,1,1499,0,1499.0,Card,4.1,Returned
ORD01015,2025-02-14,C1885,Male,35,Chennai,Bottom,Jeans,1,1499,15,1274.15,UPI,4.2,Returned
ORD01016,2025-09-17,C1343,Female,47,Chennai,Dress,Kurti,2,2499,0,4998.0,UPI,4.0,Cancelled
ORD01017,2025-10-13,C1676,Male,18,Mumbai,Bottom,Jeans,4,499,20,1596.8,Card,4.0,Cancelled
ORD01018,2025-04-06,C1751,Female,36,Mumbai,Shoes,Sneakers,2,999,15,1698.3,Card,3.7,Cancelled
ORD01019,2025-10-13,C1625,Male,29,Pune,Dress,Kurti,2,499,15,848.3,Net Banking,3.6,Cancelled
ORD01020,2025-06-28,C1495,Male,37,Mumbai,Bottom,Trousers,4,2499,20,7996.8,Cash,3.9,Cancelled
ORD01021,2025-06-01,C1098,Male,25,Delhi,Shoes,Heels,4,1999,10,7196.4,Net Banking,4.3,Returned
ORD01022,2025-06-13,C1676,Male,40,Chennai,Bottom,Jeans,4,499,5,1896.2,Net Banking,4.2,Cancelled
ORD01023,2025-01-15,C1297,Female,50,Mumbai,Top,Shirt,4,1999,15,6796.6,Net Banking,4.5,Delivered
ORD01024,2025-08-15,C1435,Female,34,Pune,Accessories,Watch,3,2499,10,6747.3,Cash,4.1,Returned
ORD01025,2025-10-21,C1896,Male,52,Mumbai,Top,Shirt,1,999,15,849.15,UPI,4.1,Cancelled
ORD01026,2025-01-11,C1821,Female,23,Chennai,Accessories,Watch,2,1999,20,3198.4,Cash,3.5,Returned
ORD01027,2025-04-12,C1160,Female,32,Delhi,Accessories,Handbag,1,1999,5,1899.05,Card,4.0,Returned
ORD01028,2025-01-19,C1865,Male,51,Pune,Bottom,Leggings,2,1999,5,3798.1,Net Banking,4.9,Returned
ORD01029,2025-12-19,C1253,Male,35,Chennai,Dress,Floral Dress,3,999,0,2997.0,UPI,3.8,Returned
ORD01030,2025-09-16,C1739,Female,19,Pune,Shoes,Sneakers,3,2999,0,8997.0,Card,3.6,Delivered
ORD01031,2025-06-15,C1435,Male,37,Delhi,Accessories,Watch,2,2999,20,4798.4,Net Banking,4.8,Delivered
ORD01032,2025-04-24,C1990,Female,53,Delhi,Dress,Maxi Dress,4,1499,10,5396.4,Net Banking,4.1,Returned
ORD01033,2025-07-21,C1974,Female,52,Chennai,Accessories,Scarf,2,1499,0,2998.0,UPI,5.0,Returned
ORD01034,2025-09-02,C1576,Male,37,Delhi,Top,Crop Top,1,1499,5,1424.05,Card,4.2,Cancelled
ORD01035,2025-02-12,C1144,Female,48,Hyderabad,Dress,Floral Dress,2,799,15,1358.3,Card,4.4,Delivered
ORD01036,2025-01-19,C1329,Female,18,Delhi,Shoes,Heels,4,999,10,3596.4,Card,4.8,Cancelled
ORD01037,2025-12-29,C1494,Male,24,Bengaluru,Shoes,Sandals,4,999,5,3796.2,UPI,4.0,Returned
ORD01038,2025-08-13,C1890,Male,20,Bengaluru,Top,T-Shirt,2,1999,0,3998.0,Net Banking,3.7,Delivered
ORD01039,2025-01-05,C1303,Male,45,Delhi,Accessories,Watch,2,2499,20,3998.4,Cash,4.1,Cancelled
ORD01040,2025-09-25,C1701,Male,41,Hyderabad,Bottom,Trousers,3,1999,5,5697.15,Cash,3.7,Returned
ORD01041,2025-08-31,C1010,Female,44,Mumbai,Shoes,Sneakers,3,2499,5,7122.15,Card,3.7,Returned
ORD01042,2025-02-18,C1550,Female,39,Pune,Dress,Floral Dress,3,2499,5,7122.15,UPI,3.8,Cancelled
ORD01043,2025-04-26,C1353,Male,30,Delhi,Shoes,Sandals,2,499,10,898.2,Cash,4.5,Returned
ORD01044,2025-05-11,C1574,Male,22,Hyderabad,Accessories,Scarf,3,999,20,2397.6,Card,4.7,Delivered
ORD01045,2025-09-25,C1601,Female,39,Hyderabad,Top,Shirt,2,999,20,1598.4,Cash,3.7,Cancelled
ORD01046,2025-04-29,C1221,Male,27,Mumbai,Accessories,Scarf,4,799,5,3036.2,Card,3.5,Returned
ORD01047,2025-08-14,C1435,Female,38,Delhi,Dress,Maxi Dress,1,499,5,474.05,UPI,4.3,Delivered
ORD01048,2025-07-01,C1319,Female,51,Pune,Accessories,Watch,4,2999,15,10196.6,Card,4.6,Delivered
ORD01049,2025-09-08,C1711,Female,25,Hyderabad,Bottom,Trousers,2,2999,15,5098.3,Net Banking,4.3,Cancelled
ORD01050,2025-12-10,C1354,Female,31,Hyderabad,Bottom,Jeans,1,2999,10,2699.1,Card,4.8,Returned
ORD01051,2025-04-10,C1005,Female,39,Pune,Bottom,Jeans,1,799,15,679.15,Cash,4.0,Returned
ORD01052,2025-07-23,C1044,Female,35,Chennai,Accessories,Handbag,3,499,10,1347.3,UPI,4.5,Cancelled
ORD01053,2025-08-31,C1767,Male,20,Delhi,Dress,Kurti,4,1999,15,6796.6,UPI,4.2,Cancelled
ORD01054,2025-03-03,C1057,Female,21,Delhi,Top,Crop Top,2,2999,5,5698.1,UPI,3.6,Cancelled
ORD01055,2025-03-28,C1927,Female,51,Pune,Bottom,Jeans,1,999,10,899.1,Net Banking,4.8,Returned
ORD01056,2025-05-17,C1085,Male,46,Pune,Dress,Floral Dress,2,2999,20,4798.4,Cash,3.7,Cancelled
ORD01057,2025-10-15,C1359,Male,39,Bengaluru,Top,Crop Top,4,799,0,3196.0,UPI,4.0,Cancelled
ORD01058,2025-04-06,C1325,Male,28,Pune,Shoes,Sneakers,1,499,5,474.05,Card,4.6,Cancelled
ORD01059,2025-12-15,C1657,Male,26,Delhi,Bottom,Leggings,1,2499,5,2374.05,UPI,4.0,Returned
ORD01060,2025-04-26,C1855,Male,35,Mumbai,Bottom,Jeans,3,799,20,1917.6,Card,,Returned
ORD01061,2025-10-24,C1372,Female,51,Bengaluru,Bottom,Trousers,4,999,0,3996.0,Card,4.2,Delivered
ORD01062,2025-12-26,C1444,Female,36,Mumbai,Accessories,Watch,2,1999,20,3198.4,Cash,3.8,Cancelled
ORD01063,2025-05-13,C1223,Female,34,Pune,Accessories,Scarf,3,499,20,1197.6,UPI,4.7,Cancelled
ORD01064,2025-10-16,C1386,Male,38,Chennai,Top,Shirt,2,1499,20,2398.4,UPI,4.0,Cancelled
ORD01065,2025-11-28,C1924,Male,29,Delhi,Bottom,Jeans,2,1499,15,2548.3,Cash,4.0,Delivered
ORD01066,2025-11-12,C1467,Female,43,Bengaluru,Shoes,Sandals,2,2999,0,5998.0,Card,4.2,Returned
ORD01067,2025-04-30,C1781,Male,44,Bengaluru,Bottom,Trousers,3,1499,15,3822.45,Cash,4.0,Cancelled
ORD01068,2025-06-03,C1907,Male,54,Mumbai,Shoes,Sandals,1,799,20,639.2,Card,3.7,Cancelled
ORD01069,2025-08-23,C1405,Male,47,Pune,Bottom,Jeans,1,999,5,949.05,Card,4.7,Delivered
ORD01070,2025-04-15,C1447,Male,33,Mumbai,Top,Shirt,3,499,5,1422.15,Cash,3.9,Delivered
ORD01071,2025-07-21,C1715,Male,48,Chennai,Shoes,Sneakers,3,499,15,1272.45,Net Banking,4.3,Returned
ORD01072,2025-03-10,C1409,Female,36,Chennai,Top,T-Shirt,4,799,10,2876.4,Net Banking,4.6,Cancelled
ORD01073,2025-10-28,C1027,Male,29,Mumbai,Shoes,Sandals,1,999,15,849.15,Cash,4.5,Returned
ORD01074,2025-02-09,C1661,Male,26,Bengaluru,Bottom,Trousers,1,1999,20,1599.2,Card,4.6,Delivered
ORD01075,2025-04-03,C1435,Male,36,Delhi,Top,Shirt,4,499,10,1796.4,Net Banking,4.1,Cancelled
ORD01076,2025-12-16,C1529,Male,47,Pune,Shoes,Sneakers,3,1499,5,4272.15,Cash,3.7,Cancelled
ORD01077,2025-03-07,C1588,Female,47,Pune,Dress,Kurti,4,2999,0,11996.0,Net Banking,3.7,Cancelled
ORD01078,2025-11-21,C1118,Female,50,Delhi,Shoes,Heels,1,999,15,849.15,Net Banking,3.9,Cancelled
ORD01079,2025-09-30,C1777,Female,23,Mumbai,Bottom,Trousers,3,499,5,1422.15,UPI,5.0,Returned
ORD01080,2025-08-21,C1445,Male,47,Delhi,Accessories,Watch,2,1999,20,3198.4,UPI,4.6,Delivered
ORD01081,2025-05-10,C1435,Female,36,Pune,Shoes,Heels,3,499,20,1197.6,Cash,4.5,Delivered
ORD01082,2025-11-22,C1036,Male,40,Chennai,Bottom,Leggings,4,499,15,1696.6,UPI,4.0,Cancelled
ORD01083,2025-03-16,C1648,Female,45,Delhi,Shoes,Sneakers,2,499,20,798.4,Cash,3.6,Returned
ORD01084,2025-01-20,C1150,Male,42,Hyderabad,Accessories,Handbag,4,499,0,1996.0,UPI,4.0,Returned
ORD01085,2025-05-12,C1738,Male,45,Pune,Bottom,Leggings,4,499,5,1896.2,Card,4.9,Cancelled
ORD01086,2025-08-31,C1220,Female,35,Chennai,Bottom,Leggings,2,2499,0,4998.0,Card,4.1,Returned
ORD01087,2025-12-14,C1291,Female,18,Bengaluru,Accessories,Scarf,1,1999,15,1699.15,Card,4.9,Delivered
ORD01088,2025-11-22,C1325,Male,32,Mumbai,Shoes,Sandals,2,999,10,1798.2,UPI,4.2,Cancelled
ORD01089,2025-11-08,C1846,Female,55,Bengaluru,Bottom,Jeans,1,1999,10,1799.1,Cash,4.6,Cancelled
ORD01090,2025-08-16,C1155,Female,49,Mumbai,Shoes,Heels,1,999,10,899.1,Card,4.0,Cancelled
ORD01091,2025-11-20,C1498,Female,23,Mumbai,Shoes,Heels,4,499,20,1596.8,Cash,5.0,Returned
ORD01092,2025-11-16,C1598,Male,40,Hyderabad,Bottom,Leggings,4,2499,15,8496.6,Net Banking,3.5,Returned
ORD01093,2025-03-09,C1387,Male,24,Bengaluru,Dress,Maxi Dress,4,799,15,2716.6,Card,4.9,Delivered
ORD01094,2025-07-25,C1563,Female,40,,Dress,Kurti,3,799,5,2277.15,Net Banking,4.7,Cancelled
ORD01095,2025-12-18,C1983,Female,50,Hyderabad,Bottom,Leggings,3,2499,0,7497.0,Net Banking,4.5,Delivered
ORD01096,2025-04-01,C1409,Female,18,Hyderabad,Shoes,Heels,4,999,15,3396.6,Cash,3.7,Returned
ORD01097,2025-08-03,C1420,Male,19,Hyderabad,Top,Crop Top,1,1499,20,1199.2,Card,4.5,Delivered
ORD01098,2025-01-12,C1332,Male,28,Hyderabad,Accessories,Scarf,1,1999,20,1599.2,Net Banking,4.6,Cancelled
ORD01099,2025-12-01,C1398,Male,28,Bengaluru,Dress,Maxi Dress,1,2499,20,1999.2,Cash,4.8,Cancelled
ORD01100,2025-05-31,C1066,Male,31,Hyderabad,Top,T-Shirt,4,2499,5,9496.2,Net Banking,4.0,Returned
ORD01101,2025-09-14,C1656,Male,39,Mumbai,Top,Crop Top,4,799,5,3036.2,Card,5.0,Returned
ORD01102,2025-08-29,C1882,Female,22,Bengaluru,Dress,Floral Dress,1,2499,15,2124.15,Cash,4.8,Cancelled
ORD01103,2025-01-31,C1299,Female,20,Delhi,Accessories,Handbag,1,1499,15,1274.15,Net Banking,4.7,Cancelled
ORD01104,2025-05-15,C1776,Male,28,Delhi,Accessories,Scarf,4,1499,0,5996.0,Net Banking,3.7,Cancelled
ORD01105,2025-02-19,C1337,Male,47,Chennai,Bottom,Jeans,2,2999,15,5098.3,Net Banking,3.8,Delivered
ORD01106,2025-08-19,C1716,Female,54,Delhi,Bottom,Leggings,3,2499,15,6372.45,UPI,4.0,Delivered
ORD01107,2025-10-16,C1371,Female,37,Chennai,Top,Crop Top,3,499,5,1422.15,Card,4.8,Cancelled
ORD01108,2025-12-22,C1131,Male,36,Bengaluru,Bottom,Leggings,4,2499,10,8996.4,Cash,3.7,Cancelled
ORD01109,2025-01-07,C1265,Female,50,Chennai,Top,T-Shirt,2,1999,10,3598.2,Net Banking,3.7,Returned
ORD01110,2025-09-14,C1321,Female,42,Bengaluru,Accessories,Handbag,3,2499,5,7122.15,Card,4.4,Cancelled
ORD01111,2025-02-03,C1350,Male,37,Mumbai,Shoes,Sneakers,4,1499,0,5996.0,Card,4.5,Delivered
ORD01112,2025-08-24,C1583,Male,51,Mumbai,Bottom,Trousers,1,2499,5,2374.05,Card,4.0,Returned
ORD01113,2025-10-11,C1984,Male,21,Bengaluru,Dress,Maxi Dress,1,999,20,799.2,Card,3.6,Delivered
ORD01114,2025-08-22,C1181,Male,35,Hyderabad,Bottom,Trousers,2,2499,5,4748.1,Cash,3.8,Delivered
ORD01115,2025-04-17,C1233,Male,55,Hyderabad,Top,Crop Top,1,799,20,639.2,Net Banking,4.0,Returned
ORD01116,2025-03-01,C1452,Male,48,Mumbai,Dress,Kurti,1,999,0,999.0,UPI,3.8,Cancelled
ORD01117,2025-08-09,C1881,Male,46,Chennai,Accessories,Handbag,4,999,20,3196.8,Card,3.5,Cancelled
ORD01118,2025-09-10,C1646,Male,39,Hyderabad,Accessories,Watch,1,999,15,849.15,Net Banking,4.4,Cancelled
ORD01119,2025-05-21,C1694,Female,46,Pune,Bottom,Trousers,3,999,20,2397.6,Card,3.9,Returned
ORD01120,2025-08-10,C1689,Female,24,Bengaluru,Dress,Maxi Dress,4,1499,5,5696.2,Cash,3.8,Cancelled
ORD01121,2025-04-20,C1314,Female,38,Hyderabad,Accessories,Handbag,2,2999,0,5998.0,Net Banking,4.6,Delivered
ORD01122,2025-04-09,C1784,Female,28,Mumbai,Bottom,Trousers,2,1999,5,3798.1,Card,4.0,Returned
ORD01123,2025-05-15,C1483,Female,41,Mumbai,Accessories,Watch,4,2999,10,10796.4,Cash,3.8,Returned
ORD01124,2025-07-21,C1780,Female,18,Bengaluru,Bottom,Trousers,3,1499,10,4047.3,UPI,4.1,Returned
ORD01125,2025-12-27,C1207,Male,34,Delhi,Bottom,Trousers,2,1499,10,2698.2,Cash,3.5,Delivered
ORD01126,2025-04-13,C1816,Male,50,Bengaluru,Bottom,Leggings,4,999,20,3196.8,Cash,4.3,Delivered
ORD01127,2025-10-31,C1481,Male,42,Chennai,Dress,Floral Dress,2,999,15,1698.3,Net Banking,4.9,Delivered
ORD01128,2025-06-25,C1282,Female,46,Delhi,Bottom,Trousers,4,499,0,1996.0,UPI,3.6,Returned
ORD01129,2025-03-19,C1603,Female,54,Mumbai,Top,Crop Top,1,999,15,849.15,UPI,4.7,Returned
ORD01130,2025-12-20,C1022,Male,22,Chennai,Top,Shirt,3,1999,20,4797.6,Cash,4.7,Returned
ORD01131,2025-08-24,C1370,Female,30,Chennai,Shoes,Sandals,2,799,10,1438.2,Cash,4.2,Returned
ORD01132,2025-08-07,C1405,Female,21,Hyderabad,Accessories,Scarf,1,799,0,799.0,UPI,4.5,Cancelled
ORD01133,2025-06-17,C1809,Female,36,Hyderabad,Bottom,Jeans,4,499,20,1596.8,Cash,4.8,Cancelled
ORD01134,2025-02-27,C1544,Male,50,Pune,Dress,Kurti,1,1999,0,1999.0,Net Banking,5.0,Cancelled
ORD01135,2025-03-19,C1666,Female,22,Mumbai,Top,T-Shirt,4,2999,10,10796.4,Cash,4.2,Returned
ORD01136,2025-01-04,C1638,Female,19,Pune,Accessories,Scarf,4,499,15,1696.6,Card,4.4,Returned
ORD01137,2025-06-17,C1545,Female,30,Hyderabad,Shoes,Sneakers,3,2999,5,8547.15,Cash,4.4,Cancelled
ORD01138,2025-04-03,C1103,Male,52,Hyderabad,Accessories,Handbag,2,2999,5,5698.1,UPI,3.8,Delivered
ORD01139,2025-12-03,C1213,Male,37,Mumbai,Accessories,Watch,1,999,10,899.1,Net Banking,4.9,Returned
ORD01140,2025-08-14,C1126,Female,19,Bengaluru,Top,T-Shirt,3,499,5,1422.15,Card,4.8,Returned
ORD01141,2025-07-14,C1604,Male,23,Mumbai,Dress,Maxi Dress,4,1499,5,5696.2,UPI,3.8,Delivered
ORD01142,2025-06-12,C1425,Male,31,Pune,Top,T-Shirt,4,2499,20,7996.8,Cash,4.0,Returned
ORD01143,2025-08-04,C1409,Male,40,Delhi,Bottom,Trousers,1,1499,0,1499.0,Cash,3.5,Delivered
ORD01144,2025-07-19,C1896,Female,19,Delhi,Shoes,Sandals,3,799,0,2397.0,Cash,4.5,Delivered
ORD01145,2025-03-21,C1143,Female,20,Pune,Top,T-Shirt,2,1999,0,3998.0,Card,3.7,Cancelled
ORD01146,2025-03-31,C1958,Male,29,Delhi,Bottom,Leggings,4,2999,5,11396.2,UPI,4.1,Delivered
ORD01147,2025-05-16,C1636,Female,19,Pune,Dress,Maxi Dress,2,999,15,1698.3,Cash,4.4,Delivered
ORD01148,2025-11-03,C1739,Male,28,Pune,Shoes,Sneakers,2,1499,0,2998.0,UPI,4.3,Returned
ORD01149,2025-08-26,C1425,Female,26,Hyderabad,Top,T-Shirt,4,499,0,1996.0,UPI,5.0,Returned
ORD01150,2025-07-07,C1979,Male,48,Bengaluru,Shoes,Heels,3,799,10,2157.3,Card,4.5,Delivered
ORD01151,2025-02-12,C1761,Male,43,Delhi,Top,Crop Top,2,2999,5,5698.1,UPI,3.8,Delivered
ORD01152,2025-08-25,C1684,Female,26,Delhi,Top,Shirt,2,2499,10,4498.2,Net Banking,4.0,Returned
ORD01153,2025-04-12,C1186,Male,27,Chennai,Top,Crop Top,1,2499,15,2124.15,UPI,4.4,Delivered
ORD01154,2025-06-26,C1192,Female,46,Mumbai,Top,Shirt,3,499,20,1197.6,Net Banking,4.2,Cancelled
ORD01155,2025-09-21,C1946,Female,39,Mumbai,Bottom,Trousers,4,499,10,1796.4,Cash,4.5,Returned
ORD01156,2025-06-25,C1781,Female,22,Delhi,Shoes,Sandals,4,2499,0,9996.0,Net Banking,4.5,Cancelled
ORD01157,2025-02-26,C1123,Female,26,Delhi,Dress,Kurti,2,499,5,948.1,Cash,5.0,Returned
ORD01158,2025-09-19,C1199,Male,32,Pune,Shoes,Sandals,1,2999,20,2399.2,Card,3.8,Cancelled
ORD01159,2025-09-30,C1371,Male,51,Mumbai,Bottom,Trousers,2,1999,20,3198.4,Cash,4.3,Delivered
ORD01160,2025-03-19,C1553,Female,30,Delhi,Dress,Kurti,2,2499,20,3998.4,UPI,3.8,Returned
ORD01161,2025-06-03,C1000,Male,34,Chennai,Bottom,Leggings,4,1499,15,5096.6,Cash,4.0,Delivered
ORD01162,2025-09-04,C1842,Male,33,Bengaluru,Accessories,Scarf,1,499,15,424.15,Card,3.7,Cancelled
ORD01163,2025-05-22,C1143,Female,25,Chennai,Shoes,Heels,2,799,10,1438.2,Card,3.6,Delivered
ORD01164,2025-03-02,C1533,Female,51,Pune,Shoes,Sneakers,3,2999,10,8097.3,Net Banking,3.5,Delivered
ORD01165,2025-02-06,C1901,Female,35,Pune,Shoes,Heels,1,1999,20,1599.2,Net Banking,4.2,Returned
ORD01166,2025-12-30,C1708,Female,36,Mumbai,Dress,Kurti,4,1499,20,4796.8,UPI,3.8,Delivered
ORD01167,2025-08-10,C1431,Male,24,Delhi,Accessories,Scarf,3,799,15,2037.45,Cash,4.8,Returned
ORD01168,2025-02-12,C1013,Male,49,Mumbai,Accessories,Watch,4,2499,10,8996.4,Net Banking,5.0,Delivered
ORD01169,2025-10-17,C1384,Female,20,Hyderabad,Accessories,Watch,3,499,15,1272.45,UPI,4.3,Cancelled
ORD01170,2025-12-11,C1726,Female,43,Chennai,Dress,Kurti,1,499,5,474.05,UPI,4.0,Returned
ORD01171,2025-01-14,C1221,Male,19,Chennai,Shoes,Heels,1,1499,15,1274.15,Cash,4.5,Delivered
ORD01172,2025-05-10,C1367,Female,40,Mumbai,Bottom,Leggings,1,2499,15,2124.15,Cash,4.8,Returned
ORD01173,2025-03-24,C1214,Female,43,Delhi,Dress,Maxi Dress,4,2499,10,8996.4,Card,4.7,Returned
ORD01174,2025-04-27,C1324,Female,24,Chennai,Dress,Maxi Dress,3,1999,20,4797.6,UPI,4.6,Cancelled
ORD01175,2025-04-14,C1271,Female,40,Delhi,Shoes,Heels,4,2499,5,9496.2,Net Banking,4.6,Returned
ORD01176,2025-06-08,C1930,Female,53,Hyderabad,Top,T-Shirt,3,499,0,1497.0,Card,3.8,Returned
ORD01177,2025-11-03,C1936,Female,34,Mumbai,Accessories,Scarf,1,799,0,799.0,Cash,3.6,Cancelled
ORD01178,2025-05-31,C1628,Male,38,Mumbai,Bottom,Leggings,2,1499,0,2998.0,Net Banking,4.8,Delivered
ORD01179,2025-04-25,C1853,Male,33,Mumbai,Top,Crop Top,2,2499,10,4498.2,Net Banking,3.5,Cancelled
ORD01180,2025-11-10,C1494,Female,44,Hyderabad,Top,T-Shirt,1,999,5,949.05,Card,4.9,Returned
ORD01181,2025-07-18,C1764,Female,41,Delhi,Top,Crop Top,4,2499,20,7996.8,Net Banking,4.8,Returned
ORD01182,2025-12-21,C1137,Female,33,Hyderabad,Bottom,Jeans,3,1999,10,5397.3,Card,3.6,Delivered
ORD01183,2025-11-06,C1233,Female,53,Mumbai,Accessories,Scarf,4,1999,10,7196.4,Net Banking,3.7,Returned
ORD01184,2025-08-12,C1066,Male,19,Hyderabad,Accessories,Handbag,4,1999,15,6796.6,Net Banking,4.2,Cancelled
ORD01185,2025-07-01,C1066,Female,54,Delhi,Dress,Maxi Dress,4,2999,5,11396.2,UPI,3.6,Cancelled
ORD01186,2025-04-21,C1677,Female,37,Hyderabad,Accessories,Watch,4,2499,5,9496.2,Cash,5.0,Returned
ORD01187,2025-10-28,C1322,Male,21,Chennai,Top,Crop Top,4,799,20,2556.8,Cash,5.0,Cancelled
ORD01188,2025-04-10,C1254,Male,29,Pune,Dress,Floral Dress,1,1999,15,1699.15,Net Banking,4.6,Cancelled
ORD01189,2025-12-17,C1396,Female,42,Chennai,Dress,Maxi Dress,1,499,15,424.15,Net Banking,4.4,Delivered
ORD01190,2025-08-09,C1900,Female,49,Pune,Bottom,Jeans,1,999,10,899.1,Card,3.8,Returned
ORD01191,2025-02-18,C1536,Female,19,Hyderabad,Shoes,Sneakers,2,999,0,1998.0,UPI,4.0,Cancelled
ORD01192,2025-09-28,C1012,Male,38,Bengaluru,Dress,Kurti,3,499,5,1422.15,Cash,3.5,Delivered
ORD01193,2025-04-07,C1651,Female,29,Hyderabad,Accessories,Scarf,3,2999,0,8997.0,Card,4.9,Returned
ORD01194,2025-08-14,C1723,Male,50,Mumbai,Dress,Kurti,2,1999,10,3598.2,Net Banking,4.4,Delivered
ORD01195,2025-02-25,C1357,Male,55,Hyderabad,Accessories,Handbag,1,2999,10,2699.1,Card,4.9,Delivered
ORD01196,2025-12-04,C1561,Female,46,Pune,Shoes,Sneakers,2,1999,10,3598.2,UPI,4.9,Returned
ORD01197,2025-07-26,C1042,Female,21,Bengaluru,Top,Shirt,2,799,15,1358.3,UPI,3.8,Cancelled
ORD01198,2025-09-30,C1534,Female,52,Chennai,Dress,Kurti,3,1999,20,4797.6,Card,4.4,Returned
ORD01199,2025-11-17,C1436,Female,45,Bengaluru,Bottom,Jeans,4,2999,5,11396.2,UPI,3.9,Returned
ORD01200,2025-07-19,C1313,Female,36,Chennai,Dress,Maxi Dress,1,999,20,799.2,UPI,4.2,Cancelled
ORD01201,2025-10-20,C1555,Male,38,Chennai,Dress,Floral Dress,1,999,20,799.2,UPI,4.6,Cancelled
ORD01202,2025-10-03,C1053,Female,50,Hyderabad,Dress,Floral Dress,3,1499,5,4272.15,Card,4.0,Cancelled
ORD01203,2025-04-06,C1913,Male,38,Pune,Bottom,Trousers,1,799,0,799.0,Card,4.2,Returned
ORD01204,2025-12-19,C1119,Female,18,Mumbai,Top,Crop Top,1,499,15,424.15,Cash,3.8,Delivered
ORD01205,2025-03-14,C1613,Male,34,Bengaluru,Shoes,Sneakers,3,2999,15,7647.45,Cash,3.6,Delivered
ORD01206,2025-04-08,C1836,Female,34,Hyderabad,Bottom,Leggings,1,1499,15,1274.15,UPI,4.1,Cancelled
ORD01207,2025-02-28,C1118,Male,49,Pune,Shoes,Sneakers,4,799,5,3036.2,Card,3.6,Cancelled
ORD01208,2025-05-27,C1291,Female,24,Pune,Bottom,Jeans,3,2499,15,6372.45,Net Banking,3.9,Delivered
ORD01209,2025-01-19,C1480,Female,24,Pune,Dress,Kurti,4,799,5,3036.2,Card,4.3,Delivered
ORD01210,2025-11-12,C1379,Female,27,Bengaluru,Shoes,Sneakers,1,2999,0,2999.0,UPI,3.9,Cancelled
ORD01211,2025-01-08,C1971,Male,39,Delhi,Accessories,Handbag,2,2499,10,4498.2,Card,3.6,Returned
ORD01212,2025-05-30,C1517,Male,32,Mumbai,Shoes,Sneakers,1,1499,15,1274.15,Card,3.7,Returned
ORD01213,2025-05-28,C1570,Male,27,Hyderabad,Shoes,Sneakers,4,499,5,1896.2,Cash,4.4,Delivered
ORD01214,2025-11-13,C1737,Male,38,Delhi,Dress,Kurti,1,1499,20,1199.2,UPI,4.3,Delivered
ORD01215,2025-01-30,C1833,Female,54,Pune,Dress,Kurti,2,499,15,848.3,Card,3.5,Cancelled
ORD01216,2025-11-27,C1395,Female,42,Bengaluru,Dress,Kurti,1,499,15,424.15,Card,4.9,Cancelled
ORD01217,2025-03-20,C1465,Female,32,Mumbai,Shoes,Sandals,3,999,15,2547.45,Cash,4.2,Cancelled
ORD01218,2025-08-10,C1824,Female,27,Pune,Top,Shirt,3,799,10,2157.3,Net Banking,4.6,Returned
ORD01219,2025-07-27,C1431,Female,47,Chennai,Accessories,Handbag,4,799,10,2876.4,Net Banking,3.8,Returned
ORD01220,2025-03-10,C1740,Male,33,Mumbai,Shoes,Heels,3,999,10,2697.3,Card,4.5,Cancelled
ORD01221,2025-07-29,C1383,Female,31,Bengaluru,Top,Crop Top,3,1499,20,3597.6,Card,4.8,Returned
ORD01222,2025-04-13,C1222,Female,53,Mumbai,Dress,Kurti,4,999,20,3196.8,Net Banking,4.1,Cancelled
ORD01223,2025-12-08,C1176,Female,54,Mumbai,Shoes,Sneakers,4,499,5,1896.2,Net Banking,4.1,Cancelled
ORD01224,2025-03-08,C1780,Female,38,Hyderabad,Top,T-Shirt,4,999,15,3396.6,UPI,3.9,Cancelled
ORD01225,2025-01-28,C1339,Male,38,Delhi,Dress,Floral Dress,1,499,0,499.0,Card,4.9,Cancelled
ORD01226,2025-06-11,C1597,Female,48,Delhi,Top,T-Shirt,3,2999,0,8997.0,Card,4.0,Returned
ORD01227,2025-09-30,C1932,Female,28,Hyderabad,Bottom,Jeans,2,799,5,1518.1,Net Banking,4.1,Cancelled
ORD01228,2025-02-19,C1773,Male,26,Bengaluru,Bottom,Trousers,2,499,5,948.1,Net Banking,4.9,Returned
ORD01229,2025-10-27,C1585,Male,46,Pune,Shoes,Sneakers,1,1999,10,1799.1,Net Banking,4.9,Cancelled
ORD01230,2025-03-11,C1639,Female,43,Mumbai,Accessories,Watch,3,499,10,1347.3,UPI,3.6,Cancelled
ORD01231,2025-09-11,C1016,Female,28,Delhi,Top,Crop Top,3,999,0,2997.0,Cash,4.0,Delivered
ORD01232,2025-01-27,C1664,Male,37,Delhi,Accessories,Watch,1,1499,10,1349.1,Net Banking,4.9,Returned
ORD01233,2025-06-20,C1564,Male,26,Hyderabad,Bottom,Jeans,3,2499,15,6372.45,UPI,4.5,Cancelled
ORD01234,2025-07-14,C1397,Male,35,Chennai,Accessories,Handbag,3,1499,5,4272.15,Net Banking,4.9,Returned
ORD01235,2025-06-27,C1736,Female,53,Mumbai,Bottom,Trousers,4,1499,10,5396.4,Net Banking,3.7,Returned
ORD01236,2025-06-13,C1882,Male,19,Mumbai,Bottom,Jeans,4,2499,0,9996.0,UPI,4.7,Delivered
ORD01237,2025-05-02,C1797,Male,22,Pune,Dress,Floral Dress,3,499,5,1422.15,UPI,4.4,Cancelled
ORD01238,2025-08-24,C1646,Female,24,Hyderabad,Bottom,Trousers,1,799,20,639.2,UPI,4.4,Delivered
ORD01239,2025-02-16,C1003,Female,32,Mumbai,Top,T-Shirt,1,799,0,799.0,UPI,4.6,Cancelled
ORD01240,2025-04-12,C1725,Female,29,Bengaluru,Dress,Maxi Dress,3,2499,20,5997.6,Cash,3.8,Cancelled
ORD01241,2025-04-01,C1997,Male,34,Mumbai,Accessories,Handbag,4,799,20,2556.8,Card,3.5,Cancelled
ORD01242,2025-04-27,C1166,Female,55,Delhi,Dress,Kurti,1,799,5,759.05,Net Banking,4.8,Cancelled
ORD01243,2025-09-29,C1007,Female,36,Mumbai,Bottom,Jeans,4,999,10,3596.4,UPI,4.6,Delivered
ORD01244,2025-08-09,C1081,Female,18,Chennai,Dress,Maxi Dress,3,2499,0,7497.0,UPI,4.4,Returned
ORD01245,2025-06-13,C1461,Female,48,Delhi,Accessories,Watch,1,1999,10,1799.1,Net Banking,4.6,Returned
ORD01246,2025-12-20,C1361,Female,47,Bengaluru,Shoes,Heels,2,799,20,1278.4,Cash,3.8,Returned
ORD01247,2025-07-17,C1429,Male,26,Delhi,Shoes,Heels,4,799,5,3036.2,Net Banking,4.6,Cancelled
ORD01248,2025-12-05,C1927,Male,27,Hyderabad,Top,Shirt,3,499,15,1272.45,Card,4.7,Delivered
ORD01249,2025-04-12,C1022,Female,43,Mumbai,Dress,Floral Dress,4,1499,5,5696.2,Cash,3.9,Cancelled
ORD01250,2025-08-10,C1445,Male,49,Chennai,Bottom,Jeans,2,1499,20,2398.4,UPI,4.6,Returned
ORD01251,2025-03-14,C1240,Female,31,Bengaluru,Dress,Floral Dress,3,2499,15,6372.45,Net Banking,4.4,Delivered
ORD01252,2025-08-08,C1626,Male,26,Hyderabad,Bottom,Trousers,2,999,10,1798.2,Cash,4.5,Returned
ORD01253,2025-02-02,C1018,Female,41,Bengaluru,Bottom,Trousers,2,999,20,1598.4,Card,5.0,Delivered
ORD01254,2025-09-01,C1805,Female,53,Delhi,Bottom,Trousers,2,2999,10,5398.2,Cash,4.5,Cancelled
ORD01255,2025-04-28,C1725,Male,33,Bengaluru,Top,T-Shirt,3,2999,20,7197.6,Net Banking,5.0,Delivered
ORD01256,2025-02-11,C1541,Female,47,Hyderabad,Bottom,Trousers,1,1499,5,1424.05,Cash,4.4,Delivered
ORD01257,2025-07-06,C1868,Male,48,Mumbai,Shoes,Heels,2,2999,10,5398.2,Card,4.6,Cancelled
ORD01258,2025-03-16,C1802,Female,38,Bengaluru,Dress,Maxi Dress,3,2999,20,7197.6,Cash,4.2,Cancelled
ORD01259,2025-02-01,C1753,Male,51,Hyderabad,Accessories,Handbag,2,1999,20,3198.4,Cash,3.7,Delivered
ORD01260,2025-06-01,C1025,Male,44,Pune,Shoes,Heels,1,999,10,899.1,Cash,3.8,Returned
ORD01261,2025-06-10,C1110,Female,47,Delhi,Top,Shirt,4,1999,5,7596.2,Card,4.4,Cancelled
ORD01262,2025-01-09,C1126,Male,38,Hyderabad,Accessories,Watch,3,799,20,1917.6,Net Banking,3.7,Returned
ORD01263,2025-11-27,C1331,Female,29,Delhi,Top,Shirt,4,1999,0,7996.0,UPI,4.4,Cancelled
ORD01264,2025-03-09,C1508,Male,22,Mumbai,Bottom,Leggings,1,1999,0,1999.0,Card,4.6,Delivered
ORD01265,2025-06-23,C1083,Female,39,Pune,Accessories,Handbag,2,499,10,898.2,Net Banking,5.0,Returned
ORD01266,2025-10-08,C1842,Male,31,Bengaluru,Accessories,Handbag,4,2499,15,8496.6,Card,4.5,Delivered
ORD01267,2025-11-26,C1863,Male,48,Pune,Bottom,Jeans,2,499,20,798.4,UPI,3.5,Delivered
ORD01268,2025-11-21,C1686,Female,19,Hyderabad,Top,T-Shirt,2,1999,10,3598.2,Cash,4.0,Returned
ORD01269,2025-10-29,C1036,Male,32,Hyderabad,Dress,Kurti,4,1999,0,7996.0,Net Banking,3.6,Delivered
ORD01270,2025-03-26,C1406,Male,27,Hyderabad,Bottom,Trousers,1,1999,10,1799.1,UPI,4.3,Cancelled
ORD01271,2025-03-23,C1854,Male,34,Delhi,Accessories,Watch,3,1999,10,5397.3,Card,4.3,Returned
ORD01272,2025-08-17,C1617,Female,31,Mumbai,Bottom,Leggings,1,2499,10,2249.1,UPI,4.2,Delivered
ORD01273,2025-06-02,C1852,Male,55,Delhi,Shoes,Sneakers,2,799,20,1278.4,Cash,4.6,Returned
ORD01274,2025-01-13,C1317,Male,31,Mumbai,Dress,Kurti,2,1999,10,3598.2,Cash,3.8,Delivered
ORD01275,2025-07-20,C1616,Male,49,Bengaluru,Shoes,Sandals,4,2499,10,8996.4,Cash,4.2,Cancelled
ORD01276,2025-01-06,C1969,Female,18,Delhi,Top,T-Shirt,1,499,0,499.0,Net Banking,4.4,Returned
ORD01277,2025-04-08,C1994,Female,41,Pune,Accessories,Handbag,1,499,10,449.1,Cash,3.8,Returned
ORD01278,2025-08-22,C1952,Male,25,Chennai,Dress,Maxi Dress,1,499,10,449.1,UPI,3.7,Returned
ORD01279,2025-10-24,C1711,Female,35,Pune,Top,T-Shirt,1,499,5,474.05,Net Banking,4.2,Delivered
ORD01280,2025-09-12,C1442,Female,44,Mumbai,Top,T-Shirt,1,1499,15,1274.15,UPI,3.5,Cancelled
ORD01281,2025-09-03,C1207,Female,19,Chennai,Dress,Kurti,1,2999,10,2699.1,Cash,4.6,Delivered
ORD01282,2025-01-23,C1894,Female,53,Chennai,Top,Crop Top,4,2999,0,11996.0,Net Banking,5.0,Delivered
ORD01283,2025-08-30,C1557,Male,41,Chennai,Dress,Maxi Dress,3,499,20,1197.6,Cash,4.1,Cancelled
ORD01284,2025-10-25,C1411,Female,47,Delhi,Accessories,Scarf,2,999,10,1798.2,Cash,4.1,Delivered
ORD01285,2025-05-10,C1906,Male,39,Delhi,Shoes,Sandals,4,999,15,3396.6,Net Banking,3.6,Returned
ORD01286,2025-11-17,C1148,Female,52,Chennai,Accessories,Scarf,2,499,10,898.2,Card,4.3,Cancelled
ORD01287,2025-09-14,C1557,Male,51,Pune,Top,T-Shirt,4,499,15,1696.6,UPI,4.8,Returned
ORD01288,2025-06-21,C1500,Male,38,Chennai,Accessories,Scarf,2,2499,5,4748.1,Cash,4.5,Cancelled
ORD01289,2025-07-28,C1704,Male,32,Chennai,Shoes,Sandals,4,799,20,2556.8,Net Banking,4.0,Delivered
ORD01290,2025-09-11,C1147,Male,37,Mumbai,Top,Crop Top,1,2999,20,2399.2,Net Banking,4.7,Returned
ORD01291,2025-01-16,C1302,Male,31,Mumbai,Top,Crop Top,1,2999,5,2849.05,UPI,3.5,Delivered
ORD01292,2025-01-06,C1714,Female,39,Bengaluru,Bottom,Leggings,1,1499,10,1349.1,Cash,4.5,Delivered
ORD01293,2025-12-14,C1503,Male,49,Delhi,Bottom,Leggings,4,2499,20,7996.8,Cash,4.4,Delivered
ORD01294,2025-02-20,C1432,Female,49,Pune,Bottom,Trousers,4,2999,15,10196.6,Net Banking,4.6,Delivered
ORD01295,2025-05-06,C1741,Male,47,Bengaluru,Shoes,Sneakers,4,999,20,3196.8,Cash,3.6,Delivered
ORD01296,2025-12-27,C1875,Female,31,Hyderabad,Accessories,Watch,1,999,10,899.1,Net Banking,4.3,Delivered
ORD01297,2025-08-16,C1070,Male,47,Delhi,Dress,Kurti,2,1999,0,3998.0,Net Banking,4.9,Cancelled
ORD01298,2025-08-20,C1300,Male,20,Delhi,Dress,Maxi Dress,1,2499,20,1999.2,Cash,4.2,Returned
ORD01299,2025-09-06,C1255,Male,42,Chennai,Dress,Kurti,2,2999,0,5998.0,Card,3.8,Returned
ORD01300,2025-10-26,C1865,Female,32,Chennai,Dress,Maxi Dress,2,799,10,1438.2,Net Banking,4.8,Cancelled
ORD01301,2025-11-06,C1576,Male,46,Bengaluru,Dress,Floral Dress,2,799,5,1518.1,Cash,4.6,Cancelled
ORD01302,2025-08-31,C1034,Female,45,Hyderabad,Shoes,Sneakers,3,2499,20,5997.6,Net Banking,3.7,Delivered
ORD01303,2025-09-17,C1941,Male,26,Pune,Dress,Floral Dress,3,2499,10,6747.3,UPI,4.2,Delivered
ORD01304,2025-10-07,C1382,Female,48,Pune,Dress,Kurti,2,2499,5,4748.1,Card,4.2,Cancelled
ORD01305,2025-03-10,C1764,Female,18,Delhi,Shoes,Sneakers,1,799,5,759.05,UPI,3.7,Cancelled
ORD01306,2025-03-12,C1327,Male,48,Mumbai,Dress,Floral Dress,3,1999,20,4797.6,Card,3.5,Cancelled
ORD01307,2025-10-11,C1648,Male,27,Chennai,Shoes,Heels,4,799,0,3196.0,Card,3.8,Cancelled
ORD01308,2025-05-07,C1641,Female,41,Mumbai,Top,T-Shirt,4,1999,0,7996.0,Cash,4.3,Returned
ORD01309,2025-01-15,C1197,Female,43,Bengaluru,Dress,Maxi Dress,1,2999,10,2699.1,Card,4.7,Cancelled
ORD01310,2025-09-24,C1294,Female,22,Bengaluru,Top,Shirt,4,2499,5,9496.2,UPI,3.9,Returned
ORD01311,2025-01-21,C1378,Female,43,Delhi,Dress,Kurti,1,2499,5,2374.05,Net Banking,4.7,Cancelled
ORD01312,2025-07-17,C1775,Male,48,Delhi,Bottom,Leggings,3,999,15,2547.45,UPI,4.3,Cancelled
ORD01313,2025-05-28,C1608,Male,38,Delhi,Shoes,Heels,1,999,10,899.1,Card,4.9,Cancelled
ORD01314,2025-07-30,C1285,Female,45,Chennai,Top,Shirt,3,799,10,2157.3,Card,4.3,Cancelled
ORD01315,2025-10-11,C1328,Male,47,Hyderabad,Top,Crop Top,3,799,10,2157.3,Card,4.6,Delivered
ORD01316,2025-06-22,C1187,Female,41,Mumbai,Bottom,Trousers,2,799,20,1278.4,Net Banking,4.7,Returned
ORD01317,2025-11-07,C1073,Female,25,Bengaluru,Bottom,Trousers,4,1999,10,7196.4,Net Banking,3.7,Delivered
ORD01318,2025-10-09,C1597,Female,50,Hyderabad,Dress,Floral Dress,3,1499,15,3822.45,Net Banking,4.9,Delivered
ORD01319,2025-09-01,C1447,Female,38,Pune,Bottom,Jeans,4,2499,15,8496.6,Card,4.4,Delivered
ORD01320,2025-10-08,C1548,Female,26,Pune,Dress,Maxi Dress,1,499,0,499.0,Net Banking,3.9,Delivered
ORD01321,2025-11-16,C1736,Female,36,Bengaluru,Dress,Kurti,1,499,0,499.0,Card,4.0,Delivered
ORD01322,2025-03-19,C1023,Female,32,Mumbai,Top,Crop Top,3,1999,10,5397.3,Net Banking,4.8,Delivered
ORD01323,2025-11-11,C1997,Female,49,Pune,Accessories,Scarf,1,799,0,799.0,UPI,4.4,Delivered
ORD01324,2025-03-30,C1939,Male,35,Pune,Shoes,Sneakers,2,1499,20,2398.4,UPI,3.7,Delivered
ORD01325,2025-02-11,C1418,Female,46,Mumbai,Bottom,Leggings,4,1499,5,5696.2,Net Banking,3.8,Cancelled
ORD01326,2025-09-26,C1350,Female,19,Bengaluru,Shoes,Sneakers,3,799,15,2037.45,Net Banking,4.2,Returned
ORD01327,2025-12-24,C1699,Female,28,Bengaluru,Accessories,Handbag,3,799,0,2397.0,Card,4.4,Delivered
ORD01328,2025-04-29,C1388,Female,19,Chennai,Bottom,Leggings,4,999,5,3796.2,Card,4.6,Cancelled
ORD01329,2025-07-15,C1020,Female,45,Chennai,Dress,Maxi Dress,1,1499,20,1199.2,Net Banking,4.0,Returned
ORD01330,2025-05-14,C1490,Male,28,Mumbai,Dress,Maxi Dress,3,999,5,2847.15,Card,3.9,Delivered
ORD01331,2025-03-23,C1094,Male,34,Pune,Shoes,Heels,1,2999,5,2849.05,Cash,3.6,Returned
ORD01332,2025-04-06,C1234,Female,37,Mumbai,Top,Shirt,2,2999,15,5098.3,UPI,3.9,Delivered
ORD01333,2025-08-29,C1964,Female,28,Mumbai,Dress,Kurti,1,1999,5,1899.05,UPI,3.9,Delivered
ORD01334,2025-04-02,C1546,Male,47,Hyderabad,Accessories,Scarf,1,499,0,499.0,Cash,3.9,Cancelled
ORD01335,2025-03-29,C1784,Female,50,Pune,Top,T-Shirt,2,799,0,1598.0,UPI,4.0,Returned
ORD01336,2025-05-04,C1882,Female,54,Delhi,Top,T-Shirt,1,1499,5,1424.05,Net Banking,4.8,Delivered
ORD01337,2025-11-07,C1772,Male,22,Bengaluru,Shoes,Sneakers,1,2499,5,2374.05,Card,3.7,Delivered
ORD01338,2025-07-26,C1910,Female,51,Delhi,Bottom,Leggings,4,2499,15,8496.6,Net Banking,4.3,Returned
ORD01339,2025-01-19,C1211,Male,41,Delhi,Accessories,Watch,2,1999,15,3398.3,UPI,3.7,Cancelled
ORD01340,2025-09-07,C1203,Male,31,Bengaluru,Shoes,Heels,4,999,10,3596.4,Card,3.5,Returned
ORD01341,2025-03-14,C1016,Male,46,Delhi,Accessories,Scarf,2,2499,10,4498.2,Net Banking,4.1,Returned
ORD01342,2025-08-01,C1982,Male,33,Mumbai,Shoes,Sandals,4,999,5,3796.2,UPI,4.2,Returned
ORD01343,2025-08-10,C1079,Female,40,Hyderabad,Bottom,Jeans,3,1499,15,3822.45,Net Banking,4.8,Delivered
ORD01344,2025-09-17,C1169,Male,24,Mumbai,Shoes,Sneakers,3,999,5,2847.15,Cash,4.0,Delivered
ORD01345,2025-08-18,C1413,Female,47,Delhi,Dress,Kurti,2,2499,20,3998.4,Cash,4.1,Returned
ORD01346,2025-09-21,C1037,Male,27,Bengaluru,Bottom,Jeans,1,1499,15,1274.15,Cash,4.2,Cancelled
ORD01347,2025-04-11,C1095,Female,35,Bengaluru,Shoes,Sandals,3,799,5,2277.15,Card,4.6,Delivered
ORD01348,2025-04-10,C1427,Male,45,Hyderabad,Dress,Maxi Dress,1,799,5,759.05,Cash,4.1,Delivered
ORD01349,2025-09-05,C1805,Male,32,Bengaluru,Dress,Floral Dress,2,2999,0,5998.0,Card,3.9,Cancelled
ORD01350,2025-06-25,C1631,Female,48,Delhi,Shoes,Sneakers,1,2499,15,2124.15,Cash,4.7,Cancelled
ORD01351,2025-05-23,C1825,Male,32,Pune,Bottom,Trousers,2,2499,20,3998.4,Net Banking,4.3,Returned
ORD01352,2025-10-30,C1307,Female,24,Mumbai,Bottom,Leggings,3,1499,15,3822.45,Card,,Delivered
ORD01353,2025-07-31,C1760,Female,44,Hyderabad,Top,Shirt,2,499,20,798.4,Cash,4.3,Returned
ORD01354,2025-12-06,C1067,Female,21,Bengaluru,Dress,Floral Dress,2,1999,15,3398.3,Net Banking,4.9,Returned
ORD01355,2025-03-02,C1315,Male,49,Bengaluru,Top,Shirt,4,499,10,1796.4,Net Banking,4.9,Cancelled
ORD01356,2025-11-09,C1823,Male,39,Mumbai,Top,Shirt,4,2999,5,11396.2,Cash,3.9,Cancelled
ORD01357,2025-01-05,C1153,Female,49,Pune,Shoes,Sneakers,1,499,0,499.0,Card,4.7,Delivered
ORD01358,2025-07-07,C1695,Female,54,Pune,Dress,Maxi Dress,2,499,5,948.1,UPI,3.9,Delivered
ORD01359,2025-01-21,C1629,Male,30,Mumbai,Bottom,Leggings,1,499,20,399.2,Net Banking,3.6,Returned
ORD01360,2025-11-10,C1291,Male,22,Bengaluru,Dress,Maxi Dress,3,1999,20,4797.6,Cash,3.6,Delivered
ORD01361,2025-01-17,C1402,Female,28,Chennai,Accessories,Handbag,4,1999,5,7596.2,Net Banking,4.5,Returned
ORD01362,2025-05-01,C1813,Female,38,Mumbai,Bottom,Trousers,3,999,15,2547.45,Card,4.1,Returned
ORD01363,2025-03-02,C1151,Male,46,Mumbai,Top,Crop Top,2,499,0,998.0,Card,3.6,Cancelled
ORD01364,2025-09-04,C1445,Female,25,Chennai,Dress,Maxi Dress,3,2499,10,6747.3,Cash,4.4,Cancelled
ORD01365,2025-06-26,C1067,Male,20,Delhi,Top,Shirt,1,999,5,949.05,Net Banking,4.1,Delivered
ORD01366,2025-06-17,C1763,Female,38,Hyderabad,Shoes,Heels,4,2999,10,10796.4,Card,4.2,Delivered
ORD01367,2025-06-21,C1151,Male,26,Mumbai,Top,Shirt,4,499,15,1696.6,Net Banking,4.8,Returned
ORD01368,2025-11-20,C1369,Female,41,Delhi,Top,Crop Top,2,1499,0,2998.0,UPI,4.7,Delivered
ORD01369,2025-12-04,C1878,Female,51,Bengaluru,Shoes,Sandals,2,799,5,1518.1,Card,4.0,Returned
ORD01370,2025-06-20,C1018,Female,55,Chennai,Dress,Maxi Dress,3,1999,15,5097.45,UPI,3.6,Returned
ORD01371,2025-05-16,C1307,Male,32,Chennai,Shoes,Heels,2,999,20,1598.4,Cash,3.8,Returned
ORD01372,2025-08-19,C1244,Female,18,Bengaluru,Bottom,Jeans,2,499,5,948.1,UPI,4.9,Delivered
ORD01373,2025-11-24,C1806,Female,21,Bengaluru,Bottom,Trousers,4,499,20,1596.8,Card,4.8,Cancelled
ORD01374,2025-07-19,C1574,Female,29,Hyderabad,Accessories,Watch,1,2999,5,2849.05,Card,4.9,Delivered
ORD01375,2025-01-11,C1101,Male,34,Mumbai,Shoes,Sneakers,3,2499,5,7122.15,Cash,4.9,Cancelled
ORD01376,2025-07-05,C1099,Female,37,Hyderabad,Bottom,Leggings,2,1499,5,2848.1,UPI,4.6,Delivered
ORD01377,2025-05-19,C1988,Male,25,Bengaluru,Top,T-Shirt,1,799,0,799.0,Cash,4.7,Delivered
ORD01378,2025-11-11,C1284,Male,40,Pune,Accessories,Scarf,4,1999,0,7996.0,Cash,4.2,Delivered
ORD01379,2025-11-14,C1823,Male,22,Mumbai,Shoes,Sneakers,3,2499,0,7497.0,Card,4.9,Returned
ORD01380,2025-07-19,C1811,Female,24,Hyderabad,Top,Crop Top,2,1499,10,2698.2,Net Banking,3.5,Delivered
ORD01381,2025-02-04,C1999,Male,49,Hyderabad,Top,T-Shirt,4,2999,20,9596.8,Net Banking,4.6,Returned
ORD01382,2025-04-07,C1003,Female,19,Chennai,Bottom,Trousers,3,799,0,2397.0,Cash,3.6,Cancelled
ORD01383,2025-02-19,C1608,Male,55,Mumbai,Bottom,Leggings,1,999,15,849.15,Net Banking,3.6,Returned
ORD01384,2025-11-23,C1324,Male,37,Hyderabad,Accessories,Scarf,3,499,20,1197.6,Net Banking,4.7,Returned
ORD01385,2025-07-14,C1156,Female,39,Bengaluru,Dress,Floral Dress,1,999,5,949.05,UPI,4.5,Cancelled
ORD01386,2025-01-14,C1291,Female,29,Chennai,Bottom,Jeans,4,999,10,3596.4,UPI,4.1,Delivered
ORD01387,2025-05-16,C1786,Female,38,Pune,Accessories,Scarf,1,999,0,999.0,Card,3.6,Cancelled
ORD01388,2025-10-09,C1772,Male,53,Hyderabad,Top,Crop Top,1,799,0,799.0,Cash,3.9,Cancelled
ORD01389,2025-08-04,C1095,Female,35,Chennai,Bottom,Jeans,4,2999,0,11996.0,UPI,4.0,Delivered
ORD01390,2025-07-04,C1415,Male,34,Mumbai,Dress,Floral Dress,1,499,15,424.15,Card,3.6,Delivered
ORD01391,2025-02-23,C1645,Male,48,Mumbai,Bottom,Jeans,2,2499,20,3998.4,Card,4.6,Delivered
ORD01392,2025-10-23,C1813,Male,49,Hyderabad,Accessories,Handbag,4,499,20,1596.8,Card,4.8,Delivered
ORD01393,2025-03-11,C1414,Female,55,Delhi,Shoes,Sneakers,4,799,20,2556.8,Cash,3.9,Delivered
ORD01394,2025-02-28,C1415,Male,34,Chennai,Accessories,Handbag,4,999,20,3196.8,Card,4.2,Cancelled
ORD01395,2025-01-21,C1236,Male,20,Chennai,Top,Crop Top,1,2499,5,2374.05,UPI,3.7,Cancelled
ORD01396,2025-11-30,C1215,Male,18,Bengaluru,Shoes,Sneakers,2,999,0,1998.0,UPI,4.4,Returned
ORD01397,2025-06-16,C1420,Female,51,Chennai,Top,Shirt,2,799,0,1598.0,Cash,4.8,Returned
ORD01398,2025-12-07,C1878,Male,49,Bengaluru,Top,Crop Top,2,799,15,1358.3,Cash,4.0,Returned
ORD01399,2025-01-31,C1766,Female,51,Delhi,Dress,Maxi Dress,1,1499,15,1274.15,Card,3.7,Returned
ORD01400,2025-01-08,C1484,Male,55,Bengaluru,Dress,Maxi Dress,2,999,10,1798.2,Cash,3.8,Returned
ORD01401,2025-07-19,C1276,Male,48,Mumbai,Top,Shirt,2,2499,10,4498.2,Net Banking,4.8,Delivered
ORD01402,2025-10-10,C1521,Male,25,Delhi,Dress,Floral Dress,4,1499,5,5696.2,Cash,5.0,Cancelled
ORD01403,2025-07-26,C1020,Male,54,Pune,Bottom,Trousers,1,999,20,799.2,Card,4.7,Returned
ORD01404,2025-01-02,C1152,Male,38,Chennai,Bottom,Jeans,2,2499,15,4248.3,Net Banking,5.0,Cancelled
ORD01405,2025-06-06,C1738,Female,34,Chennai,Bottom,Jeans,4,799,5,3036.2,Cash,3.7,Cancelled
ORD01406,2025-07-02,C1098,Female,48,Hyderabad,Top,Crop Top,4,2499,20,7996.8,Card,4.3,Delivered
ORD01407,2025-09-30,C1341,Female,32,Bengaluru,Bottom,Jeans,3,999,15,2547.45,UPI,4.6,Cancelled
ORD01408,2025-04-15,C1478,Female,52,Chennai,Dress,Floral Dress,2,799,15,1358.3,UPI,4.8,Delivered
ORD01409,2025-02-19,C1037,Female,18,,Accessories,Watch,2,799,5,1518.1,Net Banking,3.8,Delivered
ORD01410,2025-05-02,C1626,Male,23,Delhi,Bottom,Trousers,4,799,0,3196.0,Card,4.0,Delivered
ORD01411,2025-12-23,C1746,Male,49,Mumbai,Shoes,Sandals,3,1999,5,5697.15,Net Banking,4.5,Returned
ORD01412,2025-12-23,C1357,Female,46,Hyderabad,Dress,Floral Dress,2,1999,10,3598.2,Card,3.5,Delivered
ORD01413,2025-03-22,C1239,Male,29,Mumbai,Dress,Kurti,1,2499,10,2249.1,Card,3.8,Delivered
ORD01414,2025-03-10,C1032,Male,31,Delhi,Top,Shirt,4,499,15,1696.6,Cash,3.8,Cancelled
ORD01415,2025-01-04,C1175,Female,20,Hyderabad,Shoes,Sneakers,1,2999,5,2849.05,Card,4.2,Cancelled
ORD01416,2025-03-20,C1425,Male,45,Mumbai,Shoes,Sneakers,1,2999,5,2849.05,Card,3.8,Returned
ORD01417,2025-11-01,C1545,Male,46,Bengaluru,Accessories,Scarf,3,1499,5,4272.15,Card,4.7,Cancelled
ORD01418,2025-01-11,C1200,Female,36,Bengaluru,Shoes,Heels,3,999,20,2397.6,Net Banking,3.8,Delivered
ORD01419,2025-10-01,C1972,Male,53,Bengaluru,Accessories,Handbag,2,499,5,948.1,Net Banking,4.6,Cancelled
ORD01420,2025-04-29,C1818,Male,33,Pune,Accessories,Scarf,2,499,20,798.4,UPI,3.8,Delivered
ORD01421,2025-05-13,C1267,Female,53,Mumbai,Accessories,Scarf,1,999,20,799.2,Card,4.3,Delivered
ORD01422,2025-02-15,C1530,Male,46,Pune,Shoes,Heels,2,799,5,1518.1,Net Banking,4.5,Cancelled
ORD01423,2025-06-22,C1030,Male,18,Pune,Accessories,Handbag,3,1499,5,4272.15,UPI,4.5,Cancelled
ORD01424,2025-12-19,C1194,Female,24,Bengaluru,Dress,Floral Dress,3,799,20,1917.6,Cash,3.6,Delivered
ORD01425,2025-02-28,C1813,Female,36,Delhi,Accessories,Handbag,2,999,10,1798.2,Card,4.1,Delivered
ORD01426,2025-02-09,C1154,Male,36,Hyderabad,Accessories,Handbag,4,999,15,3396.6,UPI,4.3,Returned
ORD01427,2025-01-23,C1613,Male,18,Chennai,Shoes,Heels,1,1999,15,1699.15,Cash,4.2,Delivered
ORD01428,2025-05-21,C1542,Male,43,Bengaluru,Shoes,Heels,3,499,10,1347.3,UPI,4.6,Delivered
ORD01429,2025-07-09,C1677,Male,41,Delhi,Shoes,Sneakers,3,1999,5,5697.15,Card,5.0,Cancelled
ORD01430,2025-01-28,C1416,Male,33,Bengaluru,Shoes,Sandals,1,1999,0,1999.0,Net Banking,4.4,Cancelled
ORD01431,2025-01-25,C1950,Male,43,Delhi,Bottom,Jeans,2,799,0,1598.0,UPI,3.6,Cancelled
ORD01432,2025-11-26,C1181,Female,49,Mumbai,Accessories,Scarf,1,999,10,899.1,Card,4.9,Returned
ORD01433,2025-12-11,C1067,Male,43,Hyderabad,Top,Crop Top,1,1499,10,1349.1,Cash,3.9,Cancelled
ORD01434,2025-05-05,C1900,Female,26,Delhi,Top,Crop Top,3,1499,10,4047.3,Net Banking,3.7,Delivered
ORD01435,2025-07-19,C1298,Female,28,Delhi,Dress,Maxi Dress,3,499,15,1272.45,Cash,4.8,Returned
ORD01436,2025-07-08,C1348,Male,36,Mumbai,Dress,Floral Dress,4,2999,5,11396.2,UPI,4.6,Cancelled
ORD01437,2025-05-29,C1525,Male,32,Chennai,Dress,Maxi Dress,4,999,15,3396.6,UPI,4.7,Returned
ORD01438,2025-03-10,C1476,Male,39,Pune,Top,Crop Top,2,2999,10,5398.2,Cash,4.0,Cancelled
ORD01439,2025-07-01,C1198,Female,55,Delhi,Dress,Maxi Dress,2,799,5,1518.1,UPI,3.8,Returned
ORD01440,2025-08-21,C1538,Female,25,Hyderabad,Top,T-Shirt,1,499,0,499.0,UPI,4.6,Cancelled
ORD01441,2025-03-10,C1414,Female,32,Pune,Top,T-Shirt,1,2499,5,2374.05,Net Banking,4.2,Delivered
ORD01442,2025-02-18,C1472,Female,53,Chennai,Dress,Floral Dress,4,2999,10,10796.4,UPI,5.0,Delivered
ORD01443,2025-06-21,C1797,Female,25,Hyderabad,Top,T-Shirt,1,2999,0,2999.0,Card,4.4,Cancelled
ORD01444,2025-11-23,C1719,Female,34,Chennai,Accessories,Handbag,2,2499,15,4248.3,Cash,4.0,Cancelled
ORD01445,2025-07-20,C1376,Female,26,Pune,Dress,Kurti,4,499,20,1596.8,UPI,4.5,Returned
ORD01446,2025-10-22,C1293,Male,52,Delhi,Accessories,Handbag,1,2999,20,2399.2,Card,4.5,Delivered
ORD01447,2025-07-28,C1199,Male,28,Mumbai,Shoes,Sandals,4,999,0,3996.0,Card,4.4,Delivered
ORD01448,2025-02-17,C1261,Male,36,Mumbai,Top,Shirt,3,999,10,2697.3,Net Banking,4.1,Cancelled
ORD01449,2025-07-22,C1438,Female,20,Hyderabad,Dress,Maxi Dress,1,2999,10,2699.1,UPI,3.9,Delivered
ORD01450,2025-01-29,C1532,Male,41,Bengaluru,Top,Shirt,1,499,5,474.05,Net Banking,4.8,Cancelled
ORD01451,2025-04-19,C1102,Male,31,Delhi,Dress,Floral Dress,4,799,15,2716.6,Cash,3.6,Returned
ORD01452,2025-11-17,C1867,Female,45,Hyderabad,Dress,Maxi Dress,2,1499,20,2398.4,Card,3.7,Cancelled
ORD01453,2025-06-05,C1917,Male,51,Bengaluru,Top,Crop Top,3,999,0,2997.0,Card,3.7,Returned
ORD01454,2025-09-28,C1139,Female,20,Mumbai,Bottom,Jeans,4,2999,20,9596.8,Card,4.6,Cancelled
ORD01455,2025-08-20,C1707,Male,21,Hyderabad,Bottom,Trousers,1,499,0,499.0,Cash,4.5,Cancelled
ORD01456,2025-04-04,C1957,Male,46,Delhi,Accessories,Scarf,1,2999,10,2699.1,Card,3.9,Returned
ORD01457,2025-07-12,C1890,Female,53,Chennai,Accessories,Scarf,4,2999,20,9596.8,Net Banking,4.4,Delivered
ORD01458,2025-11-23,C1974,Male,27,Delhi,Accessories,Watch,2,1999,10,3598.2,UPI,4.4,Returned
ORD01459,2025-04-10,C1976,Male,30,Pune,Dress,Kurti,3,1999,20,4797.6,Card,4.7,Delivered
ORD01460,2025-01-29,C1417,Male,53,Bengaluru,Bottom,Jeans,4,1499,20,4796.8,Card,4.3,Returned
ORD01461,2025-04-21,C1316,Male,51,Hyderabad,Dress,Maxi Dress,4,499,15,1696.6,Card,3.8,Returned
ORD01462,2025-10-15,C1775,Male,36,Pune,Accessories,Watch,2,1999,5,3798.1,Cash,4.5,Returned
ORD01463,2025-03-17,C1415,Female,52,Chennai,Dress,Floral Dress,4,999,0,3996.0,Card,4.3,Returned
ORD01464,2025-11-19,C1074,Male,18,Hyderabad,Bottom,Jeans,4,1999,15,6796.6,Net Banking,4.0,Returned
ORD01465,2025-06-10,C1585,Female,25,Delhi,Dress,Kurti,2,2999,5,5698.1,Card,4.7,Returned
ORD01466,2025-06-09,C1870,Female,20,Pune,Shoes,Sandals,2,799,20,1278.4,Card,4.7,Returned
ORD01467,2025-07-20,C1929,Female,22,Pune,Top,T-Shirt,1,2499,20,1999.2,UPI,4.2,Returned
ORD01468,2025-06-21,C1843,Male,21,Pune,Accessories,Handbag,1,499,5,474.05,Net Banking,4.7,Cancelled
ORD01469,2025-02-07,C1878,Female,21,Bengaluru,Dress,Kurti,3,499,10,1347.3,Net Banking,4.4,Delivered
ORD01470,2025-01-26,C1747,Female,32,Chennai,Accessories,Handbag,4,2499,15,8496.6,Cash,4.4,Returned
ORD01471,2025-03-25,C1059,Female,26,Chennai,Dress,Maxi Dress,4,1499,20,4796.8,Net Banking,3.9,Returned
ORD01472,2025-02-17,C1763,Female,48,Bengaluru,Top,Crop Top,2,999,0,1998.0,UPI,4.3,Delivered
ORD01473,2025-09-26,C1690,Female,22,Mumbai,Accessories,Scarf,1,2999,10,2699.1,Card,3.5,Delivered
ORD01474,2025-03-29,C1207,Female,43,Pune,Shoes,Sneakers,1,799,10,719.1,Net Banking,4.0,Cancelled
ORD01475,2025-02-10,C1617,Male,18,Bengaluru,Dress,Maxi Dress,1,799,5,759.05,UPI,4.5,Delivered
ORD01476,2025-10-21,C1999,Female,42,Pune,Shoes,Sneakers,3,799,15,2037.45,Card,4.2,Delivered
ORD01477,2025-03-28,C1885,Female,21,Mumbai,Shoes,Sneakers,3,999,10,2697.3,Net Banking,4.4,Returned
ORD01478,2025-01-28,C1242,Female,31,Chennai,Accessories,Handbag,1,1499,10,1349.1,Cash,3.9,Delivered
ORD01479,2025-09-13,C1683,Male,29,Pune,Shoes,Heels,1,799,15,679.15,UPI,4.6,Delivered
ORD01480,2025-08-03,C1175,Female,49,Chennai,Dress,Maxi Dress,2,499,5,948.1,Net Banking,3.9,Delivered
ORD01481,2025-12-15,C1326,Female,19,Delhi,Shoes,Sneakers,2,499,20,798.4,Card,3.8,Cancelled
ORD01482,2025-11-22,C1438,Female,25,Bengaluru,Shoes,Sandals,1,1499,20,1199.2,Net Banking,4.3,Cancelled
ORD01483,2025-03-17,C1880,Male,41,Pune,Dress,Maxi Dress,4,799,15,2716.6,Net Banking,4.3,Cancelled
ORD01484,2025-06-17,C1690,Male,23,Bengaluru,Top,T-Shirt,2,799,5,1518.1,Cash,4.4,Delivered
ORD01485,2025-03-18,C1750,Male,51,Chennai,Bottom,Trousers,4,499,10,1796.4,Card,4.1,Delivered
ORD01486,2025-11-01,C1977,Male,53,Hyderabad,Accessories,Handbag,3,1999,15,5097.45,Cash,5.0,Delivered
ORD01487,2025-03-23,C1129,Male,39,Pune,Shoes,Sandals,3,2999,20,7197.6,Card,4.8,Cancelled
ORD01488,2025-06-02,C1903,Female,50,Hyderabad,Accessories,Watch,3,1999,10,5397.3,UPI,4.5,Cancelled
ORD01489,2025-01-19,C1711,Female,23,Delhi,Dress,Maxi Dress,3,1499,20,3597.6,Card,4.3,Delivered
ORD01490,2025-12-03,C1191,Male,46,Delhi,Accessories,Watch,4,1499,15,5096.6,Net Banking,3.8,Delivered
ORD01491,2025-07-16,C1554,Male,54,Bengaluru,Accessories,Handbag,4,1499,20,4796.8,Net Banking,4.3,Cancelled
ORD01492,2025-01-20,C1809,Female,51,Pune,Top,T-Shirt,3,1999,20,4797.6,Net Banking,3.8,Cancelled
ORD01493,2025-01-16,C1679,Female,42,Bengaluru,Top,Crop Top,2,999,0,1998.0,Cash,4.5,Cancelled
ORD01494,2025-10-05,C1180,Female,41,Delhi,Shoes,Sandals,1,499,0,499.0,Cash,3.8,Delivered
ORD01495,2025-06-30,C1846,Female,29,Chennai,Accessories,Watch,4,1999,15,6796.6,Card,3.8,Cancelled
ORD01496,2025-04-24,C1887,Male,52,Hyderabad,Top,Crop Top,3,2999,15,7647.45,UPI,4.7,Returned
ORD01497,2025-06-22,C1739,Female,29,Delhi,Shoes,Sneakers,3,499,10,1347.3,Net Banking,3.8,Delivered
ORD01498,2025-04-24,C1351,Female,24,Mumbai,Accessories,Handbag,4,1999,5,7596.2,UPI,4.8,Cancelled
ORD01499,2025-07-17,C1972,Female,19,Hyderabad,Shoes,Heels,3,499,15,1272.45,Cash,4.3,Returned
ORD01500,2025-11-16,C1122,Male,25,Bengaluru,Bottom,Leggings,2,499,5,948.1,Net Banking,4.0,Delivered
ORD01501,2025-01-20,C1088,Female,31,Bengaluru,Dress,Floral Dress,3,1999,5,5697.15,Cash,3.9,Delivered
ORD01502,2025-04-14,C1109,Male,29,Delhi,Bottom,Leggings,4,499,10,1796.4,Card,4.7,Returned
ORD01503,2025-06-12,C1046,Male,35,Mumbai,Shoes,Sandals,1,799,15,679.15,UPI,4.2,Returned
ORD01504,2025-09-28,C1970,Male,55,Hyderabad,Dress,Floral Dress,3,799,15,2037.45,Net Banking,4.1,Cancelled
ORD01505,2025-07-04,C1132,Male,50,Hyderabad,Dress,Kurti,2,2999,15,5098.3,Cash,3.5,Returned
ORD01506,2025-06-16,C1884,Female,46,Hyderabad,Top,T-Shirt,3,1999,15,5097.45,Net Banking,4.1,Returned
ORD01507,2025-12-09,C1286,Female,55,Bengaluru,Bottom,Jeans,2,1499,10,2698.2,Cash,4.3,Returned
ORD01508,2025-11-11,C1932,Male,23,Chennai,Accessories,Watch,2,1999,5,3798.1,Net Banking,4.0,Returned
ORD01509,2025-06-07,C1381,Male,55,Chennai,Dress,Floral Dress,1,499,0,499.0,Card,3.7,Delivered
ORD01510,2025-02-05,C1213,Male,38,Delhi,Top,T-Shirt,1,2999,10,2699.1,Net Banking,4.8,Delivered
ORD01511,2025-05-26,C1310,Female,51,Hyderabad,Accessories,Handbag,4,1999,5,7596.2,Net Banking,4.5,Returned
ORD01512,2025-12-20,C1959,Male,45,Bengaluru,Accessories,Scarf,4,799,15,2716.6,Net Banking,4.9,Cancelled
ORD01513,2025-09-21,C1756,Male,41,Delhi,Bottom,Trousers,4,799,0,3196.0,Card,3.7,Delivered
ORD01514,2025-02-24,C1754,Male,30,Pune,Accessories,Handbag,2,2499,20,3998.4,Card,4.7,Delivered
ORD01515,2025-01-31,C1386,Male,23,Hyderabad,Accessories,Handbag,1,2499,10,2249.1,Card,4.4,Returned
ORD01516,2025-01-13,C1545,Male,48,Bengaluru,Bottom,Leggings,2,799,20,1278.4,UPI,4.2,Cancelled
ORD01517,2025-05-14,C1764,Female,53,Chennai,Shoes,Sneakers,2,999,15,1698.3,Cash,4.2,Returned
ORD01518,2025-06-16,C1145,Male,50,Chennai,Top,Shirt,2,2999,20,4798.4,Net Banking,4.9,Returned
ORD01519,2025-04-04,C1735,Female,25,Chennai,Accessories,Handbag,1,1499,0,1499.0,Net Banking,4.3,Delivered
ORD01520,2025-04-22,C1948,Male,19,Delhi,Dress,Maxi Dress,2,799,15,1358.3,Card,4.7,Delivered
ORD01521,2025-02-21,C1750,Female,38,Chennai,Top,Crop Top,2,2499,15,4248.3,UPI,4.8,Cancelled
ORD01522,2025-07-06,C1719,Male,54,Hyderabad,Bottom,Jeans,2,799,5,1518.1,Card,4.0,Returned
ORD01523,2025-11-27,C1474,Female,32,Mumbai,Accessories,Watch,3,1499,0,4497.0,Net Banking,4.2,Returned
ORD01524,2025-09-13,C1625,Male,29,Bengaluru,Top,T-Shirt,3,999,10,2697.3,Net Banking,4.4,Delivered
ORD01525,2025-06-19,C1252,Female,51,Bengaluru,Top,Crop Top,2,1499,0,2998.0,UPI,3.7,Delivered
ORD01526,2025-09-23,C1248,Male,27,Pune,Shoes,Sandals,3,799,20,1917.6,UPI,4.9,Delivered
ORD01527,2025-01-23,C1271,Female,47,Hyderabad,Bottom,Leggings,1,1999,5,1899.05,Net Banking,3.8,Returned
ORD01528,2025-05-02,C1652,Female,21,Pune,Top,Crop Top,3,2499,20,5997.6,Card,4.0,Delivered
ORD01529,2025-10-21,C1328,Male,47,Pune,Bottom,Leggings,2,1499,0,2998.0,Cash,4.7,Delivered
ORD01530,2025-03-27,C1797,Female,19,Pune,Top,Crop Top,1,499,5,474.05,Cash,4.5,Delivered
ORD01531,2025-01-03,C1590,Female,48,Pune,Shoes,Heels,2,499,20,798.4,Card,4.7,Cancelled
ORD01532,2025-01-25,C1648,Male,27,Pune,Accessories,Watch,1,1999,0,1999.0,Card,3.7,Delivered
ORD01533,2025-03-13,C1054,Male,23,Pune,Dress,Kurti,4,1499,15,5096.6,UPI,4.6,Returned
ORD01534,2025-01-17,C1457,Male,39,Chennai,Shoes,Sneakers,2,799,0,1598.0,Net Banking,3.7,Delivered
ORD01535,2025-08-09,C1389,Female,31,Hyderabad,Top,Crop Top,2,499,10,898.2,UPI,4.4,Cancelled
ORD01536,2025-05-25,C1180,Male,23,Delhi,Top,Shirt,3,2999,20,7197.6,UPI,3.7,Cancelled
ORD01537,2025-06-17,C1137,Male,36,Bengaluru,Shoes,Sandals,2,999,0,1998.0,Card,4.4,Delivered
ORD01538,2025-02-03,C1829,Male,31,Chennai,Accessories,Handbag,3,999,15,2547.45,Cash,4.8,Delivered
ORD01539,2025-08-21,C1121,Male,35,Mumbai,Accessories,Watch,1,2999,0,2999.0,Net Banking,3.8,Returned
ORD01540,2025-03-08,C1217,Male,34,Pune,Accessories,Watch,3,1499,10,4047.3,Card,4.6,Delivered
ORD01541,2025-03-24,C1490,Male,53,Bengaluru,Top,Shirt,1,1499,0,1499.0,Cash,4.0,Delivered
ORD01542,2025-10-30,C1022,Female,32,Mumbai,Top,Crop Top,1,1499,0,1499.0,Card,4.1,Returned
ORD01543,2025-03-23,C1847,Male,32,Chennai,Accessories,Scarf,1,999,10,899.1,Cash,3.9,Delivered
ORD01544,2025-07-27,C1979,Female,54,Chennai,Top,T-Shirt,1,499,20,399.2,Net Banking,4.0,Returned
ORD01545,2025-06-28,C1380,Female,45,Mumbai,Shoes,Heels,1,999,15,849.15,Card,4.4,Returned
ORD01546,2025-01-02,C1113,Male,53,Pune,Shoes,Sneakers,2,2999,10,5398.2,UPI,4.2,Cancelled
ORD01547,2025-02-21,C1460,Female,35,Pune,Dress,Floral Dress,2,499,15,848.3,Net Banking,4.3,Delivered
ORD01548,2025-12-10,C1375,Female,24,Mumbai,Shoes,Sandals,1,1999,0,1999.0,UPI,4.3,Cancelled
ORD01549,2025-01-22,C1418,Female,24,Mumbai,Dress,Maxi Dress,1,1499,0,1499.0,UPI,3.8,Returned
ORD01550,2025-09-29,C1976,Female,49,Delhi,Top,Shirt,1,499,10,449.1,Card,4.0,Returned
ORD01551,2025-04-04,C1357,Female,46,Bengaluru,Top,T-Shirt,2,499,0,998.0,Net Banking,4.3,Cancelled
ORD01552,2025-06-20,C1203,Male,43,Mumbai,Bottom,Leggings,1,799,0,799.0,Net Banking,4.3,Returned
ORD01553,2025-10-27,C1065,Male,26,Chennai,Shoes,Heels,4,2999,5,11396.2,Net Banking,3.6,Delivered
ORD01554,2025-06-09,C1988,Female,55,Pune,Dress,Floral Dress,3,1499,15,3822.45,UPI,4.1,Delivered
ORD01555,2025-05-10,C1038,Male,34,Hyderabad,Dress,Maxi Dress,4,2499,15,8496.6,Card,3.7,Cancelled
ORD01556,2025-12-08,C1724,Male,38,Mumbai,Accessories,Handbag,3,1999,0,5997.0,UPI,4.0,Returned
ORD01557,2025-11-03,C1841,Female,43,Hyderabad,Accessories,Scarf,1,2999,20,2399.2,Net Banking,3.9,Cancelled
ORD01558,2025-12-17,C1123,Female,42,Hyderabad,Top,Crop Top,1,799,15,679.15,Cash,4.4,Delivered
ORD01559,2025-01-26,C1496,Female,54,Delhi,Shoes,Heels,1,799,5,759.05,Card,4.2,Delivered
ORD01560,2025-09-21,C1685,Female,55,Hyderabad,Top,Shirt,4,799,5,3036.2,UPI,4.6,Cancelled
ORD01561,2025-08-09,C1868,Male,19,Mumbai,Shoes,Sneakers,1,2499,10,2249.1,Net Banking,3.7,Delivered
ORD01562,2025-03-23,C1676,Male,34,Pune,Accessories,Watch,2,499,0,998.0,UPI,4.1,Delivered
ORD01563,2025-08-16,C1985,Male,52,Hyderabad,Bottom,Trousers,4,799,0,3196.0,Cash,3.6,Cancelled
ORD01564,2025-06-05,C1547,Male,28,Pune,Accessories,Handbag,1,1999,15,1699.15,Net Banking,4.8,Returned
ORD01565,2025-07-11,C1448,Male,52,Mumbai,Accessories,Scarf,2,1999,15,3398.3,UPI,5.0,Delivered
ORD01566,2025-12-08,C1095,Male,30,Bengaluru,Bottom,Trousers,1,1499,15,1274.15,UPI,4.0,Returned
ORD01567,2025-09-19,C1912,Female,55,Delhi,Accessories,Watch,1,2999,0,2999.0,Card,4.9,Cancelled
ORD01568,2025-12-10,C1952,Female,21,Delhi,Shoes,Sandals,2,1499,15,2548.3,UPI,4.4,Cancelled
ORD01569,2025-08-05,C1115,Female,45,Pune,Bottom,Jeans,1,999,0,999.0,Net Banking,4.7,Cancelled
ORD01570,2025-06-20,C1740,Female,40,Pune,Top,T-Shirt,4,999,20,3196.8,Net Banking,4.3,Cancelled
ORD01571,2025-08-04,C1718,Female,42,Bengaluru,Shoes,Sneakers,3,2499,0,7497.0,Card,4.8,Cancelled
ORD01572,2025-06-09,C1155,Male,46,Pune,Bottom,Trousers,4,499,10,1796.4,Card,4.2,Cancelled
ORD01573,2025-07-02,C1593,Male,44,Delhi,Bottom,Jeans,4,799,5,3036.2,Card,5.0,Delivered
ORD01574,2025-12-23,C1513,Male,20,Bengaluru,Accessories,Scarf,2,999,20,1598.4,Card,4.1,Returned
ORD01575,2025-10-22,C1069,Female,19,Hyderabad,Shoes,Heels,2,2999,20,4798.4,UPI,4.2,Delivered
ORD01576,2025-05-08,C1366,Male,31,Chennai,Bottom,Jeans,2,2999,0,5998.0,Net Banking,4.4,Delivered
ORD01577,2025-06-24,C1191,Male,20,Delhi,Top,T-Shirt,4,2499,15,8496.6,Cash,4.8,Cancelled
ORD01578,2025-07-04,C1928,Female,37,Bengaluru,Accessories,Handbag,4,999,0,3996.0,Card,4.9,Returned
ORD01579,2025-04-09,C1713,Female,35,Pune,Dress,Kurti,1,1499,10,1349.1,Net Banking,4.5,Returned
ORD01580,2025-03-06,C1716,Female,52,Hyderabad,Dress,Maxi Dress,4,2499,0,9996.0,UPI,4.7,Cancelled
ORD01581,2025-10-10,C1148,Male,35,Pune,Accessories,Scarf,1,2999,15,2549.15,Net Banking,4.2,Returned
ORD01582,2025-11-15,C1189,Female,42,Delhi,Shoes,Sandals,1,2999,5,2849.05,Net Banking,4.8,Cancelled
ORD01583,2025-11-13,C1562,Female,37,Hyderabad,Accessories,Scarf,2,2499,20,3998.4,Net Banking,4.1,Cancelled
ORD01584,2025-06-10,C1822,Male,25,Pune,Bottom,Trousers,1,999,10,899.1,Card,4.4,Cancelled
ORD01585,2025-05-07,C1713,Female,20,Delhi,Accessories,Scarf,2,499,15,848.3,UPI,5.0,Delivered
ORD01586,2025-11-02,C1550,Female,31,Bengaluru,Shoes,Sneakers,4,2499,0,9996.0,Cash,3.8,Delivered
ORD01587,2025-06-17,C1381,Male,42,Bengaluru,Shoes,Sandals,2,499,20,798.4,UPI,4.4,Delivered
ORD01588,2025-10-25,C1256,Male,21,Delhi,Dress,Kurti,3,2999,5,8547.15,Net Banking,3.9,Returned
ORD01589,2025-06-17,C1808,Female,34,Mumbai,Bottom,Trousers,4,1499,15,5096.6,UPI,4.1,Returned
ORD01590,2025-01-15,C1584,Female,37,Delhi,Bottom,Leggings,3,1499,15,3822.45,Card,4.0,Delivered
ORD01591,2025-07-09,C1264,Female,42,Mumbai,Accessories,Scarf,1,1499,5,1424.05,Card,3.9,Returned
ORD01592,2025-06-21,C1618,Female,32,Pune,Bottom,Trousers,3,499,0,1497.0,UPI,4.1,Cancelled
ORD01593,2025-04-03,C1986,Female,45,Bengaluru,Shoes,Sneakers,2,499,5,948.1,Net Banking,3.7,Returned
ORD01594,2025-02-23,C1080,Male,35,Chennai,Shoes,Sneakers,3,1999,0,5997.0,UPI,4.1,Delivered
ORD01595,2025-01-31,C1006,Male,24,Bengaluru,Bottom,Trousers,3,1999,20,4797.6,Net Banking,4.5,Returned
ORD01596,2025-11-01,C1903,Female,46,Pune,Shoes,Sandals,2,799,0,1598.0,Cash,3.8,Returned
ORD01597,2025-11-23,C1831,Female,22,Mumbai,Top,Crop Top,4,2999,10,10796.4,UPI,4.8,Delivered
ORD01598,2025-08-09,C1354,Female,52,Pune,Dress,Floral Dress,3,799,15,2037.45,Net Banking,4.0,Cancelled
ORD01599,2025-03-31,C1317,Male,25,Chennai,Bottom,Trousers,2,999,10,1798.2,Card,4.9,Cancelled
ORD01600,2025-12-13,C1967,Female,34,Delhi,Bottom,Leggings,3,2999,10,8097.3,Cash,3.6,Returned
ORD01601,2025-02-09,C1114,Male,30,Mumbai,Shoes,Heels,2,2999,5,5698.1,Net Banking,4.8,Returned
ORD01602,2025-02-13,C1461,Female,43,Mumbai,Accessories,Scarf,4,2499,20,7996.8,Card,4.6,Cancelled
ORD01603,2025-10-12,C1551,Female,28,Pune,Bottom,Trousers,2,1499,5,2848.1,Net Banking,3.5,Returned
ORD01604,2025-07-18,C1985,Male,20,Delhi,Dress,Kurti,1,2999,0,2999.0,Cash,4.4,Cancelled
ORD01605,2025-10-07,C1515,Male,35,Hyderabad,Top,T-Shirt,4,1999,5,7596.2,Card,4.0,Returned
ORD01606,2025-07-22,C1451,Female,50,Delhi,Top,Shirt,1,499,0,499.0,UPI,4.3,Returned
ORD01607,2025-07-04,C1267,Female,45,Pune,Bottom,Jeans,3,999,10,2697.3,Card,4.9,Cancelled
ORD01608,2025-08-19,C1721,Male,18,Chennai,Bottom,Trousers,1,1499,20,1199.2,Cash,4.4,Delivered
ORD01609,2025-09-20,C1676,Female,52,Chennai,Accessories,Handbag,2,1999,15,3398.3,Net Banking,4.9,Cancelled
ORD01610,2025-03-21,C1906,Male,37,Delhi,Accessories,Scarf,4,1999,20,6396.8,Net Banking,4.3,Cancelled
ORD01611,2025-05-10,C1385,Male,20,Pune,Top,Shirt,1,999,15,849.15,Net Banking,4.5,Cancelled
ORD01612,2025-11-29,C1231,Female,28,Hyderabad,Bottom,Jeans,3,799,5,2277.15,Card,4.7,Delivered
ORD01613,2025-07-20,C1942,Male,54,Mumbai,Accessories,Handbag,2,499,20,798.4,Card,4.2,Cancelled
ORD01614,2025-03-01,C1015,Male,32,Mumbai,Accessories,Handbag,2,799,5,1518.1,UPI,3.7,Delivered
ORD01615,2025-01-24,C1931,Male,50,Chennai,Dress,Kurti,4,1499,15,5096.6,Net Banking,4.1,Cancelled
ORD01616,2025-04-07,C1381,Female,23,Delhi,Shoes,Sneakers,1,1999,0,1999.0,UPI,4.7,Cancelled
ORD01617,2025-02-13,C1603,Male,48,Delhi,Top,Crop Top,3,999,5,2847.15,Net Banking,4.5,Cancelled
ORD01618,2025-10-29,C1323,Male,20,Pune,Top,T-Shirt,3,999,15,2547.45,Card,4.8,Cancelled
ORD01619,2025-05-23,C1966,Female,55,Bengaluru,Dress,Maxi Dress,4,799,0,3196.0,Net Banking,4.1,Delivered
ORD01620,2025-12-09,C1399,Female,35,Pune,Bottom,Jeans,1,1499,15,1274.15,UPI,5.0,Delivered
ORD01621,2025-12-27,C1860,Male,36,Pune,Shoes,Heels,3,2999,0,8997.0,Net Banking,4.6,Cancelled
ORD01622,2025-11-13,C1480,Male,51,Hyderabad,Bottom,Jeans,4,1999,20,6396.8,UPI,3.9,Returned
ORD01623,2025-10-11,C1144,Female,52,Chennai,Accessories,Handbag,4,1499,20,4796.8,Net Banking,3.8,Delivered
ORD01624,2025-10-04,C1443,Male,48,Hyderabad,Shoes,Sandals,4,2999,0,11996.0,Net Banking,4.3,Cancelled
ORD01625,2025-07-05,C1464,Male,54,Bengaluru,Dress,Maxi Dress,1,999,20,799.2,Net Banking,4.1,Delivered
ORD01626,2025-12-26,C1782,Female,47,Chennai,Accessories,Handbag,2,499,0,998.0,Card,3.7,Returned
ORD01627,2025-10-20,C1377,Male,22,Bengaluru,Dress,Maxi Dress,1,1999,0,1999.0,Cash,4.6,Returned
ORD01628,2025-12-28,C1092,Male,49,Delhi,Accessories,Watch,1,1499,15,1274.15,Net Banking,4.2,Cancelled
ORD01629,2025-02-17,C1623,Female,26,Bengaluru,Top,T-Shirt,1,1999,20,1599.2,Cash,3.7,Delivered
ORD01630,2025-08-19,C1054,Female,41,Delhi,Top,T-Shirt,4,999,20,3196.8,Card,4.4,Delivered
ORD01631,2025-01-24,C1326,Female,50,Mumbai,Accessories,Watch,3,999,15,2547.45,UPI,4.8,Cancelled
ORD01632,2025-01-10,C1960,Male,22,Chennai,Top,T-Shirt,3,1499,0,4497.0,Net Banking,4.6,Delivered
ORD01633,2025-03-11,C1285,Female,29,Hyderabad,Bottom,Leggings,3,499,15,1272.45,Card,3.8,Cancelled
ORD01634,2025-09-24,C1667,Male,28,Chennai,Accessories,Watch,3,499,0,1497.0,Cash,3.6,Cancelled
ORD01635,2025-10-05,C1946,Female,18,Bengaluru,Shoes,Sneakers,1,799,15,679.15,UPI,3.6,Delivered
ORD01636,2025-01-01,C1625,Male,47,Pune,Bottom,Trousers,1,499,0,499.0,UPI,4.4,Returned
ORD01637,2025-04-27,C1969,Female,21,Hyderabad,Top,Shirt,1,2499,0,2499.0,Card,4.6,Delivered
ORD01638,2025-12-15,C1015,Male,48,Delhi,Dress,Floral Dress,4,499,15,1696.6,UPI,4.4,Cancelled
ORD01639,2025-11-27,C1144,Female,44,Hyderabad,Accessories,Watch,3,2499,10,6747.3,Card,3.8,Returned
ORD01640,2025-07-31,C1856,Male,50,Mumbai,Bottom,Jeans,3,999,15,2547.45,Net Banking,4.6,Delivered
ORD01641,2025-06-20,C1046,Male,40,Hyderabad,Bottom,Trousers,1,799,0,799.0,Net Banking,3.6,Delivered
ORD01642,2025-07-04,C1448,Female,51,Mumbai,Top,T-Shirt,4,999,5,3796.2,Cash,5.0,Delivered
ORD01643,2025-08-11,C1039,Female,46,Mumbai,Shoes,Sandals,1,1499,10,1349.1,Card,5.0,Cancelled
ORD01644,2025-06-12,C1819,Male,42,Chennai,Bottom,Leggings,2,1999,10,3598.2,Cash,5.0,Returned
ORD01645,2025-08-16,C1949,Female,21,Bengaluru,Top,Crop Top,1,999,10,899.1,Cash,3.6,Returned
ORD01646,2025-03-23,C1210,Male,18,Hyderabad,Accessories,Watch,3,499,10,1347.3,UPI,4.9,Cancelled
ORD01647,2025-06-08,C1748,Male,24,Mumbai,Bottom,Leggings,1,499,15,424.15,UPI,4.4,Delivered
ORD01648,2025-01-10,C1145,Female,36,Chennai,Dress,Maxi Dress,4,499,20,1596.8,Net Banking,5.0,Cancelled
ORD01649,2025-11-14,C1379,Male,38,Delhi,Shoes,Sneakers,2,799,0,1598.0,UPI,4.1,Cancelled
ORD01650,2025-06-10,C1803,Female,21,Pune,Top,T-Shirt,1,2499,5,2374.05,Card,3.8,Returned
ORD01651,2025-04-04,C1928,Female,55,Delhi,Dress,Floral Dress,3,499,10,1347.3,Net Banking,3.8,Cancelled
ORD01652,2025-09-10,C1102,Female,30,Mumbai,Accessories,Watch,1,1499,10,1349.1,Net Banking,3.6,Cancelled
ORD01653,2025-11-26,C1028,Male,22,Pune,Accessories,Handbag,3,2499,20,5997.6,UPI,4.5,Returned
ORD01654,2025-10-24,C1121,Male,35,Delhi,Bottom,Trousers,2,999,0,1998.0,Card,3.8,Delivered
ORD01655,2025-05-26,C1065,Male,52,Delhi,Top,Shirt,1,1999,20,1599.2,UPI,4.5,Delivered
ORD01656,2025-05-05,C1931,Female,54,Delhi,Bottom,Trousers,2,1999,10,3598.2,Card,4.0,Delivered
ORD01657,2025-09-07,C1583,Male,19,Bengaluru,Bottom,Leggings,1,499,0,499.0,Net Banking,4.1,Cancelled
ORD01658,2025-01-23,C1796,Male,48,Hyderabad,Dress,Floral Dress,4,2499,15,8496.6,Cash,4.2,Cancelled
ORD01659,2025-05-28,C1314,Female,32,Pune,Top,Crop Top,2,2499,5,4748.1,UPI,4.4,Returned
ORD01660,2025-01-05,C1223,Male,40,Pune,Shoes,Heels,4,2999,5,11396.2,UPI,4.0,Returned
ORD01661,2025-04-05,C1292,Male,47,Hyderabad,Top,Shirt,3,999,5,2847.15,Cash,4.8,Delivered
ORD01662,2025-03-18,C1224,Male,37,Delhi,Accessories,Handbag,2,2499,20,3998.4,UPI,4.6,Delivered
ORD01663,2025-08-04,C1859,Male,40,Mumbai,Dress,Kurti,1,1999,0,1999.0,UPI,4.5,Cancelled
ORD01664,2025-03-19,C1907,Male,23,Bengaluru,Accessories,Scarf,4,1999,10,7196.4,Net Banking,3.9,Returned
ORD01665,2025-08-22,C1342,Female,38,Hyderabad,Top,T-Shirt,1,999,10,899.1,Card,4.9,Delivered
ORD01666,2025-04-29,C1976,Male,44,Chennai,Top,Crop Top,4,999,5,3796.2,Card,4.1,Delivered
ORD01667,2025-05-11,C1473,Female,19,Chennai,Top,Shirt,3,999,20,2397.6,Card,3.8,Delivered
ORD01668,2025-04-26,C1730,Male,29,Mumbai,Shoes,Sneakers,1,2999,10,2699.1,Net Banking,4.8,Cancelled
ORD01669,2025-09-26,C1804,Male,51,Hyderabad,Top,T-Shirt,2,499,10,898.2,Net Banking,4.9,Cancelled
ORD01670,2025-02-27,C1515,Female,31,Hyderabad,Dress,Kurti,3,1999,0,5997.0,Cash,4.2,Returned
ORD01671,2025-10-19,C1767,Female,48,Mumbai,Accessories,Scarf,1,2499,20,1999.2,UPI,4.8,Returned
ORD01672,2025-06-23,C1939,Male,48,Hyderabad,Accessories,Scarf,1,2499,0,2499.0,Card,4.6,Delivered
ORD01673,2025-03-30,C1822,Female,39,Delhi,Accessories,Watch,2,1999,20,3198.4,UPI,4.2,Cancelled
ORD01674,2025-01-28,C1181,Male,36,Hyderabad,Dress,Kurti,2,799,15,1358.3,Card,3.7,Cancelled
ORD01675,2025-05-23,C1498,Female,31,Chennai,Top,T-Shirt,2,499,10,898.2,Card,3.6,Cancelled
ORD01676,2025-07-04,C1591,Male,18,Chennai,Accessories,Scarf,1,499,15,424.15,Card,5.0,Cancelled
ORD01677,2025-05-22,C1959,Male,32,Mumbai,Dress,Floral Dress,1,2499,5,2374.05,Card,5.0,Cancelled
ORD01678,2025-02-22,C1249,Female,30,Pune,Shoes,Heels,3,2999,5,8547.15,Card,4.5,Cancelled
ORD01679,2025-04-11,C1002,Male,40,Chennai,Dress,Maxi Dress,3,499,15,1272.45,Card,3.9,Returned
ORD01680,2025-10-03,C1229,Male,22,Chennai,Shoes,Heels,3,1499,20,3597.6,UPI,3.6,Cancelled
ORD01681,2025-07-13,C1885,Male,28,Hyderabad,Top,Crop Top,1,1499,0,1499.0,Card,4.2,Delivered
ORD01682,2025-02-04,C1634,Female,43,Mumbai,Dress,Maxi Dress,2,2999,20,4798.4,Card,4.7,Cancelled
ORD01683,2025-01-29,C1375,Female,53,Delhi,Dress,Floral Dress,1,1499,15,1274.15,Net Banking,3.5,Returned
ORD01684,2025-02-13,C1584,Female,41,Delhi,Shoes,Sneakers,4,799,15,2716.6,UPI,4.9,Returned
ORD01685,2025-08-09,C1400,Male,37,Hyderabad,Accessories,Watch,3,999,0,2997.0,Card,4.2,Cancelled
ORD01686,2025-11-06,C1385,Male,47,Mumbai,Top,Crop Top,4,999,0,3996.0,Card,4.0,Delivered
ORD01687,2025-03-17,C1261,Male,44,Chennai,Shoes,Sneakers,4,2999,0,11996.0,Card,3.6,Cancelled
ORD01688,2025-09-21,C1870,Male,52,Chennai,Bottom,Trousers,3,999,5,2847.15,Net Banking,3.7,Cancelled
ORD01689,2025-12-31,C1086,Female,34,Mumbai,Accessories,Handbag,4,799,5,3036.2,Card,4.6,Cancelled
ORD01690,2025-04-06,C1910,Female,21,Delhi,Bottom,Jeans,2,2499,10,4498.2,Card,4.9,Delivered
ORD01691,2025-05-04,C1079,Male,41,Chennai,Top,Shirt,2,2999,0,5998.0,Net Banking,4.7,Returned
ORD01692,2025-07-19,C1938,Female,49,Delhi,Dress,Maxi Dress,3,999,15,2547.45,Net Banking,4.7,Returned
ORD01693,2025-07-04,C1990,Male,45,Delhi,Accessories,Scarf,3,2499,10,6747.3,Net Banking,4.9,Returned
ORD01694,2025-05-24,C1129,Male,29,Delhi,Shoes,Heels,4,2999,0,11996.0,Cash,4.1,Returned
ORD01695,2025-11-13,C1939,Female,50,Pune,Dress,Kurti,1,1999,10,1799.1,Cash,4.9,Delivered
ORD01696,2025-07-23,C1309,Female,29,Pune,Shoes,Sandals,2,999,10,1798.2,Card,4.4,Delivered
ORD01697,2025-10-29,C1121,Female,29,Bengaluru,Shoes,Heels,2,799,10,1438.2,UPI,4.7,Returned
ORD01698,2025-05-07,C1811,Male,44,Pune,Dress,Kurti,3,2499,20,5997.6,Cash,4.4,Returned
ORD01699,2025-12-03,C1788,Female,32,Pune,Bottom,Jeans,1,1499,20,1199.2,UPI,4.1,Delivered
ORD01700,2025-03-27,C1145,Male,23,Delhi,Accessories,Scarf,1,1499,20,1199.2,Net Banking,4.7,Delivered
ORD01701,2025-12-03,C1286,Male,45,Hyderabad,Accessories,Watch,3,799,5,2277.15,Net Banking,4.0,Returned
ORD01702,2025-11-26,C1988,Male,19,Chennai,Bottom,Trousers,4,499,0,1996.0,Net Banking,4.2,Returned
ORD01703,2025-08-09,C1409,Female,44,Mumbai,Top,T-Shirt,4,1499,15,5096.6,Card,3.7,Returned
ORD01704,2025-11-19,C1717,Female,27,Bengaluru,Dress,Floral Dress,3,499,0,1497.0,UPI,4.9,Delivered
ORD01705,2025-09-05,C1876,Male,26,Pune,Bottom,Leggings,1,499,0,499.0,Cash,4.9,Delivered
ORD01706,2025-06-04,C1232,Male,31,Bengaluru,Bottom,Leggings,2,499,15,848.3,UPI,3.5,Returned
ORD01707,2025-06-27,C1359,Male,51,Bengaluru,Top,T-Shirt,2,499,5,948.1,Card,4.1,Cancelled
ORD01708,2025-06-26,C1130,Female,40,Chennai,Dress,Kurti,2,1999,15,3398.3,Card,4.7,Delivered
ORD01709,2025-11-12,C1194,Male,18,Delhi,Top,T-Shirt,2,2499,15,4248.3,Cash,3.8,Returned
ORD01710,2025-02-14,C1519,Female,20,Bengaluru,Top,Shirt,2,799,5,1518.1,Net Banking,4.1,Delivered
ORD01711,2025-11-07,C1509,Male,50,Mumbai,Dress,Kurti,4,499,20,1596.8,Card,3.8,Returned
ORD01712,2025-02-21,C1362,Male,53,Chennai,Dress,Floral Dress,1,1499,0,1499.0,Card,3.7,Cancelled
ORD01713,2025-05-13,C1798,Female,48,Mumbai,Dress,Maxi Dress,4,2499,10,8996.4,Cash,4.3,Returned
ORD01714,2025-03-20,C1145,Male,50,Pune,Bottom,Jeans,2,799,5,1518.1,UPI,5.0,Cancelled
ORD01715,2025-10-17,C1157,Male,29,Chennai,Bottom,Leggings,2,999,20,1598.4,Cash,5.0,Returned
ORD01716,2025-06-22,C1216,Female,21,Bengaluru,Dress,Maxi Dress,2,2999,20,4798.4,Card,5.0,Cancelled
ORD01717,2025-05-20,C1406,Female,35,Pune,Shoes,Sneakers,1,2999,0,2999.0,Card,4.3,Delivered
ORD01718,2025-03-04,C1668,Female,27,Pune,Shoes,Sandals,3,799,20,1917.6,UPI,4.9,Delivered
ORD01719,2025-05-27,C1679,Female,32,Hyderabad,Shoes,Sneakers,4,2499,0,9996.0,Net Banking,4.3,Cancelled
ORD01720,2025-01-24,C1370,Female,34,Hyderabad,Bottom,Leggings,1,999,10,899.1,UPI,4.7,Delivered
ORD01721,2025-10-17,C1784,Female,39,Bengaluru,Dress,Maxi Dress,1,1499,10,1349.1,Cash,3.6,Delivered
ORD01722,2025-04-19,C1605,Female,46,Hyderabad,Accessories,Scarf,1,1999,15,1699.15,Net Banking,4.4,Returned
ORD01723,2025-01-10,C1259,Male,45,Mumbai,Top,T-Shirt,4,2999,0,11996.0,UPI,4.7,Delivered
ORD01724,2025-02-15,C1153,Female,22,Mumbai,Accessories,Scarf,4,499,5,1896.2,Card,4.6,Cancelled
ORD01725,2025-08-21,C1415,Male,54,Hyderabad,Shoes,Sandals,4,1499,20,4796.8,Net Banking,4.3,Delivered
ORD01726,2025-11-05,C1788,Male,26,Bengaluru,Dress,Floral Dress,4,1499,15,5096.6,Net Banking,3.8,Cancelled
ORD01727,2025-10-01,C1636,Female,52,Bengaluru,Dress,Maxi Dress,3,2499,20,5997.6,Cash,4.9,Delivered
ORD01728,2025-11-19,C1788,Female,39,Delhi,Top,Crop Top,3,799,0,2397.0,Card,4.4,Delivered
ORD01729,2025-01-24,C1162,Male,55,Pune,Accessories,Scarf,3,799,5,2277.15,Cash,3.7,Delivered
ORD01730,2025-08-22,C1818,Female,48,Pune,Bottom,Leggings,4,999,10,3596.4,UPI,4.3,Delivered
ORD01731,2025-12-07,C1780,Female,49,Bengaluru,Top,Shirt,4,1499,10,5396.4,Cash,4.0,Cancelled
ORD01732,2025-04-14,C1394,Female,45,Chennai,Shoes,Sandals,4,999,0,3996.0,UPI,4.1,Returned
ORD01733,2025-12-24,C1225,Female,30,Pune,Bottom,Jeans,1,1499,5,1424.05,Net Banking,4.0,Returned
ORD01734,2025-11-22,C1579,Female,26,Hyderabad,Accessories,Watch,2,1499,15,2548.3,Net Banking,3.6,Delivered
ORD01735,2025-01-05,C1183,Female,40,Pune,Bottom,Jeans,1,2499,10,2249.1,Card,4.4,Cancelled
ORD01736,2025-05-01,C1080,Female,36,Hyderabad,Top,Shirt,4,2499,5,9496.2,Cash,4.1,Cancelled
ORD01737,2025-06-19,C1771,Female,36,Chennai,Shoes,Heels,3,1499,15,3822.45,Card,3.9,Returned
ORD01738,2025-11-05,C1603,Male,33,Chennai,Bottom,Jeans,3,1999,0,5997.0,Cash,4.1,Returned
ORD01739,2025-07-29,C1270,Male,51,Chennai,Accessories,Watch,3,799,20,1917.6,Card,4.8,Delivered
ORD01740,2025-09-02,C1740,Male,54,Chennai,Top,T-Shirt,3,1999,15,5097.45,Cash,3.7,Delivered
ORD01741,2025-02-01,C1707,Male,25,Bengaluru,Top,T-Shirt,1,499,20,399.2,UPI,4.2,Returned
ORD01742,2025-07-31,C1379,Female,48,Hyderabad,Bottom,Leggings,3,799,10,2157.3,Card,4.4,Delivered
ORD01743,2025-08-10,C1868,Female,42,Pune,Dress,Floral Dress,1,499,10,449.1,Card,3.9,Cancelled
ORD01744,2025-07-02,C1109,Male,25,Mumbai,Accessories,Handbag,1,2999,0,2999.0,Net Banking,3.7,Returned
ORD01745,2025-11-18,C1693,Female,18,Hyderabad,Shoes,Heels,4,799,10,2876.4,Net Banking,4.4,Delivered
ORD01746,2025-10-10,C1305,Male,34,Chennai,Accessories,Scarf,2,499,10,898.2,Cash,4.6,Returned
ORD01747,2025-10-09,C1379,Male,31,Delhi,Shoes,Sneakers,1,499,5,474.05,Card,4.9,Delivered
ORD01748,2025-08-23,C1299,Male,34,Bengaluru,Shoes,Sneakers,2,499,5,948.1,Card,3.8,Cancelled
ORD01749,2025-08-01,C1516,Female,52,Pune,Dress,Floral Dress,3,799,15,2037.45,UPI,4.6,Cancelled
ORD01750,2025-10-26,C1982,Male,27,Chennai,Bottom,Trousers,2,1999,10,3598.2,UPI,4.1,Cancelled
ORD01751,2025-01-20,C1309,Male,38,Pune,Shoes,Heels,3,499,15,1272.45,Card,3.9,Delivered
ORD01752,2025-11-09,C1966,Female,45,Bengaluru,Accessories,Watch,1,799,5,759.05,Cash,4.7,Delivered
ORD01753,2025-03-20,C1638,Male,18,Mumbai,Shoes,Heels,2,799,5,1518.1,UPI,3.7,Delivered
ORD01754,2025-04-28,C1022,Male,30,Delhi,Bottom,Leggings,1,799,5,759.05,Net Banking,4.8,Returned
ORD01755,2025-07-06,C1955,Male,46,Bengaluru,Shoes,Sneakers,1,2499,15,2124.15,Card,4.7,Returned
ORD01756,2025-01-30,C1177,Female,41,Mumbai,Accessories,Scarf,3,2999,10,8097.3,UPI,3.9,Delivered
ORD01757,2025-01-15,C1221,Female,26,Pune,Top,T-Shirt,3,2999,15,7647.45,Card,3.8,Cancelled
ORD01758,2025-01-09,C1093,Female,28,Mumbai,Bottom,Leggings,1,2999,20,2399.2,Card,4.7,Returned
ORD01759,2025-05-13,C1676,Female,24,Bengaluru,Dress,Maxi Dress,1,1499,15,1274.15,Net Banking,4.9,Returned
ORD01760,2025-04-04,C1947,Female,21,Bengaluru,Bottom,Leggings,1,1999,20,1599.2,Cash,4.9,Cancelled
ORD01761,2025-06-23,C1517,Male,29,Mumbai,Accessories,Handbag,4,799,15,2716.6,Cash,4.4,Cancelled
ORD01762,2025-05-25,C1729,Female,50,Chennai,Dress,Kurti,3,1499,15,3822.45,Card,4.6,Delivered
ORD01763,2025-02-09,C1813,Male,24,Mumbai,Shoes,Sneakers,2,1499,20,2398.4,UPI,4.7,Delivered
ORD01764,2025-06-27,C1704,Female,21,Chennai,Dress,Floral Dress,4,1999,0,7996.0,UPI,3.9,Returned
ORD01765,2025-04-26,C1612,Male,40,Pune,Dress,Maxi Dress,3,2499,0,7497.0,Cash,4.7,Cancelled
ORD01766,2025-03-30,C1179,Male,49,Bengaluru,Bottom,Jeans,3,2499,0,7497.0,Cash,4.2,Delivered
ORD01767,2025-05-29,C1153,Male,25,Bengaluru,Top,Crop Top,4,799,5,3036.2,Card,3.5,Returned
ORD01768,2025-04-09,C1930,Male,18,Chennai,Bottom,Trousers,3,1999,15,5097.45,Card,4.8,Delivered
ORD01769,2025-09-23,C1511,Female,18,Delhi,Bottom,Leggings,3,1499,0,4497.0,Net Banking,4.0,Delivered
ORD01770,2025-12-17,C1357,Male,38,Mumbai,Top,T-Shirt,3,1999,15,5097.45,Net Banking,4.6,Returned
ORD01771,2025-04-18,C1163,Female,44,Mumbai,Bottom,Trousers,2,1499,15,2548.3,Cash,4.5,Delivered
ORD01772,2025-07-03,C1580,Male,19,Bengaluru,Shoes,Heels,4,999,5,3796.2,UPI,3.7,Returned
ORD01773,2025-12-01,C1377,Male,27,Hyderabad,Bottom,Trousers,1,799,20,639.2,Cash,3.7,Delivered
ORD01774,2025-06-12,C1323,Female,32,Bengaluru,Dress,Maxi Dress,4,799,0,3196.0,Card,3.7,Returned
ORD01775,2025-12-07,C1782,Male,20,Bengaluru,Top,Crop Top,4,799,20,2556.8,Net Banking,4.6,Delivered
ORD01776,2025-12-09,C1564,Female,24,Mumbai,Bottom,Trousers,3,1999,20,4797.6,Card,3.5,Cancelled
ORD01777,2025-04-25,C1721,Male,22,Chennai,Dress,Floral Dress,1,499,10,449.1,UPI,4.4,Delivered
ORD01778,2025-06-01,C1523,Male,41,Hyderabad,Top,T-Shirt,2,2999,0,5998.0,Card,4.1,Returned
ORD01779,2025-02-23,C1781,Male,51,Delhi,Accessories,Watch,4,1499,10,5396.4,Cash,4.8,Cancelled
ORD01780,2025-12-11,C1000,Male,42,Mumbai,Accessories,Handbag,4,999,10,3596.4,Net Banking,4.6,Returned
ORD01781,2025-07-18,C1653,Female,36,Bengaluru,Accessories,Watch,2,2999,10,5398.2,Cash,4.3,Cancelled
ORD01782,2025-12-04,C1184,Male,27,Chennai,Dress,Kurti,4,2499,5,9496.2,Net Banking,3.8,Delivered
ORD01783,2025-02-02,C1046,Female,28,Hyderabad,Top,T-Shirt,2,799,0,1598.0,Cash,4.0,Cancelled
ORD01784,2025-10-18,C1791,Male,23,Bengaluru,Top,T-Shirt,3,2499,15,6372.45,Net Banking,4.9,Delivered
ORD01785,2025-03-24,C1526,Male,25,Chennai,Shoes,Sandals,3,1999,20,4797.6,UPI,3.6,Delivered
ORD01786,2025-03-28,C1723,Male,21,Pune,Top,Shirt,4,1499,0,5996.0,Cash,4.6,Delivered
ORD01787,2025-02-19,C1003,Female,20,Delhi,Top,Crop Top,3,799,20,1917.6,Card,4.1,Returned
ORD01788,2025-10-11,C1705,Male,44,Hyderabad,Top,Crop Top,2,1999,0,3998.0,Card,4.9,Cancelled
ORD01789,2025-12-24,C1442,Male,47,Bengaluru,Accessories,Scarf,1,499,15,424.15,Card,4.1,Delivered
ORD01790,2025-07-17,C1689,Male,31,Bengaluru,Top,Crop Top,2,2999,20,4798.4,Net Banking,4.4,Cancelled
ORD01791,2025-10-05,C1934,Female,29,Bengaluru,Dress,Kurti,3,2499,0,7497.0,Net Banking,4.8,Delivered
ORD01792,2025-02-08,C1194,Male,50,Mumbai,Top,Shirt,3,2999,0,8997.0,Card,3.5,Delivered
ORD01793,2025-04-25,C1357,Male,47,Chennai,Accessories,Handbag,1,2499,20,1999.2,UPI,4.8,Cancelled
ORD01794,2025-02-18,C1666,Male,45,Chennai,Shoes,Heels,1,1499,15,1274.15,Cash,4.2,Cancelled
ORD01795,2025-02-08,C1636,Male,47,Hyderabad,Top,T-Shirt,1,2999,10,2699.1,Net Banking,3.9,Returned
ORD01796,2025-10-01,C1658,Male,52,Chennai,Dress,Maxi Dress,1,999,20,799.2,Cash,4.1,Returned
ORD01797,2025-07-12,C1377,Female,52,Bengaluru,Shoes,Sneakers,1,2499,5,2374.05,Card,4.6,Cancelled
ORD01798,2025-06-07,C1631,Male,39,Delhi,Bottom,Trousers,1,799,10,719.1,Card,4.2,Cancelled
ORD01799,2025-06-02,C1907,Male,55,Hyderabad,Bottom,Trousers,4,2499,0,9996.0,UPI,4.6,Returned
ORD01800,2025-10-30,C1311,Male,46,Hyderabad,Bottom,Trousers,4,799,20,2556.8,Net Banking,4.1,Returned
ORD01801,2025-12-18,C1696,Female,34,Hyderabad,Dress,Kurti,1,1999,20,1599.2,Cash,4.2,Cancelled
ORD01802,2025-09-18,C1198,Female,25,Bengaluru,Accessories,Scarf,3,1499,10,4047.3,Net Banking,3.6,Delivered
ORD01803,2025-10-02,C1827,Male,42,Delhi,Bottom,Leggings,3,799,15,2037.45,UPI,4.6,Returned
ORD01804,2025-11-24,C1527,Female,18,Delhi,Bottom,Leggings,1,2999,20,2399.2,Card,3.7,Delivered
ORD01805,2025-07-24,C1296,Male,19,Hyderabad,Dress,Floral Dress,4,799,15,2716.6,Card,3.6,Returned
ORD01806,2025-01-01,C1569,Male,20,Delhi,Accessories,Watch,3,1999,0,5997.0,Net Banking,4.7,Returned
ORD01807,2025-05-15,C1853,Male,53,Delhi,Accessories,Scarf,2,1999,20,3198.4,Net Banking,4.6,Delivered
ORD01808,2025-01-25,C1000,Male,20,Chennai,Dress,Floral Dress,4,2999,10,10796.4,Cash,4.9,Cancelled
ORD01809,2025-11-02,C1364,Male,19,Delhi,Shoes,Sandals,4,499,20,1596.8,Net Banking,4.8,Returned
ORD01810,2025-08-13,C1554,Female,45,Bengaluru,Dress,Kurti,3,2999,20,7197.6,UPI,3.8,Cancelled
ORD01811,2025-03-24,C1424,Male,19,Pune,Shoes,Sandals,1,2499,0,2499.0,Card,4.3,Returned
ORD01812,2025-06-01,C1310,Female,26,Hyderabad,Bottom,Trousers,1,499,5,474.05,UPI,3.9,Returned
ORD01813,2025-07-25,C1838,Female,28,Delhi,Shoes,Heels,3,1499,20,3597.6,UPI,4.9,Returned
ORD01814,2025-08-12,C1893,Female,26,Delhi,Top,T-Shirt,1,999,10,899.1,Net Banking,4.4,Delivered
ORD01815,2025-04-21,C1954,Female,46,Pune,Top,T-Shirt,1,1999,0,1999.0,Cash,4.0,Returned
ORD01816,2025-06-16,C1381,Male,45,Delhi,Bottom,Leggings,4,999,20,3196.8,Card,3.9,Delivered
ORD01817,2025-02-11,C1992,Male,36,Delhi,Top,Crop Top,2,999,0,1998.0,Cash,4.2,Delivered
ORD01818,2025-12-04,C1189,Male,22,Chennai,Dress,Floral Dress,1,499,5,474.05,Net Banking,4.1,Delivered
ORD01819,2025-05-19,C1548,Male,40,Hyderabad,Top,Crop Top,4,1499,5,5696.2,Cash,4.1,Cancelled
ORD01820,2025-06-06,C1174,Female,26,Chennai,Bottom,Trousers,3,799,5,2277.15,Cash,4.4,Delivered
ORD01821,2025-08-18,C1068,Male,39,Pune,Shoes,Sneakers,3,1499,10,4047.3,UPI,4.4,Returned
ORD01822,2025-05-18,C1482,Male,41,Chennai,Bottom,Trousers,1,999,15,849.15,Card,4.2,Returned
ORD01823,2025-06-01,C1114,Female,25,Delhi,Top,Shirt,4,2999,20,9596.8,Cash,4.6,Cancelled
ORD01824,2025-11-05,C1208,Male,39,Mumbai,Accessories,Watch,2,999,10,1798.2,Net Banking,4.8,Cancelled
ORD01825,2025-08-04,C1085,Male,30,Mumbai,Accessories,Handbag,2,799,0,1598.0,Card,4.3,Returned
ORD01826,2025-10-13,C1069,Female,29,Bengaluru,Dress,Kurti,4,1999,20,6396.8,Net Banking,4.8,Delivered
ORD01827,2025-06-10,C1185,Male,46,Chennai,Dress,Maxi Dress,4,799,10,2876.4,Cash,4.5,Returned
ORD01828,2025-09-20,C1051,Male,50,Hyderabad,Bottom,Trousers,2,999,5,1898.1,UPI,4.2,Returned
ORD01829,2025-07-15,C1508,Male,48,Bengaluru,Shoes,Sandals,4,799,10,2876.4,Net Banking,3.9,Delivered
ORD01830,2025-07-22,C1139,Female,42,Chennai,Accessories,Watch,1,999,5,949.05,Net Banking,3.8,Returned
ORD01831,2025-09-30,C1609,Female,48,Mumbai,Bottom,Jeans,1,2499,0,2499.0,UPI,3.7,Cancelled
ORD01832,2025-10-04,C1608,Female,51,Delhi,Top,Crop Top,3,799,0,2397.0,Cash,4.6,Delivered
ORD01833,2025-06-02,C1634,Female,55,Delhi,Bottom,Leggings,3,2499,20,5997.6,Net Banking,4.7,Delivered
ORD01834,2025-09-24,C1129,Male,55,Pune,Accessories,Watch,4,999,20,3196.8,Card,4.0,Delivered
ORD01835,2025-12-06,C1866,Male,26,Delhi,Dress,Maxi Dress,4,2499,20,7996.8,Card,4.4,Cancelled
ORD01836,2025-10-25,C1541,Female,34,Delhi,Accessories,Watch,1,1499,0,1499.0,UPI,4.9,Returned
ORD01837,2025-07-20,C1535,Male,23,Mumbai,Top,Shirt,4,2999,5,11396.2,Card,4.3,Cancelled
ORD01838,2025-02-28,C1793,Male,54,Mumbai,Dress,Floral Dress,3,2999,15,7647.45,Net Banking,4.8,Cancelled
ORD01839,2025-01-12,C1755,Male,24,Bengaluru,Dress,Maxi Dress,3,1999,0,5997.0,Net Banking,4.8,Cancelled
ORD01840,2025-08-05,C1599,Male,32,Delhi,Dress,Maxi Dress,3,799,20,1917.6,UPI,4.8,Cancelled
ORD01841,2025-01-07,C1787,Female,30,Mumbai,Bottom,Trousers,1,2999,15,2549.15,Net Banking,4.9,Delivered
ORD01842,2025-05-08,C1981,Male,54,Bengaluru,Dress,Floral Dress,2,2999,20,4798.4,Cash,3.6,Delivered
ORD01843,2025-01-31,C1706,Female,52,Pune,Bottom,Leggings,1,799,15,679.15,UPI,3.6,Delivered
ORD01844,2025-08-25,C1211,Female,22,Delhi,Bottom,Leggings,1,799,10,719.1,Net Banking,3.8,Delivered
ORD01845,2025-06-28,C1521,Female,54,Mumbai,Shoes,Heels,2,1499,0,2998.0,Card,3.8,Returned
ORD01846,2025-10-06,C1329,Female,23,Delhi,Top,Crop Top,1,2499,0,2499.0,Cash,4.4,Returned
ORD01847,2025-05-03,C1598,Female,54,Mumbai,Top,T-Shirt,3,2999,15,7647.45,Cash,4.7,Returned
ORD01848,2025-12-14,C1628,Male,26,Hyderabad,Dress,Floral Dress,4,999,5,3796.2,Card,4.1,Returned
ORD01849,2025-08-04,C1784,Female,44,Pune,Shoes,Sneakers,4,499,5,1896.2,Cash,4.3,Delivered
ORD01850,2025-12-27,C1699,Female,22,Pune,Bottom,Jeans,1,1499,10,1349.1,UPI,3.9,Cancelled
ORD01851,2025-11-22,C1941,Female,44,Delhi,Shoes,Heels,2,999,20,1598.4,UPI,4.8,Returned
ORD01852,2025-03-11,C1502,Male,18,Delhi,Dress,Floral Dress,2,2499,20,3998.4,Card,4.3,Returned
ORD01853,2025-05-15,C1648,Female,35,Bengaluru,Shoes,Sneakers,4,799,20,2556.8,UPI,4.8,Cancelled
ORD01854,2025-10-22,C1421,Male,44,Bengaluru,Accessories,Handbag,3,2999,5,8547.15,Net Banking,4.9,Returned
ORD01855,2025-10-02,C1781,Female,50,Bengaluru,Accessories,Scarf,1,1999,5,1899.05,Cash,3.8,Returned
ORD01856,2025-08-21,C1139,Female,25,Bengaluru,Bottom,Jeans,2,2999,10,5398.2,Cash,4.3,Delivered
ORD01857,2025-03-03,C1807,Male,42,Delhi,Dress,Kurti,4,2999,20,9596.8,UPI,4.9,Delivered
ORD01858,2025-08-29,C1453,Female,50,Mumbai,Bottom,Jeans,1,1999,15,1699.15,Card,3.8,Delivered
ORD01859,2025-02-18,C1238,Male,18,Hyderabad,Shoes,Heels,4,1499,0,5996.0,UPI,4.7,Returned
ORD01860,2025-07-22,C1136,Female,34,Mumbai,Top,Crop Top,4,499,5,1896.2,UPI,4.3,Returned
ORD01861,2025-11-09,C1035,Female,46,Bengaluru,Dress,Kurti,2,2999,5,5698.1,Card,4.8,Delivered
ORD01862,2025-09-11,C1706,Female,24,Hyderabad,Bottom,Leggings,1,499,0,499.0,Card,4.6,Delivered
ORD01863,2025-01-31,C1636,Female,37,Pune,Bottom,Leggings,2,2999,20,4798.4,Card,4.5,Delivered
ORD01864,2025-10-13,C1486,Male,42,Delhi,Bottom,Trousers,4,499,20,1596.8,Net Banking,4.6,Delivered
ORD01865,2025-03-15,C1189,Female,18,Delhi,Top,T-Shirt,3,499,15,1272.45,Card,4.8,Delivered
ORD01866,2025-04-09,C1312,Female,51,Bengaluru,Shoes,Sneakers,1,1999,20,1599.2,UPI,3.6,Cancelled
ORD01867,2025-07-24,C1459,Male,21,Mumbai,Shoes,Sneakers,1,1499,0,1499.0,UPI,3.7,Delivered
ORD01868,2025-02-05,C1584,Female,30,Bengaluru,Accessories,Watch,2,1499,15,2548.3,UPI,4.6,Delivered
ORD01869,2025-02-19,C1506,Male,26,Delhi,Bottom,Leggings,4,1999,10,7196.4,UPI,3.5,Delivered
ORD01870,2025-01-18,C1670,Female,28,Mumbai,Shoes,Sneakers,4,499,5,1896.2,UPI,4.6,Delivered
ORD01871,2025-08-30,C1905,Male,42,Bengaluru,Top,Crop Top,4,1999,0,7996.0,Card,4.6,Delivered
ORD01872,2025-02-27,C1507,Male,54,Mumbai,Dress,Floral Dress,3,999,10,2697.3,UPI,4.6,Returned
ORD01873,2025-03-16,C1844,Male,37,Delhi,Dress,Maxi Dress,3,999,5,2847.15,Card,4.1,Delivered
ORD01874,2025-06-25,C1185,Male,55,Delhi,Bottom,Jeans,1,2499,15,2124.15,UPI,3.5,Delivered
ORD01875,2025-08-31,C1904,Male,42,Hyderabad,Dress,Kurti,3,999,15,2547.45,UPI,4.7,Delivered
ORD01876,2025-03-08,C1481,Female,23,Chennai,Top,Shirt,3,999,0,2997.0,Net Banking,3.8,Cancelled
ORD01877,2025-06-26,C1847,Female,55,Hyderabad,Bottom,Trousers,1,2499,5,2374.05,Cash,3.9,Delivered
ORD01878,2025-02-26,C1327,Male,28,Bengaluru,Shoes,Sneakers,2,499,0,998.0,Net Banking,4.4,Cancelled
ORD01879,2025-09-21,C1690,Female,26,Mumbai,Bottom,Trousers,4,999,15,3396.6,Net Banking,4.3,Returned
ORD01880,2025-09-19,C1767,Male,46,Chennai,Dress,Floral Dress,3,999,15,2547.45,UPI,3.9,Cancelled
ORD01881,2025-10-18,C1133,Male,45,Delhi,Dress,Kurti,1,1499,10,1349.1,UPI,4.4,Delivered
ORD01882,2025-11-17,C1130,Male,38,Mumbai,Shoes,Sandals,2,1499,20,2398.4,Cash,4.9,Cancelled
ORD01883,2025-01-21,C1516,Male,25,Mumbai,Bottom,Trousers,4,999,15,3396.6,Net Banking,4.9,Returned
ORD01884,2025-03-27,C1204,Female,27,Pune,Bottom,Leggings,2,799,0,1598.0,Cash,3.8,Returned
ORD01885,2025-10-08,C1531,Female,33,Delhi,Dress,Floral Dress,2,499,0,998.0,Net Banking,3.5,Returned
ORD01886,2025-09-24,C1585,Male,25,Delhi,Top,Crop Top,1,1999,0,1999.0,UPI,3.5,Returned
ORD01887,2025-11-18,C1155,Male,26,Chennai,Dress,Floral Dress,1,1499,20,1199.2,Net Banking,4.6,Delivered
ORD01888,2025-01-05,C1554,Female,37,Hyderabad,Shoes,Sandals,4,2499,20,7996.8,UPI,3.6,Cancelled
ORD01889,2025-01-12,C1943,Female,32,Mumbai,Shoes,Heels,3,1499,5,4272.15,Net Banking,3.6,Delivered
ORD01890,2025-09-25,C1903,Male,38,Pune,Dress,Kurti,2,1499,0,2998.0,Cash,4.9,Cancelled
ORD01891,2025-06-08,C1153,Male,30,Chennai,Bottom,Leggings,2,2999,20,4798.4,Cash,4.9,Cancelled
ORD01892,2025-05-23,C1422,Female,19,Bengaluru,Dress,Floral Dress,3,799,10,2157.3,Cash,4.6,Returned
ORD01893,2025-05-20,C1883,Female,45,Bengaluru,Accessories,Scarf,3,999,20,2397.6,Card,4.8,Cancelled
ORD01894,2025-11-26,C1738,Male,26,Chennai,Dress,Floral Dress,1,1999,5,1899.05,UPI,3.9,Cancelled
ORD01895,2025-11-02,C1944,Female,18,Mumbai,Accessories,Handbag,2,2499,5,4748.1,Net Banking,4.3,Delivered
ORD01896,2025-12-19,C1332,Male,47,Mumbai,Dress,Kurti,3,1999,0,5997.0,Cash,4.2,Cancelled
ORD01897,2025-08-21,C1017,Male,36,Pune,Top,Shirt,3,799,5,2277.15,Card,4.0,Cancelled
ORD01898,2025-03-01,C1703,Female,22,Chennai,Dress,Kurti,2,1999,10,3598.2,Card,3.7,Cancelled
ORD01899,2025-01-17,C1062,Female,29,Mumbai,Bottom,Leggings,1,999,15,849.15,UPI,3.7,Returned
ORD01900,2025-05-05,C1534,Male,47,Pune,Shoes,Heels,1,499,0,499.0,UPI,3.7,Delivered
ORD01901,2025-02-15,C1128,Male,34,Hyderabad,Top,T-Shirt,2,1999,15,3398.3,Cash,3.6,Delivered
ORD01902,2025-05-13,C1319,Female,20,Delhi,Shoes,Sandals,4,1499,10,5396.4,Card,3.8,Delivered
ORD01903,2025-01-13,C1109,Male,39,Mumbai,Shoes,Heels,2,2999,10,5398.2,UPI,4.1,Returned
ORD01904,2025-03-18,C1265,Male,40,Hyderabad,Shoes,Sandals,2,2499,10,4498.2,Net Banking,4.2,Delivered
ORD01905,2025-12-14,C1129,Female,29,Bengaluru,Shoes,Heels,2,799,10,1438.2,Net Banking,4.6,Delivered
ORD01906,2025-12-24,C1801,Female,27,Mumbai,Accessories,Watch,4,2499,15,8496.6,Cash,4.9,Delivered
ORD01907,2025-05-19,C1809,Female,48,Bengaluru,Accessories,Watch,4,2999,20,9596.8,UPI,4.2,Cancelled
ORD01908,2025-01-19,C1422,Male,50,Delhi,Top,Crop Top,1,2499,5,2374.05,Net Banking,4.0,Returned
ORD01909,2025-06-07,C1054,Female,44,Chennai,Top,T-Shirt,2,999,10,1798.2,Net Banking,4.7,Cancelled
ORD01910,2025-08-10,C1863,Female,40,Mumbai,Top,T-Shirt,2,499,10,898.2,Cash,4.7,Returned
ORD01911,2025-11-26,C1838,Male,25,Pune,Accessories,Handbag,1,1499,10,1349.1,Net Banking,4.7,Delivered
ORD01912,2025-01-02,C1877,Female,32,Delhi,Accessories,Scarf,1,1999,5,1899.05,Card,4.2,Returned
ORD01913,2025-05-22,C1600,Female,52,Pune,Accessories,Watch,2,2499,0,4998.0,Net Banking,4.3,Returned
ORD01914,2025-01-23,C1186,Male,28,Delhi,Bottom,Jeans,3,2999,0,8997.0,Cash,4.7,Delivered
ORD01915,2025-07-25,C1052,Female,51,Bengaluru,Bottom,Jeans,2,799,0,1598.0,UPI,3.7,Delivered
ORD01916,2025-01-30,C1207,Male,21,Chennai,Shoes,Sneakers,1,2499,20,1999.2,Card,4.1,Delivered
ORD01917,2025-01-17,C1960,Male,31,Delhi,Accessories,Watch,1,499,0,499.0,Net Banking,4.7,Delivered
ORD01918,2025-08-27,C1780,Female,20,Chennai,Top,T-Shirt,4,2499,0,9996.0,UPI,4.4,Cancelled
ORD01919,2025-01-27,C1739,Female,24,Hyderabad,Shoes,Sneakers,3,2499,20,5997.6,Cash,5.0,Cancelled
ORD01920,2025-11-18,C1123,Male,31,Bengaluru,Shoes,Sandals,3,2999,10,8097.3,Cash,4.9,Delivered
ORD01921,2025-03-27,C1571,Female,51,Chennai,Bottom,Trousers,2,2499,0,4998.0,UPI,3.5,Returned
ORD01922,2025-08-01,C1108,Female,19,Hyderabad,Top,Shirt,1,2499,5,2374.05,UPI,4.2,Cancelled
ORD01923,2025-10-29,C1648,Female,34,Bengaluru,Shoes,Sneakers,2,799,20,1278.4,Net Banking,4.8,Delivered
ORD01924,2025-08-03,C1573,Male,18,Mumbai,Accessories,Handbag,4,999,5,3796.2,Cash,3.6,Cancelled
ORD01925,2025-09-14,C1032,Male,28,Chennai,Dress,Kurti,3,2999,10,8097.3,Cash,4.2,Cancelled
ORD01926,2025-03-25,C1993,Male,43,Hyderabad,Bottom,Jeans,2,799,15,1358.3,UPI,4.9,Returned
ORD01927,2025-05-13,C1407,Female,19,Bengaluru,Accessories,Scarf,4,1999,10,7196.4,Net Banking,4.8,Cancelled
ORD01928,2025-07-06,C1713,Male,23,Delhi,Bottom,Jeans,4,1999,0,7996.0,UPI,3.9,Cancelled
ORD01929,2025-01-03,C1491,Male,31,Mumbai,Dress,Maxi Dress,3,2999,5,8547.15,Cash,4.1,Delivered
ORD01930,2025-12-22,C1115,Male,54,Mumbai,Accessories,Watch,2,999,5,1898.1,Cash,4.6,Cancelled
ORD01931,2025-02-24,C1756,Female,22,Pune,Bottom,Trousers,1,799,0,799.0,Cash,3.5,Delivered
ORD01932,2025-07-06,C1781,Female,36,Bengaluru,Dress,Floral Dress,1,999,0,999.0,Card,4.1,Delivered
ORD01933,2025-01-02,C1333,Male,25,Delhi,Accessories,Watch,2,999,20,1598.4,Net Banking,3.6,Returned
ORD01934,2025-03-04,C1327,Female,33,Hyderabad,Bottom,Jeans,4,1999,20,6396.8,Cash,4.7,Returned
ORD01935,2025-02-20,C1137,Male,55,Delhi,Dress,Floral Dress,1,1499,15,1274.15,Net Banking,4.0,Cancelled
ORD01936,2025-11-24,C1046,Female,28,Mumbai,Dress,Maxi Dress,3,999,5,2847.15,Net Banking,4.1,Delivered
ORD01937,2025-08-05,C1791,Female,47,Mumbai,Top,Shirt,3,1499,10,4047.3,UPI,4.7,Returned
ORD01938,2025-09-14,C1474,Male,41,Bengaluru,Dress,Maxi Dress,1,499,15,424.15,Cash,3.8,Cancelled
ORD01939,2025-09-07,C1325,Female,32,Hyderabad,Shoes,Sandals,2,1499,0,2998.0,UPI,3.8,Delivered
ORD01940,2025-06-16,C1722,Female,29,Bengaluru,Shoes,Heels,1,2999,10,2699.1,UPI,4.3,Delivered
ORD01941,2025-07-26,C1151,Female,29,Hyderabad,Accessories,Handbag,3,999,15,2547.45,Cash,4.5,Delivered
ORD01942,2025-12-01,C1913,Female,31,Mumbai,Shoes,Heels,4,999,5,3796.2,Net Banking,3.5,Delivered
ORD01943,2025-07-25,C1487,Female,26,Delhi,Top,Shirt,2,2499,20,3998.4,Card,5.0,Delivered
ORD01944,2025-12-10,C1710,Male,34,Hyderabad,Accessories,Watch,4,1999,0,7996.0,Net Banking,4.1,Cancelled
ORD01945,2025-05-01,C1265,Male,40,Pune,Top,T-Shirt,1,2499,10,2249.1,Card,4.7,Returned
ORD01946,2025-06-17,C1610,Female,45,Delhi,Top,Crop Top,4,2499,0,9996.0,UPI,4.9,Returned
ORD01947,2025-08-31,C1512,Female,49,Chennai,Top,Crop Top,3,1499,15,3822.45,Cash,3.6,Returned
ORD01948,2025-01-15,C1247,Female,27,,Bottom,Jeans,4,2999,0,11996.0,Net Banking,4.4,Delivered
ORD01949,2025-12-28,C1180,Male,27,Bengaluru,Shoes,Sandals,2,1499,5,2848.1,UPI,3.8,Delivered
ORD01950,2025-03-03,C1991,Female,24,Bengaluru,Dress,Maxi Dress,3,2499,15,6372.45,Card,4.1,Delivered
ORD01951,2025-10-10,C1413,Male,20,Delhi,Bottom,Jeans,3,499,10,1347.3,Card,3.9,Delivered
ORD01952,2025-04-02,C1191,Male,29,Chennai,Shoes,Sandals,1,799,20,639.2,Net Banking,4.8,Cancelled
ORD01953,2025-05-18,C1507,Male,21,Bengaluru,Accessories,Handbag,1,999,5,949.05,UPI,4.5,Delivered
ORD01954,2025-04-10,C1456,Male,39,Chennai,Shoes,Heels,1,799,0,799.0,UPI,4.1,Delivered
ORD01955,2025-08-23,C1187,Female,35,Bengaluru,Bottom,Trousers,2,799,5,1518.1,Card,4.1,Delivered
ORD01956,2025-05-04,C1937,Male,52,Mumbai,Shoes,Sneakers,3,2999,15,7647.45,UPI,4.1,Cancelled
ORD01957,2025-11-12,C1746,Female,24,Chennai,Shoes,Heels,3,499,5,1422.15,Card,4.8,Cancelled
ORD01958,2025-09-10,C1184,Male,28,Hyderabad,Accessories,Handbag,2,1499,5,2848.1,UPI,5.0,Returned
ORD01959,2025-01-31,C1128,Female,44,Bengaluru,Top,Shirt,1,999,20,799.2,Net Banking,4.7,Cancelled
ORD01960,2025-06-05,C1364,Male,55,Bengaluru,Bottom,Jeans,4,2999,5,11396.2,Cash,4.3,Cancelled
ORD01961,2025-10-07,C1445,Female,18,Bengaluru,Accessories,Watch,1,1499,0,1499.0,Net Banking,4.3,Returned
ORD01962,2025-02-22,C1578,Male,20,Mumbai,Shoes,Sneakers,2,499,20,798.4,Card,3.5,Delivered
ORD01963,2025-10-05,C1586,Male,55,Mumbai,Bottom,Leggings,2,1999,0,3998.0,Card,3.9,Delivered
ORD01964,2025-03-27,C1250,Female,22,Pune,Bottom,Jeans,2,799,5,1518.1,Card,3.5,Returned
ORD01965,2025-04-26,C1345,Female,39,Chennai,Bottom,Leggings,1,499,20,399.2,UPI,4.8,Delivered
ORD01966,2025-05-06,C1197,Male,36,Mumbai,Shoes,Sandals,3,2499,5,7122.15,Net Banking,4.4,Delivered
ORD01967,2025-10-16,C1764,Male,25,Mumbai,Accessories,Watch,2,499,20,798.4,Cash,3.5,Returned
ORD01968,2025-07-21,C1320,Male,21,Pune,Dress,Floral Dress,1,1499,10,1349.1,Card,4.6,Delivered
ORD01969,2025-10-29,C1380,Female,28,Pune,Shoes,Heels,2,499,15,848.3,UPI,4.2,Returned
ORD01970,2025-08-18,C1350,Male,55,Mumbai,Top,Crop Top,3,2499,0,7497.0,Card,4.3,Returned
ORD01971,2025-07-25,C1131,Female,35,Bengaluru,Shoes,Sneakers,2,499,15,848.3,Cash,4.1,Delivered
ORD01972,2025-03-14,C1718,Male,45,Pune,Accessories,Scarf,4,999,15,3396.6,Net Banking,3.7,Delivered
ORD01973,2025-06-11,C1895,Male,35,Pune,Dress,Floral Dress,2,2499,20,3998.4,Card,4.9,Delivered
ORD01974,2025-07-01,C1010,Female,24,Delhi,Dress,Floral Dress,3,2499,5,7122.15,Card,4.8,Cancelled
ORD01975,2025-01-26,C1529,Female,49,Hyderabad,Top,T-Shirt,1,999,5,949.05,Net Banking,4.5,Cancelled
ORD01976,2025-05-09,C1880,Male,27,Pune,Top,Shirt,4,1999,5,7596.2,Card,4.1,Cancelled
ORD01977,2025-10-30,C1184,Male,37,Hyderabad,Bottom,Trousers,3,2499,20,5997.6,Net Banking,4.7,Returned
ORD01978,2025-04-12,C1984,Male,33,Mumbai,Dress,Maxi Dress,4,2499,15,8496.6,Net Banking,4.7,Returned
ORD01979,2025-10-05,C1681,Female,45,Delhi,Dress,Maxi Dress,1,799,10,719.1,UPI,4.2,Cancelled
ORD01980,2025-10-05,C1175,Female,45,Chennai,Bottom,Trousers,3,2499,20,5997.6,Net Banking,4.3,Delivered
ORD01981,2025-09-04,C1128,Male,41,Delhi,Shoes,Sneakers,1,2499,20,1999.2,Card,3.9,Cancelled
ORD01982,2025-10-12,C1162,Male,29,Delhi,Bottom,Trousers,3,499,20,1197.6,UPI,4.1,Delivered
ORD01983,2025-06-03,C1457,Male,53,Bengaluru,Accessories,Handbag,3,2499,15,6372.45,Card,3.8,Cancelled
ORD01984,2025-05-06,C1944,Female,23,Delhi,Bottom,Jeans,1,499,5,474.05,Card,4.7,Cancelled
ORD01985,2025-08-16,C1040,Male,44,Bengaluru,Dress,Floral Dress,4,1499,5,5696.2,UPI,4.7,Returned
ORD01986,2025-09-02,C1856,Female,20,Pune,Bottom,Jeans,3,1499,5,4272.15,Card,3.8,Cancelled
ORD01987,2025-04-13,C1551,Male,26,Mumbai,Dress,Floral Dress,1,1999,5,1899.05,Cash,3.9,Returned
ORD01988,2025-08-03,C1988,Male,51,Mumbai,Dress,Floral Dress,2,1499,0,2998.0,Net Banking,4.5,Returned
ORD01989,2025-12-17,C1766,Female,21,Bengaluru,Dress,Maxi Dress,4,999,15,3396.6,Net Banking,3.7,Delivered
ORD01990,2025-07-01,C1010,Male,54,Delhi,Shoes,Heels,2,2499,20,3998.4,Card,4.6,Returned
ORD01991,2025-08-06,C1674,Male,32,Chennai,Top,T-Shirt,3,1499,0,4497.0,UPI,4.2,Delivered
ORD01992,2025-12-31,C1095,Female,37,Mumbai,Top,Shirt,1,499,20,399.2,Card,3.9,Cancelled
ORD01993,2025-04-11,C1470,Male,47,Bengaluru,Dress,Maxi Dress,3,999,10,2697.3,Net Banking,3.7,Cancelled
ORD01994,2025-12-21,C1213,Female,36,Mumbai,Bottom,Leggings,4,2999,0,11996.0,UPI,4.1,Returned
ORD01995,2025-10-09,C1451,Male,23,Bengaluru,Shoes,Sneakers,4,999,10,3596.4,Card,3.7,Delivered
ORD01996,2025-04-23,C1455,Female,35,Delhi,Bottom,Trousers,2,499,5,948.1,UPI,3.9,Returned
ORD01997,2025-04-11,C1513,Female,54,Delhi,Top,T-Shirt,3,999,15,2547.45,Net Banking,4.7,Cancelled
ORD01998,2025-07-09,C1763,Male,42,Mumbai,Dress,Floral Dress,3,2999,10,8097.3,Net Banking,4.7,Cancelled
ORD01999,2025-09-22,C1444,Female,22,Chennai,Accessories,Handbag,3,2499,15,6372.45,UPI,3.8,Delivered
ORD02000,2025-06-10,C1493,Female,29,Pune,Accessories,Watch,2,1999,10,3598.2,Net Banking,4.4,Cancelled
ORD02001,2025-01-17,C1595,Male,48,Hyderabad,Bottom,Jeans,3,2999,20,7197.6,UPI,4.4,Returned
ORD02002,2025-05-31,C1227,Female,50,Hyderabad,Shoes,Sneakers,3,1499,15,3822.45,Cash,4.6,Returned
ORD02003,2025-08-20,C1863,Female,44,Delhi,Top,Shirt,1,1499,15,1274.15,Net Banking,3.6,Returned
ORD02004,2025-02-04,C1376,Female,23,Hyderabad,Top,Crop Top,4,2999,5,11396.2,Cash,4.1,Cancelled
ORD02005,2025-12-23,C1170,Male,18,Hyderabad,Accessories,Scarf,1,499,5,474.05,Cash,4.2,Returned
ORD02006,2025-05-29,C1999,Male,41,Bengaluru,Dress,Kurti,4,2499,20,7996.8,Net Banking,4.1,Delivered
ORD02007,2025-08-06,C1606,Male,31,Pune,Bottom,Jeans,2,2499,5,4748.1,Net Banking,4.2,Returned
ORD02008,2025-03-03,C1561,Male,29,Chennai,Shoes,Sandals,2,499,15,848.3,Card,4.2,Returned
ORD02009,2025-09-20,C1462,Female,39,Mumbai,Shoes,Heels,3,2999,0,8997.0,Cash,4.4,Cancelled
ORD02010,2025-04-15,C1311,Male,50,Chennai,Accessories,Handbag,4,1499,5,5696.2,Net Banking,4.4,Returned
ORD02011,2025-12-10,C1652,Female,54,Mumbai,Dress,Kurti,3,2999,10,8097.3,Card,4.8,Delivered
ORD02012,2025-12-25,C1783,Male,52,Bengaluru,Shoes,Sneakers,3,2499,20,5997.6,Net Banking,4.1,Delivered
ORD02013,2025-07-25,C1781,Male,54,Chennai,Shoes,Heels,2,799,0,1598.0,UPI,4.6,Returned
ORD02014,2025-02-11,C1689,Male,49,Pune,Top,Crop Top,2,2999,20,4798.4,Card,4.8,Returned
ORD02015,2025-01-04,C1546,Female,37,Hyderabad,Bottom,Jeans,2,1499,0,2998.0,Cash,4.2,Delivered
ORD02016,2025-12-23,C1605,Male,23,Chennai,Shoes,Sandals,3,799,0,2397.0,Card,3.8,Returned
ORD02017,2025-10-17,C1625,Female,46,Pune,Bottom,Trousers,1,499,10,449.1,Net Banking,4.0,Cancelled
ORD02018,2025-01-02,C1376,Female,51,Mumbai,Top,T-Shirt,3,2999,20,7197.6,Cash,4.2,Delivered
ORD02019,2025-12-24,C1150,Male,47,Chennai,Accessories,Scarf,3,2499,5,7122.15,UPI,4.7,Returned
ORD02020,2025-05-19,C1679,Male,25,Delhi,Shoes,Sandals,1,1499,15,1274.15,UPI,4.9,Delivered
ORD02021,2025-12-03,C1145,Male,39,Pune,Shoes,Sandals,3,2999,20,7197.6,Card,4.9,Returned
ORD02022,2025-07-31,C1645,Female,20,Bengaluru,Dress,Floral Dress,4,499,20,1596.8,UPI,5.0,Delivered
ORD02023,2025-07-25,C1153,Male,44,Hyderabad,Dress,Kurti,1,1999,0,1999.0,Card,4.2,Cancelled
ORD02024,2025-01-10,C1468,Male,51,Hyderabad,Bottom,Leggings,3,2999,0,8997.0,Cash,4.5,Cancelled
ORD02025,2025-08-03,C1552,Male,45,Hyderabad,Top,Crop Top,4,2499,10,8996.4,UPI,3.6,Cancelled
ORD02026,2025-03-09,C1015,Male,51,Mumbai,Accessories,Watch,1,799,15,679.15,UPI,4.1,Delivered
ORD02027,2025-08-04,C1199,Female,35,Delhi,Accessories,Handbag,4,499,5,1896.2,Card,5.0,Returned
ORD02028,2025-09-25,C1696,Female,18,Pune,Accessories,Watch,2,2499,10,4498.2,Card,4.0,Delivered
ORD02029,2025-07-11,C1220,Female,19,Hyderabad,Bottom,Trousers,2,999,5,1898.1,UPI,4.5,Delivered
ORD02030,2025-05-17,C1583,Female,43,Chennai,Top,Shirt,3,799,0,2397.0,UPI,3.8,Delivered
ORD02031,2025-05-31,C1248,Female,38,Mumbai,Accessories,Watch,4,499,5,1896.2,Cash,4.9,Delivered
ORD02032,2025-02-10,C1716,Female,41,Delhi,Bottom,Leggings,2,2499,15,4248.3,UPI,3.9,Delivered
ORD02033,2025-03-02,C1360,Female,49,Mumbai,Shoes,Sandals,3,2999,20,7197.6,Cash,4.3,Returned
ORD02034,2025-01-20,C1390,Female,47,Hyderabad,Shoes,Heels,2,799,5,1518.1,Net Banking,3.8,Returned
ORD02035,2025-09-06,C1991,Male,26,Chennai,Accessories,Handbag,2,999,20,1598.4,UPI,4.0,Returned
ORD02036,2025-10-16,C1634,Male,18,Bengaluru,Top,Crop Top,4,799,5,3036.2,Net Banking,4.9,Returned
ORD02037,2025-07-13,C1624,Male,55,Chennai,Dress,Maxi Dress,4,799,5,3036.2,Card,4.8,Delivered
ORD02038,2025-08-26,C1727,Female,46,Hyderabad,Bottom,Trousers,4,2999,15,10196.6,Card,4.3,Returned
ORD02039,2025-03-30,C1050,Female,33,Pune,Shoes,Sneakers,3,499,5,1422.15,Cash,3.9,Delivered
ORD02040,2025-03-06,C1412,Male,19,Pune,Accessories,Scarf,2,2999,20,4798.4,UPI,3.6,Returned
ORD02041,2025-02-04,C1979,Female,32,Pune,Bottom,Jeans,4,1499,5,5696.2,Cash,4.8,Cancelled
ORD02042,2025-09-22,C1831,Female,38,Mumbai,Accessories,Handbag,2,999,0,1998.0,Net Banking,3.5,Delivered
ORD02043,2025-07-16,C1304,Male,26,Delhi,Dress,Kurti,4,2499,10,8996.4,UPI,4.7,Returned
ORD02044,2025-06-22,C1851,Male,19,Hyderabad,Accessories,Scarf,2,499,20,798.4,Net Banking,3.8,Returned
ORD02045,2025-11-14,C1410,Male,54,Hyderabad,Shoes,Sandals,1,1999,10,1799.1,UPI,4.3,Cancelled
ORD02046,2025-07-06,C1251,Male,46,Hyderabad,Bottom,Leggings,2,499,0,998.0,Net Banking,4.2,Returned
ORD02047,2025-03-20,C1775,Female,18,Delhi,Dress,Kurti,4,1999,10,7196.4,Card,5.0,Returned
ORD02048,2025-02-07,C1672,Male,48,Chennai,Shoes,Heels,1,2499,5,2374.05,Cash,4.0,Returned
ORD02049,2025-11-25,C1173,Male,49,Delhi,Dress,Floral Dress,1,1499,15,1274.15,UPI,4.2,Delivered
ORD02050,2025-11-15,C1762,Male,55,Mumbai,Shoes,Sneakers,2,499,5,948.1,Net Banking,4.5,Delivered
ORD02051,2025-05-31,C1872,Female,35,Bengaluru,Top,Shirt,1,799,10,719.1,Cash,,Cancelled
ORD02052,2025-10-01,C1425,Male,32,Delhi,Accessories,Handbag,3,1499,15,3822.45,UPI,3.5,Delivered
ORD02053,2025-08-30,C1644,Male,53,Delhi,Shoes,Heels,3,499,20,1197.6,UPI,3.6,Returned
ORD02054,2025-02-10,C1274,Female,42,Mumbai,Top,Crop Top,2,2999,20,4798.4,Cash,4.4,Delivered
ORD02055,2025-10-06,C1759,Male,24,Delhi,Accessories,Handbag,3,1999,0,5997.0,Net Banking,4.0,Returned
ORD02056,2025-12-08,C1119,Female,21,Chennai,Bottom,Trousers,4,2499,10,8996.4,Net Banking,3.9,Returned
ORD02057,2025-01-07,C1734,Female,38,Delhi,Dress,Floral Dress,3,499,20,1197.6,UPI,3.9,Cancelled
ORD02058,2025-02-11,C1823,Male,31,Hyderabad,Bottom,Jeans,2,1999,20,3198.4,Net Banking,3.7,Returned
ORD02059,2025-10-06,C1567,Female,35,Chennai,Top,Crop Top,1,799,20,639.2,UPI,4.1,Cancelled
ORD02060,2025-11-08,C1714,Female,23,Bengaluru,Shoes,Sandals,1,799,15,679.15,Cash,4.0,Cancelled
ORD02061,2025-06-25,C1738,Female,26,Mumbai,Shoes,Sandals,2,2999,5,5698.1,UPI,4.6,Delivered
ORD02062,2025-09-17,C1921,Male,45,Bengaluru,Accessories,Watch,3,999,0,2997.0,UPI,4.3,Cancelled
ORD02063,2025-12-14,C1732,Male,23,Hyderabad,Accessories,Scarf,4,499,20,1596.8,Cash,3.8,Delivered
ORD02064,2025-07-13,C1102,Male,39,Hyderabad,Dress,Floral Dress,2,2499,5,4748.1,Cash,4.7,Cancelled
ORD02065,2025-05-04,C1190,Male,25,Hyderabad,Bottom,Trousers,1,999,5,949.05,Net Banking,4.7,Delivered
ORD02066,2025-11-04,C1926,Female,18,Bengaluru,Bottom,Leggings,2,799,0,1598.0,Net Banking,4.0,Returned
ORD02067,2025-01-30,C1884,Male,30,Pune,Bottom,Trousers,3,999,15,2547.45,Net Banking,4.6,Delivered
ORD02068,2025-05-05,C1590,Female,44,Bengaluru,Bottom,Leggings,1,2999,20,2399.2,Net Banking,4.4,Returned
ORD02069,2025-10-23,C1384,Male,41,Mumbai,Top,Shirt,2,799,10,1438.2,UPI,4.6,Delivered
ORD02070,2025-10-12,C1928,Female,18,Mumbai,Shoes,Sneakers,3,499,5,1422.15,Net Banking,4.1,Cancelled
ORD02071,2025-01-22,C1405,Female,33,Bengaluru,Shoes,Sneakers,3,2999,0,8997.0,UPI,4.1,Returned
ORD02072,2025-01-05,C1638,Male,18,Mumbai,Dress,Floral Dress,1,2499,15,2124.15,UPI,3.9,Cancelled
ORD02073,2025-03-15,C1373,Male,19,Hyderabad,Dress,Floral Dress,1,2999,5,2849.05,Cash,4.5,Returned
ORD02074,2025-10-19,C1478,Female,32,Pune,Top,Crop Top,2,2999,15,5098.3,Card,4.6,Returned
ORD02075,2025-08-26,C1357,Female,36,Chennai,Dress,Floral Dress,4,499,5,1896.2,Cash,4.8,Returned
ORD02076,2025-10-13,C1985,Female,36,Delhi,Bottom,Trousers,2,499,10,898.2,Card,3.9,Cancelled
ORD02077,2025-10-08,C1609,Female,40,Chennai,Dress,Floral Dress,1,2499,20,1999.2,Cash,3.7,Cancelled
ORD02078,2025-07-27,C1160,Male,41,Mumbai,Top,Shirt,3,2999,10,8097.3,UPI,4.1,Returned
ORD02079,2025-05-01,C1992,Female,24,Bengaluru,Accessories,Watch,1,999,15,849.15,Card,4.1,Returned
ORD02080,2025-11-24,C1157,Female,43,Pune,Accessories,Watch,1,1499,0,1499.0,Card,3.9,Delivered
ORD02081,2025-07-11,C1977,Male,18,Pune,Bottom,Jeans,3,1999,10,5397.3,Net Banking,3.5,Delivered
ORD02082,2025-01-28,C1355,Female,54,Pune,Dress,Maxi Dress,4,2999,0,11996.0,Cash,4.0,Delivered
ORD02083,2025-06-17,C1314,Female,54,Delhi,Top,Shirt,3,499,5,1422.15,UPI,3.9,Cancelled
ORD02084,2025-06-13,C1711,Female,55,Pune,Shoes,Heels,3,799,0,2397.0,Cash,4.5,Cancelled
ORD02085,2025-09-30,C1407,Female,37,Chennai,Shoes,Sneakers,1,2999,20,2399.2,Net Banking,4.5,Cancelled
ORD02086,2025-04-10,C1902,Female,49,Delhi,Top,Shirt,3,1499,0,4497.0,Net Banking,4.3,Returned
ORD02087,2025-04-06,C1993,Male,48,Bengaluru,Accessories,Handbag,3,2499,15,6372.45,UPI,3.6,Cancelled
ORD02088,2025-03-25,C1026,Female,45,Bengaluru,Bottom,Jeans,1,2999,0,2999.0,Card,4.3,Delivered
ORD02089,2025-07-27,C1296,Female,20,Mumbai,Top,T-Shirt,4,799,5,3036.2,Card,3.8,Returned
ORD02090,2025-10-31,C1668,Male,34,Mumbai,Top,T-Shirt,4,2999,15,10196.6,Net Banking,4.1,Returned
ORD02091,2025-11-30,C1144,Male,26,Mumbai,Top,Crop Top,2,799,20,1278.4,Card,4.8,Delivered
ORD02092,2025-11-12,C1193,Male,29,Hyderabad,Accessories,Handbag,3,2499,0,7497.0,Cash,3.6,Returned
ORD02093,2025-09-26,C1152,Male,48,Delhi,Top,T-Shirt,3,1499,0,4497.0,Cash,4.4,Delivered
ORD02094,2025-08-15,C1331,Female,54,Chennai,Bottom,Leggings,3,799,15,2037.45,UPI,3.6,Delivered
ORD02095,2025-07-21,C1807,Female,33,Mumbai,Accessories,Handbag,1,499,0,499.0,Card,4.6,Delivered
ORD02096,2025-08-28,C1223,Male,22,Bengaluru,Shoes,Sandals,2,799,15,1358.3,UPI,4.2,Returned
ORD02097,2025-10-13,C1370,Male,33,Bengaluru,Shoes,Heels,4,499,15,1696.6,UPI,3.5,Returned
ORD02098,2025-03-11,C1645,Female,23,Chennai,Accessories,Watch,2,1999,20,3198.4,UPI,4.7,Cancelled
ORD02099,2025-09-11,C1276,Male,45,Bengaluru,Shoes,Sandals,3,2499,0,7497.0,Cash,3.7,Cancelled
ORD02100,2025-01-02,C1862,Female,28,Pune,Top,Shirt,4,1499,5,5696.2,UPI,4.1,Delivered
ORD02101,2025-05-15,C1968,Female,22,Delhi,Shoes,Sneakers,3,2499,15,6372.45,Net Banking,4.8,Returned
ORD02102,2025-09-25,C1947,Male,55,Chennai,Bottom,Trousers,4,2499,20,7996.8,Net Banking,3.8,Cancelled
ORD02103,2025-05-12,C1613,Female,20,Hyderabad,Accessories,Scarf,3,2999,20,7197.6,Cash,4.7,Returned
ORD02104,2025-08-12,C1303,Male,26,Mumbai,Dress,Maxi Dress,2,799,15,1358.3,Card,4.7,Cancelled
ORD02105,2025-10-08,C1599,Male,24,Delhi,Bottom,Leggings,1,799,0,799.0,Cash,3.7,Cancelled
ORD02106,2025-04-04,C1701,Female,45,Chennai,Bottom,Jeans,3,499,0,1497.0,Card,4.5,Delivered
ORD02107,2025-11-23,C1165,Female,43,Chennai,Top,Crop Top,3,1499,10,4047.3,Net Banking,3.8,Cancelled
ORD02108,2025-09-27,C1144,Male,31,Bengaluru,Accessories,Scarf,4,499,20,1596.8,Net Banking,4.7,Delivered
ORD02109,2025-07-16,C1714,Male,30,Chennai,Bottom,Trousers,3,499,15,1272.45,Cash,4.3,Cancelled
ORD02110,2025-05-19,C1400,Male,38,Hyderabad,Bottom,Leggings,3,1499,20,3597.6,Net Banking,4.4,Cancelled
ORD02111,2025-12-14,C1554,Male,18,Hyderabad,Shoes,Sandals,3,1999,15,5097.45,Net Banking,3.8,Delivered
ORD02112,2025-03-14,C1427,Male,42,Bengaluru,Top,Shirt,1,499,20,399.2,Card,3.6,Delivered
ORD02113,2025-12-17,C1518,Female,35,Delhi,Dress,Maxi Dress,3,999,10,2697.3,Net Banking,4.6,Cancelled
ORD02114,2025-06-30,C1102,Male,34,Bengaluru,Accessories,Watch,3,999,10,2697.3,Net Banking,4.8,Returned
ORD02115,2025-09-24,C1805,Female,51,Mumbai,Dress,Floral Dress,1,1499,20,1199.2,Cash,4.2,Cancelled
ORD02116,2025-06-16,C1109,Male,29,Delhi,Dress,Maxi Dress,1,1499,15,1274.15,Cash,4.0,Returned
ORD02117,2025-04-14,C1206,Female,52,Bengaluru,Dress,Kurti,4,999,0,3996.0,UPI,3.7,Cancelled
ORD02118,2025-08-20,C1020,Male,44,Mumbai,Top,Shirt,4,2999,0,11996.0,UPI,4.6,Cancelled
ORD02119,2025-02-01,C1177,Male,39,Chennai,Bottom,Leggings,2,799,20,1278.4,UPI,4.5,Cancelled
ORD02120,2025-05-23,C1764,Male,31,Delhi,Accessories,Scarf,2,499,20,798.4,UPI,4.7,Cancelled
ORD02121,2025-09-06,C1888,Female,26,Delhi,Shoes,Sandals,1,2999,20,2399.2,Cash,4.2,Delivered
ORD02122,2025-05-19,C1539,Male,37,Delhi,Accessories,Watch,1,799,10,719.1,UPI,4.1,Returned
ORD02123,2025-09-18,C1997,Male,54,Delhi,Top,Shirt,4,2999,15,10196.6,Net Banking,3.9,Cancelled
ORD02124,2025-10-27,C1848,Male,26,Chennai,Top,Crop Top,3,2499,0,7497.0,Net Banking,4.8,Delivered
ORD02125,2025-01-23,C1820,Male,23,Delhi,Top,Crop Top,3,999,5,2847.15,Card,4.5,Returned
ORD02126,2025-03-20,C1041,Male,24,Hyderabad,Accessories,Watch,1,1499,5,1424.05,Net Banking,4.8,Cancelled
ORD02127,2025-11-09,C1374,Male,37,Pune,Shoes,Heels,3,1999,15,5097.45,Net Banking,4.2,Cancelled
ORD02128,2025-03-08,C1859,Female,51,Bengaluru,Bottom,Trousers,2,799,0,1598.0,Cash,4.3,Delivered
ORD02129,2025-08-08,C1031,Female,53,Bengaluru,Accessories,Watch,2,799,5,1518.1,Cash,3.8,Delivered
ORD02130,2025-08-16,C1197,Male,42,Bengaluru,Shoes,Heels,4,999,20,3196.8,Card,3.8,Cancelled
ORD02131,2025-09-29,C1945,Male,47,Hyderabad,Top,Crop Top,1,999,0,999.0,Card,5.0,Returned
ORD02132,2025-08-01,C1637,Male,44,Mumbai,Top,Shirt,3,2999,10,8097.3,Card,4.3,Delivered
ORD02133,2025-11-16,C1514,Male,27,Mumbai,Shoes,Sandals,2,799,15,1358.3,Card,3.7,Returned
ORD02134,2025-05-20,C1893,Female,21,Chennai,Accessories,Handbag,1,2499,15,2124.15,Cash,4.0,Returned
ORD02135,2025-08-16,C1430,Female,38,Delhi,Shoes,Sandals,3,2499,10,6747.3,Card,3.6,Cancelled
ORD02136,2025-08-25,C1526,Male,40,Hyderabad,Accessories,Handbag,1,2999,15,2549.15,UPI,4.6,Returned
ORD02137,2025-09-19,C1623,Female,28,Bengaluru,Shoes,Sandals,1,1999,20,1599.2,Card,4.0,Cancelled
ORD02138,2025-03-21,C1982,Male,48,Bengaluru,Bottom,Trousers,4,1499,5,5696.2,UPI,4.3,Delivered
ORD02139,2025-11-20,C1805,Male,39,Chennai,Top,Crop Top,4,2499,0,9996.0,UPI,3.8,Cancelled
ORD02140,2025-07-18,C1867,Male,50,Mumbai,Accessories,Handbag,2,1999,20,3198.4,UPI,4.3,Cancelled
ORD02141,2025-03-02,C1048,Female,55,Mumbai,Shoes,Sneakers,4,1499,20,4796.8,Card,3.6,Returned
ORD02142,2025-04-29,C1229,Female,50,Chennai,Top,Crop Top,2,1499,20,2398.4,Net Banking,4.4,Cancelled
ORD02143,2025-01-23,C1430,Female,38,Bengaluru,Bottom,Trousers,4,499,5,1896.2,Net Banking,4.6,Cancelled
ORD02144,2025-09-07,C1452,Male,24,Mumbai,Top,T-Shirt,3,999,15,2547.45,Card,3.5,Delivered
ORD02145,2025-06-12,C1450,Male,40,Mumbai,Bottom,Leggings,3,2499,0,7497.0,UPI,4.5,Cancelled
ORD02146,2025-05-24,C1269,Male,37,Delhi,Shoes,Sandals,2,1999,10,3598.2,Card,4.6,Delivered
ORD02147,2025-11-30,C1941,Male,27,Mumbai,Dress,Maxi Dress,1,999,15,849.15,Cash,4.9,Delivered
ORD02148,2025-07-21,C1838,Male,20,Hyderabad,Top,Shirt,4,499,10,1796.4,Net Banking,4.4,Returned
ORD02149,2025-06-04,C1823,Female,40,Bengaluru,Accessories,Watch,1,2999,5,2849.05,Cash,3.8,Returned
ORD02150,2025-08-05,C1743,Female,37,Pune,Shoes,Heels,3,499,5,1422.15,UPI,4.7,Returned
ORD02151,2025-09-17,C1677,Male,25,Delhi,Top,T-Shirt,3,1499,5,4272.15,Net Banking,4.6,Returned
ORD02152,2025-04-30,C1106,Female,53,Chennai,Shoes,Sandals,2,1999,5,3798.1,Card,4.5,Cancelled
ORD02153,2025-12-28,C1677,Female,28,Mumbai,Dress,Floral Dress,1,999,20,799.2,Card,4.1,Delivered
ORD02154,2025-06-27,C1641,Female,52,Mumbai,Bottom,Jeans,4,2999,10,10796.4,Net Banking,3.6,Returned
ORD02155,2025-08-30,C1726,Female,42,Mumbai,Dress,Maxi Dress,2,999,10,1798.2,UPI,4.7,Returned
ORD02156,2025-09-07,C1274,Male,45,Pune,Accessories,Watch,3,2499,0,7497.0,Net Banking,4.9,Delivered
ORD02157,2025-02-18,C1414,Male,36,Pune,Bottom,Jeans,2,799,0,1598.0,Card,4.3,Returned
ORD02158,2025-05-11,C1836,Male,49,Bengaluru,Bottom,Trousers,4,1499,0,5996.0,Cash,4.6,Delivered
ORD02159,2025-11-23,C1247,Male,19,Mumbai,Top,Crop Top,2,1999,15,3398.3,Net Banking,3.9,Cancelled
ORD02160,2025-04-06,C1119,Male,44,Bengaluru,Bottom,Trousers,1,1999,20,1599.2,Net Banking,4.1,Returned
ORD02161,2025-02-09,C1001,Male,38,Chennai,Dress,Kurti,4,1499,15,5096.6,Net Banking,4.2,Delivered
ORD02162,2025-12-24,C1225,Female,55,Hyderabad,Bottom,Jeans,1,799,5,759.05,UPI,3.7,Delivered
ORD02163,2025-08-04,C1499,Female,19,Pune,Top,Crop Top,4,1499,20,4796.8,Net Banking,3.8,Returned
ORD02164,2025-07-26,C1123,Female,36,Pune,Accessories,Handbag,3,799,10,2157.3,Card,3.9,Delivered
ORD02165,2025-07-04,C1444,Female,26,Bengaluru,Top,Shirt,1,1499,10,1349.1,UPI,4.8,Delivered
ORD02166,2025-02-04,C1581,Female,42,Hyderabad,Accessories,Watch,2,1499,5,2848.1,Cash,4.1,Returned
ORD02167,2025-05-15,C1831,Male,37,Hyderabad,Accessories,Handbag,2,1499,15,2548.3,UPI,4.1,Delivered
ORD02168,2025-06-21,C1351,Male,31,Delhi,Top,Crop Top,3,499,5,1422.15,Cash,4.6,Cancelled
ORD02169,2025-10-02,C1234,Male,37,Bengaluru,Bottom,Trousers,4,1499,5,5696.2,Card,3.8,Delivered
ORD02170,2025-12-23,C1085,Female,48,Delhi,Dress,Maxi Dress,3,999,15,2547.45,Card,4.6,Delivered
ORD02171,2025-09-22,C1477,Female,31,Pune,Bottom,Jeans,1,999,20,799.2,Card,4.2,Cancelled
ORD02172,2025-08-14,C1507,Female,45,Pune,Dress,Maxi Dress,1,1999,10,1799.1,Card,3.9,Delivered
ORD02173,2025-10-02,C1491,Male,23,Delhi,Accessories,Watch,1,499,0,499.0,Card,4.6,Cancelled
ORD02174,2025-09-04,C1547,Female,28,Chennai,Dress,Maxi Dress,1,499,10,449.1,UPI,3.8,Delivered
ORD02175,2025-11-11,C1687,Female,51,Delhi,Shoes,Sandals,1,1999,15,1699.15,Net Banking,3.6,Returned
ORD02176,2025-10-08,C1667,Male,27,Bengaluru,Top,Shirt,4,2999,0,11996.0,Card,4.1,Delivered
ORD02177,2025-01-18,C1054,Male,30,Pune,Dress,Maxi Dress,3,799,5,2277.15,Card,3.5,Cancelled
ORD02178,2025-03-12,C1172,Female,24,Pune,Shoes,Heels,3,2499,0,7497.0,Cash,4.5,Delivered
ORD02179,2025-02-08,C1262,Female,55,Hyderabad,Dress,Maxi Dress,4,1499,0,5996.0,Card,3.7,Delivered
ORD02180,2025-09-23,C1144,Male,26,Mumbai,Dress,Maxi Dress,4,799,5,3036.2,Cash,4.8,Delivered
ORD02181,2025-12-07,C1180,Male,41,Bengaluru,Dress,Maxi Dress,2,2999,20,4798.4,Card,3.7,Cancelled
ORD02182,2025-04-17,C1262,Female,31,Mumbai,Dress,Floral Dress,1,2999,0,2999.0,UPI,3.7,Delivered
ORD02183,2025-03-01,C1815,Male,28,Mumbai,Top,Crop Top,2,999,5,1898.1,Cash,4.3,Returned
ORD02184,2025-04-06,C1512,Female,37,Delhi,Shoes,Sandals,3,999,5,2847.15,Net Banking,3.8,Returned
ORD02185,2025-04-09,C1274,Male,21,Chennai,Dress,Floral Dress,3,1999,20,4797.6,Cash,4.1,Delivered
ORD02186,2025-10-21,C1563,Female,29,Hyderabad,Shoes,Heels,4,2499,5,9496.2,Net Banking,3.9,Delivered
ORD02187,2025-07-26,C1379,Female,54,Pune,Bottom,Leggings,1,999,5,949.05,Cash,5.0,Returned
ORD02188,2025-09-19,C1062,Female,44,Delhi,Shoes,Sneakers,3,2999,5,8547.15,UPI,4.8,Returned
ORD02189,2025-12-24,C1379,Male,36,Bengaluru,Shoes,Heels,2,799,15,1358.3,Cash,4.8,Returned
ORD02190,2025-10-15,C1594,Female,26,Chennai,Shoes,Sandals,3,2499,5,7122.15,Cash,4.0,Cancelled
ORD02191,2025-10-31,C1154,Female,24,Delhi,Top,T-Shirt,3,799,15,2037.45,Net Banking,4.2,Delivered
ORD02192,2025-11-17,C1560,Male,38,Delhi,Top,Crop Top,4,2999,15,10196.6,Card,4.9,Cancelled
ORD02193,2025-10-23,C1026,Female,24,Bengaluru,Bottom,Leggings,3,1999,15,5097.45,Card,3.9,Returned
ORD02194,2025-10-07,C1806,Male,44,Pune,Accessories,Watch,2,1999,20,3198.4,Cash,4.6,Delivered
ORD02195,2025-12-22,C1472,Male,19,Mumbai,Accessories,Handbag,1,1499,20,1199.2,UPI,4.5,Returned
ORD02196,2025-03-27,C1793,Male,24,Delhi,Top,Shirt,2,1499,0,2998.0,Net Banking,4.2,Returned
ORD02197,2025-05-21,C1587,Male,25,Mumbai,Accessories,Scarf,1,1999,5,1899.05,UPI,4.1,Returned
ORD02198,2025-06-15,C1657,Female,27,Chennai,Shoes,Sneakers,3,2999,15,7647.45,Card,4.1,Returned
ORD02199,2025-08-24,C1142,Female,18,Mumbai,Bottom,Leggings,4,799,5,3036.2,Net Banking,4.4,Cancelled
ORD02200,2025-07-31,C1719,Female,36,Hyderabad,Bottom,Trousers,1,2499,0,2499.0,Net Banking,3.8,Delivered
ORD02201,2025-10-09,C1229,Male,39,Mumbai,Accessories,Watch,4,2499,0,9996.0,UPI,4.1,Delivered
ORD02202,2025-10-20,C1028,Male,43,Chennai,Dress,Maxi Dress,1,799,10,719.1,Card,4.7,Cancelled
ORD02203,2025-04-29,C1278,Female,31,Bengaluru,Accessories,Watch,1,2999,0,2999.0,Net Banking,3.8,Returned
ORD02204,2025-10-16,C1558,Female,23,Chennai,Top,Crop Top,3,1999,0,5997.0,UPI,3.9,Delivered
ORD02205,2025-10-06,C1093,Male,43,Pune,Shoes,Heels,2,499,0,998.0,Cash,5.0,Cancelled
ORD02206,2025-06-09,C1671,Male,20,Mumbai,Accessories,Scarf,1,2999,0,2999.0,Net Banking,3.6,Returned
ORD02207,2025-11-05,C1040,Male,36,Mumbai,Dress,Maxi Dress,1,2499,0,2499.0,UPI,4.8,Delivered
ORD02208,2025-03-21,C1061,Male,38,Mumbai,Bottom,Trousers,3,999,20,2397.6,UPI,3.9,Returned
ORD02209,2025-10-30,C1102,Male,52,Bengaluru,Dress,Kurti,4,1999,0,7996.0,UPI,4.2,Delivered
ORD02210,2025-03-01,C1208,Male,24,Hyderabad,Bottom,Leggings,1,2999,0,2999.0,Cash,4.7,Delivered
ORD02211,2025-09-24,C1568,Male,36,Pune,Top,Shirt,4,2499,0,9996.0,UPI,3.7,Delivered
ORD02212,2025-12-23,C1076,Male,45,Bengaluru,Accessories,Watch,3,999,5,2847.15,Cash,4.9,Returned
ORD02213,2025-10-11,C1807,Male,20,Chennai,Shoes,Heels,4,799,20,2556.8,Net Banking,3.6,Returned
ORD02214,2025-03-28,C1255,Male,25,Delhi,Accessories,Handbag,4,499,20,1596.8,Cash,5.0,Delivered
ORD02215,2025-01-27,C1420,Female,29,Bengaluru,Dress,Kurti,2,499,10,898.2,UPI,3.8,Returned
ORD02216,2025-03-31,C1775,Female,37,Pune,Accessories,Watch,3,999,5,2847.15,UPI,5.0,Delivered
ORD02217,2025-08-27,C1597,Female,51,Hyderabad,Bottom,Leggings,4,2499,0,9996.0,Cash,4.9,Returned
ORD02218,2025-11-03,C1226,Male,19,Delhi,Shoes,Sandals,3,1999,20,4797.6,UPI,5.0,Cancelled
ORD02219,2025-07-06,C1796,Female,27,Mumbai,Bottom,Leggings,4,999,15,3396.6,Net Banking,3.8,Cancelled
ORD02220,2025-12-01,C1370,Female,41,Pune,Dress,Maxi Dress,2,1499,15,2548.3,Cash,3.7,Returned
ORD02221,2025-12-01,C1943,Female,25,Mumbai,Dress,Maxi Dress,1,2499,0,2499.0,UPI,3.6,Returned
ORD02222,2025-12-25,C1524,Female,24,Pune,Accessories,Scarf,4,2999,5,11396.2,UPI,3.9,Cancelled
ORD02223,2025-02-21,C1497,Male,52,Mumbai,Shoes,Heels,1,2499,10,2249.1,UPI,5.0,Returned
ORD02224,2025-12-04,C1165,Male,32,Mumbai,Shoes,Sneakers,2,1999,0,3998.0,Card,3.7,Delivered
ORD02225,2025-08-30,C1334,Male,51,Mumbai,Top,Crop Top,2,999,0,1998.0,Cash,4.3,Cancelled
ORD02226,2025-01-20,C1743,Female,46,Hyderabad,Accessories,Scarf,3,499,0,1497.0,UPI,3.9,Delivered
ORD02227,2025-06-10,C1198,Female,46,Mumbai,Bottom,Jeans,1,799,10,719.1,Card,4.5,Cancelled
ORD02228,2025-08-12,C1296,Male,41,Bengaluru,Accessories,Scarf,2,2999,0,5998.0,UPI,4.7,Cancelled
ORD02229,2025-01-09,C1871,Male,19,Delhi,Shoes,Sandals,2,499,5,948.1,UPI,4.9,Cancelled
ORD02230,2025-06-20,C1892,Male,50,Pune,Bottom,Trousers,3,799,10,2157.3,Cash,3.6,Returned
ORD02231,2025-11-18,C1131,Male,29,Pune,Shoes,Sandals,4,2999,15,10196.6,Card,3.9,Delivered
ORD02232,2025-01-13,C1689,Male,47,Hyderabad,Shoes,Sneakers,3,1499,20,3597.6,UPI,4.5,Cancelled
ORD02233,2025-08-16,C1256,Male,43,Hyderabad,Top,T-Shirt,2,2999,20,4798.4,UPI,4.6,Returned
ORD02234,2025-10-31,C1585,Female,19,Hyderabad,Bottom,Trousers,3,999,15,2547.45,Cash,4.7,Delivered
ORD02235,2025-08-09,C1580,Male,37,Delhi,Accessories,Scarf,1,2999,15,2549.15,Card,4.4,Cancelled
ORD02236,2025-01-25,C1397,Female,44,Bengaluru,Accessories,Scarf,4,499,15,1696.6,Card,3.6,Delivered
ORD02237,2025-06-12,C1147,Female,44,Pune,Shoes,Heels,3,1499,0,4497.0,Card,3.6,Returned
ORD02238,2025-07-03,C1225,Male,50,Delhi,Accessories,Handbag,3,1999,20,4797.6,Card,3.6,Returned
ORD02239,2025-06-01,C1275,Female,47,Bengaluru,Shoes,Sandals,2,2499,20,3998.4,Card,4.8,Returned
ORD02240,2025-03-14,C1922,Female,29,Mumbai,Dress,Kurti,3,2499,5,7122.15,Cash,3.9,Cancelled
ORD02241,2025-06-07,C1113,Female,39,Mumbai,Dress,Floral Dress,3,499,15,1272.45,Net Banking,4.6,Cancelled
ORD02242,2025-10-27,C1950,Male,42,Mumbai,Dress,Maxi Dress,3,999,15,2547.45,Net Banking,3.9,Cancelled
ORD02243,2025-02-01,C1244,Male,32,Chennai,Shoes,Sneakers,2,999,5,1898.1,Card,4.1,Cancelled
ORD02244,2025-02-12,C1329,Male,51,Bengaluru,Bottom,Trousers,3,999,5,2847.15,Card,4.9,Delivered
ORD02245,2025-12-20,C1632,Male,46,Mumbai,Bottom,Jeans,2,1999,15,3398.3,UPI,4.1,Returned
ORD02246,2025-02-14,C1417,Female,52,Mumbai,Bottom,Jeans,2,2999,5,5698.1,UPI,3.5,Returned
ORD02247,2025-09-01,C1879,Male,43,Mumbai,Top,Crop Top,2,1499,15,2548.3,Card,4.4,Returned
ORD02248,2025-09-14,C1046,Female,52,Delhi,Dress,Floral Dress,1,2999,5,2849.05,UPI,4.4,Delivered
ORD02249,2025-10-23,C1245,Male,31,Delhi,Top,T-Shirt,4,499,20,1596.8,Card,3.6,Returned
ORD02250,2025-11-27,C1022,Male,55,Chennai,Accessories,Watch,1,1999,0,1999.0,Cash,3.5,Returned
ORD02251,2025-12-13,C1287,Female,22,Hyderabad,Dress,Maxi Dress,2,799,10,1438.2,Cash,4.1,Returned
ORD02252,2025-11-15,C1831,Male,32,Pune,Accessories,Watch,1,2499,15,2124.15,Cash,4.4,Returned
ORD02253,2025-08-28,C1476,Male,36,Delhi,Top,T-Shirt,2,499,15,848.3,Net Banking,4.5,Returned
ORD02254,2025-03-02,C1629,Female,40,Mumbai,Shoes,Sandals,3,2999,5,8547.15,UPI,4.2,Delivered
ORD02255,2025-06-26,C1181,Female,44,Pune,Shoes,Heels,4,1499,15,5096.6,Card,4.0,Delivered
ORD02256,2025-01-29,C1416,Male,21,Mumbai,Accessories,Handbag,1,2999,10,2699.1,Card,4.2,Delivered
ORD02257,2025-12-15,C1949,Female,19,Bengaluru,Dress,Kurti,1,1499,15,1274.15,Net Banking,4.4,Cancelled
ORD02258,2025-12-17,C1497,Male,52,Delhi,Shoes,Sneakers,3,799,5,2277.15,Card,3.7,Delivered
ORD02259,2025-04-23,C1933,Female,23,Pune,Top,Shirt,3,2499,20,5997.6,Cash,4.1,Delivered
ORD02260,2025-05-06,C1464,Female,33,Hyderabad,Accessories,Watch,2,499,0,998.0,Card,3.5,Delivered
ORD02261,2025-12-04,C1641,Female,42,Hyderabad,Dress,Floral Dress,2,999,15,1698.3,Card,4.0,Delivered
ORD02262,2025-04-14,C1820,Female,44,Delhi,Shoes,Sandals,3,499,15,1272.45,UPI,4.5,Returned
ORD02263,2025-05-21,C1683,Male,42,Delhi,Top,Crop Top,2,499,0,998.0,Card,3.6,Cancelled
ORD02264,2025-04-23,C1892,Female,22,Mumbai,Shoes,Heels,3,799,15,2037.45,Net Banking,4.2,Delivered
ORD02265,2025-07-07,C1688,Female,38,Bengaluru,Bottom,Leggings,3,799,5,2277.15,Net Banking,4.2,Returned
ORD02266,2025-03-23,C1168,Female,54,Delhi,Bottom,Trousers,4,1999,10,7196.4,Cash,4.4,Delivered
ORD02267,2025-07-31,C1592,Male,54,Bengaluru,Dress,Maxi Dress,4,2499,5,9496.2,Cash,4.0,Returned
ORD02268,2025-03-06,C1768,Female,44,Chennai,Accessories,Watch,1,799,0,799.0,Net Banking,4.8,Delivered
ORD02269,2025-10-27,C1796,Male,34,Chennai,Accessories,Handbag,3,2499,0,7497.0,Cash,4.4,Delivered
ORD02270,2025-12-03,C1380,Male,29,Mumbai,Dress,Floral Dress,1,999,15,849.15,Card,4.8,Returned
ORD02271,2025-10-18,C1474,Male,41,Pune,Shoes,Heels,1,999,10,899.1,Cash,5.0,Cancelled
ORD02272,2025-09-29,C1137,Male,36,Bengaluru,Dress,Maxi Dress,1,799,5,759.05,Card,4.5,Delivered
ORD02273,2025-12-24,C1720,Female,38,Pune,Top,Shirt,2,2499,0,4998.0,Net Banking,4.9,Returned
ORD02274,2025-11-19,C1224,Male,51,Bengaluru,Shoes,Sandals,4,499,15,1696.6,Card,3.8,Delivered
ORD02275,2025-01-26,C1912,Female,50,Delhi,Dress,Floral Dress,2,2999,5,5698.1,Card,3.5,Returned
ORD02276,2025-08-20,C1691,Female,19,Hyderabad,Bottom,Trousers,2,799,5,1518.1,Card,4.1,Cancelled
ORD02277,2025-07-15,C1008,Female,34,Hyderabad,Accessories,Scarf,4,1499,0,5996.0,Cash,4.5,Returned
ORD02278,2025-05-24,C1581,Male,25,Mumbai,Accessories,Handbag,1,1999,10,1799.1,Card,4.9,Returned
ORD02279,2025-12-01,C1992,Male,22,Pune,Accessories,Watch,1,1999,5,1899.05,Cash,4.1,Returned
ORD02280,2025-12-29,C1657,Male,52,Pune,Shoes,Sneakers,4,999,20,3196.8,Card,4.6,Cancelled
ORD02281,2025-02-01,C1288,Male,35,Mumbai,Accessories,Scarf,1,999,10,899.1,UPI,4.5,Returned
ORD02282,2025-04-08,C1534,Male,35,Hyderabad,Shoes,Heels,3,499,5,1422.15,Card,4.8,Returned
ORD02283,2025-01-22,C1639,Male,24,Bengaluru,Bottom,Leggings,3,999,20,2397.6,Cash,3.6,Returned
ORD02284,2025-01-19,C1093,Male,27,Bengaluru,Bottom,Leggings,1,1499,15,1274.15,UPI,4.3,Returned
ORD02285,2025-02-24,C1374,Female,45,Hyderabad,Accessories,Scarf,2,1499,0,2998.0,Net Banking,4.2,Delivered
ORD02286,2025-10-24,C1753,Male,30,Mumbai,Dress,Kurti,4,2999,15,10196.6,Net Banking,4.2,Delivered
ORD02287,2025-10-02,C1212,Female,30,Delhi,Shoes,Sneakers,3,2999,0,8997.0,Cash,4.0,Cancelled
ORD02288,2025-03-18,C1558,Female,33,Delhi,Accessories,Handbag,3,1499,10,4047.3,Card,4.2,Delivered
ORD02289,2025-12-04,C1145,Male,47,Chennai,Accessories,Scarf,2,999,5,1898.1,Net Banking,4.1,Returned
ORD02290,2025-05-18,C1951,Female,45,Hyderabad,Accessories,Handbag,1,2499,10,2249.1,Net Banking,4.3,Cancelled
ORD02291,2025-06-24,C1209,Male,47,Mumbai,Top,T-Shirt,2,499,5,948.1,Net Banking,4.7,Returned
ORD02292,2025-07-09,C1830,Male,28,Delhi,Shoes,Sandals,2,999,10,1798.2,Card,3.6,Cancelled
ORD02293,2025-10-06,C1478,Male,18,Hyderabad,Bottom,Leggings,4,499,5,1896.2,Net Banking,3.5,Delivered
ORD02294,2025-03-27,C1972,Female,48,Bengaluru,Dress,Kurti,4,2999,5,11396.2,Net Banking,4.3,Cancelled
ORD02295,2025-09-04,C1668,Female,30,Pune,Dress,Floral Dress,3,799,10,2157.3,UPI,3.7,Delivered
ORD02296,2025-05-23,C1144,Male,36,Chennai,Shoes,Sneakers,2,499,0,998.0,Cash,4.7,Returned
ORD02297,2025-12-21,C1678,Female,48,Pune,Top,Crop Top,1,999,15,849.15,Net Banking,4.8,Delivered
ORD02298,2025-11-09,C1444,Female,43,Bengaluru,Accessories,Scarf,4,499,15,1696.6,Net Banking,4.0,Returned
ORD02299,2025-05-17,C1016,Male,41,Mumbai,Bottom,Jeans,4,1999,5,7596.2,Card,3.8,Returned
ORD02300,2025-08-23,C1639,Male,29,Mumbai,Top,Crop Top,4,2499,10,8996.4,UPI,3.8,Cancelled
ORD02301,2025-07-05,C1709,Female,48,Chennai,Dress,Maxi Dress,2,1999,0,3998.0,Card,4.2,Returned
ORD02302,2025-06-18,C1038,Male,20,Pune,Dress,Floral Dress,3,1499,20,3597.6,Net Banking,3.7,Cancelled
ORD02303,2025-07-25,C1357,Male,34,Bengaluru,Top,Shirt,1,499,20,399.2,Cash,3.5,Cancelled
ORD02304,2025-09-14,C1730,Male,40,Bengaluru,Shoes,Sandals,2,799,10,1438.2,UPI,3.9,Cancelled
ORD02305,2025-02-16,C1837,Female,42,Mumbai,Top,T-Shirt,3,1999,15,5097.45,Net Banking,4.2,Cancelled
ORD02306,2025-04-17,C1093,Female,26,Chennai,Shoes,Heels,2,2999,5,5698.1,Net Banking,3.5,Returned
ORD02307,2025-05-16,C1878,Male,49,Chennai,Bottom,Jeans,2,999,15,1698.3,Card,4.3,Returned
ORD02308,2025-07-20,C1680,Male,23,Delhi,Dress,Floral Dress,1,2499,5,2374.05,Net Banking,3.5,Delivered
ORD02309,2025-03-15,C1507,Male,43,Chennai,Bottom,Jeans,1,1999,10,1799.1,Card,,Cancelled
ORD02310,2025-12-02,C1931,Male,42,Hyderabad,Dress,Kurti,2,799,10,1438.2,Card,4.8,Delivered
ORD02311,2025-09-27,C1840,Male,22,Hyderabad,Dress,Floral Dress,1,2499,0,2499.0,Net Banking,4.4,Cancelled
ORD02312,2025-09-30,C1990,Male,29,Hyderabad,Dress,Kurti,1,2999,10,2699.1,Card,4.8,Returned
ORD02313,2025-11-16,C1699,Male,32,Pune,Bottom,Jeans,3,1999,20,4797.6,Cash,4.6,Cancelled
ORD02314,2025-08-02,C1403,Male,52,Chennai,Top,Crop Top,4,1499,15,5096.6,UPI,3.6,Cancelled
ORD02315,2025-06-28,C1873,Female,47,Chennai,Dress,Floral Dress,2,2499,15,4248.3,Cash,4.3,Returned
ORD02316,2025-06-28,C1697,Male,33,Pune,Dress,Maxi Dress,2,499,0,998.0,Net Banking,3.6,Returned
ORD02317,2025-03-13,C1096,Male,37,Mumbai,Top,Crop Top,4,1999,20,6396.8,Net Banking,3.9,Cancelled
ORD02318,2025-02-23,C1415,Female,45,Bengaluru,Top,Shirt,4,2499,10,8996.4,UPI,4.5,Cancelled
ORD02319,2025-10-05,C1829,Male,44,Mumbai,Shoes,Heels,4,2999,5,11396.2,Net Banking,4.5,Cancelled
ORD02320,2025-07-23,C1900,Male,47,Bengaluru,Accessories,Scarf,3,499,0,1497.0,Card,4.6,Cancelled
ORD02321,2025-12-20,C1527,Male,54,Chennai,Top,T-Shirt,4,1499,15,5096.6,Card,4.2,Returned
ORD02322,2025-10-09,C1938,Male,47,Delhi,Shoes,Sneakers,4,2999,10,10796.4,Card,3.8,Returned
ORD02323,2025-09-02,C1491,Female,27,Bengaluru,Accessories,Scarf,1,799,10,719.1,Cash,4.0,Cancelled
ORD02324,2025-10-13,C1378,Male,38,Pune,Shoes,Heels,3,499,20,1197.6,UPI,4.8,Cancelled
ORD02325,2025-10-10,C1596,Male,54,Pune,Bottom,Jeans,4,499,15,1696.6,Card,4.0,Cancelled
ORD02326,2025-08-14,C1082,Male,37,Hyderabad,Bottom,Leggings,3,2999,0,8997.0,Net Banking,4.3,Delivered
ORD02327,2025-11-05,C1188,Female,35,Hyderabad,Dress,Kurti,3,2999,0,8997.0,Card,3.5,Cancelled
ORD02328,2025-11-17,C1238,Male,27,Hyderabad,Shoes,Sandals,4,999,15,3396.6,Card,5.0,Delivered
ORD02329,2025-09-17,C1400,Male,49,Delhi,Dress,Floral Dress,2,999,0,1998.0,Card,3.6,Cancelled
ORD02330,2025-04-07,C1417,Male,25,Chennai,Dress,Maxi Dress,3,799,5,2277.15,UPI,3.7,Returned
ORD02331,2025-01-11,C1962,Male,34,Mumbai,Top,T-Shirt,1,2999,15,2549.15,Net Banking,4.5,Cancelled
ORD02332,2025-05-03,C1480,Female,19,Chennai,Shoes,Sneakers,3,2499,20,5997.6,Cash,4.2,Returned
ORD02333,2025-11-02,C1376,Female,49,Delhi,Dress,Kurti,3,999,15,2547.45,UPI,4.9,Cancelled
ORD02334,2025-06-05,C1259,Female,32,Delhi,Shoes,Sandals,4,2999,5,11396.2,Cash,4.0,Cancelled
ORD02335,2025-10-02,C1678,Female,40,Hyderabad,Dress,Maxi Dress,4,2499,15,8496.6,Card,4.8,Cancelled
ORD02336,2025-04-28,C1677,Female,53,Bengaluru,Bottom,Trousers,2,2999,10,5398.2,Card,4.3,Returned
ORD02337,2025-05-04,C1157,Male,47,Bengaluru,Shoes,Sneakers,4,1499,10,5396.4,Cash,,Cancelled
ORD02338,2025-11-30,C1418,Male,34,Delhi,Shoes,Sneakers,3,799,5,2277.15,Card,4.7,Cancelled
ORD02339,2025-01-13,C1781,Female,38,Pune,Shoes,Sandals,3,2999,20,7197.6,Cash,3.5,Cancelled
ORD02340,2025-03-26,C1750,Male,21,Bengaluru,Dress,Kurti,2,1999,10,3598.2,Card,4.1,Returned
ORD02341,2025-08-17,C1232,Female,27,Hyderabad,Top,Crop Top,2,1999,0,3998.0,Cash,4.5,Returned
ORD02342,2025-02-02,C1431,Male,39,Hyderabad,Bottom,Trousers,1,799,20,639.2,Cash,4.9,Delivered
ORD02343,2025-06-25,C1023,Male,53,Pune,Bottom,Jeans,2,2499,0,4998.0,Cash,3.9,Delivered
ORD02344,2025-12-17,C1703,Male,32,Bengaluru,Bottom,Jeans,1,799,15,679.15,Cash,4.4,Delivered
ORD02345,2025-06-30,C1589,Male,35,Mumbai,Dress,Kurti,1,499,5,474.05,Net Banking,3.9,Returned
ORD02346,2025-12-12,C1389,Male,40,Pune,Top,Shirt,3,799,20,1917.6,UPI,4.2,Cancelled
ORD02347,2025-12-13,C1358,Female,36,Delhi,Bottom,Leggings,2,1999,5,3798.1,UPI,4.3,Returned
ORD02348,2025-02-10,C1488,Female,40,Delhi,Shoes,Sneakers,1,1999,5,1899.05,Cash,4.0,Cancelled
ORD02349,2025-08-02,C1138,Female,29,Hyderabad,Top,Crop Top,4,2499,0,9996.0,UPI,4.9,Returned
ORD02350,2025-03-13,C1866,Male,38,Bengaluru,Shoes,Sneakers,2,1499,10,2698.2,Cash,4.1,Returned
ORD02351,2025-01-15,C1526,Female,51,Pune,Top,Shirt,3,499,5,1422.15,Net Banking,4.6,Returned
ORD02352,2025-11-05,C1852,Female,33,Pune,Top,T-Shirt,1,1499,20,1199.2,Card,3.9,Cancelled
ORD02353,2025-06-09,C1343,Male,39,Chennai,Accessories,Watch,1,1499,15,1274.15,Card,4.9,Delivered
ORD02354,2025-04-21,C1287,Male,51,Hyderabad,Shoes,Heels,2,2499,0,4998.0,UPI,4.9,Returned
ORD02355,2025-01-30,C1148,Female,33,Bengaluru,Accessories,Watch,1,2499,10,2249.1,Cash,4.5,Returned
ORD02356,2025-05-02,C1109,Male,34,Mumbai,Dress,Kurti,2,1999,5,3798.1,Net Banking,4.7,Returned
ORD02357,2025-02-02,C1112,Female,36,Hyderabad,Bottom,Leggings,4,1499,5,5696.2,UPI,4.4,Cancelled
ORD02358,2025-12-29,C1207,Female,33,Bengaluru,Bottom,Trousers,3,799,0,2397.0,Cash,4.3,Delivered
ORD02359,2025-03-02,C1694,Male,38,Pune,Dress,Floral Dress,2,2499,20,3998.4,Net Banking,4.2,Delivered
ORD02360,2025-06-23,C1828,Male,46,Mumbai,Accessories,Handbag,4,1999,5,7596.2,Card,4.1,Cancelled
ORD02361,2025-01-28,C1748,Female,32,Hyderabad,Dress,Maxi Dress,2,2499,20,3998.4,Card,3.6,Delivered
ORD02362,2025-06-14,C1453,Male,47,Bengaluru,Dress,Kurti,2,1499,20,2398.4,Net Banking,4.8,Delivered
ORD02363,2025-09-07,C1001,Female,36,Delhi,Dress,Maxi Dress,2,1999,20,3198.4,UPI,4.5,Returned
ORD02364,2025-04-01,C1006,Male,42,Chennai,Top,T-Shirt,3,999,10,2697.3,Card,3.6,Cancelled
ORD02365,2025-01-29,C1174,Female,50,Bengaluru,Shoes,Sandals,1,799,10,719.1,Net Banking,4.5,Returned
ORD02366,2025-04-16,C1279,Female,47,Chennai,Dress,Floral Dress,1,999,0,999.0,Cash,4.4,Returned
ORD02367,2025-02-19,C1045,Male,33,Hyderabad,Dress,Kurti,2,799,15,1358.3,Card,4.3,Returned
ORD02368,2025-05-06,C1287,Female,21,Pune,Top,T-Shirt,1,2999,10,2699.1,Cash,3.7,Delivered
ORD02369,2025-03-28,C1370,Male,29,Pune,Top,T-Shirt,1,799,20,639.2,Card,4.5,Cancelled
ORD02370,2025-11-23,C1420,Male,44,Pune,Dress,Kurti,4,1999,0,7996.0,Card,4.6,Cancelled
ORD02371,2025-07-14,C1614,Male,47,Chennai,Accessories,Scarf,1,2499,15,2124.15,Cash,5.0,Cancelled
ORD02372,2025-07-01,C1132,Male,34,Chennai,Shoes,Heels,4,799,0,3196.0,UPI,3.6,Delivered
ORD02373,2025-10-15,C1373,Male,52,Hyderabad,Shoes,Sneakers,4,499,15,1696.6,Cash,3.9,Delivered
ORD02374,2025-02-26,C1903,Male,34,Chennai,Top,T-Shirt,4,499,20,1596.8,Cash,4.1,Returned
ORD02375,2025-07-22,C1352,Female,42,Pune,Bottom,Leggings,4,1999,15,6796.6,Card,3.7,Returned
ORD02376,2025-12-17,C1830,Male,50,Hyderabad,Shoes,Heels,1,799,15,679.15,Net Banking,4.2,Delivered
ORD02377,2025-07-25,C1783,Female,46,Hyderabad,Shoes,Sneakers,3,1499,0,4497.0,Card,3.7,Delivered
ORD02378,2025-10-06,C1866,Female,36,Pune,Bottom,Leggings,4,799,15,2716.6,Card,3.6,Cancelled
ORD02379,2025-06-04,C1304,Female,42,Mumbai,Top,T-Shirt,3,2499,15,6372.45,Net Banking,4.9,Returned
ORD02380,2025-02-26,C1073,Female,44,Pune,Top,Crop Top,2,499,10,898.2,Cash,4.9,Delivered
ORD02381,2025-11-04,C1406,Female,31,Bengaluru,Dress,Maxi Dress,2,999,20,1598.4,Cash,3.8,Returned
ORD02382,2025-10-17,C1396,Female,19,Mumbai,Dress,Maxi Dress,4,999,15,3396.6,Net Banking,4.3,Cancelled
ORD02383,2025-09-07,C1699,Male,43,Chennai,Accessories,Handbag,1,499,10,449.1,Card,4.3,Cancelled
ORD02384,2025-12-28,C1970,Male,28,Bengaluru,Dress,Maxi Dress,2,2499,5,4748.1,UPI,4.7,Returned
ORD02385,2025-05-16,C1051,Female,27,Hyderabad,Bottom,Trousers,2,999,0,1998.0,UPI,3.6,Delivered
ORD02386,2025-09-03,C1127,Male,19,Pune,Accessories,Watch,2,799,20,1278.4,UPI,3.7,Returned
ORD02387,2025-08-18,C1538,Female,54,Bengaluru,Accessories,Watch,1,2999,15,2549.15,Cash,4.0,Cancelled
ORD02388,2025-03-11,C1109,Female,25,Pune,Accessories,Watch,1,999,5,949.05,Cash,4.9,Cancelled
ORD02389,2025-10-11,C1634,Male,18,Bengaluru,Shoes,Heels,4,999,20,3196.8,UPI,4.6,Returned
ORD02390,2025-07-28,C1204,Male,28,Hyderabad,Top,Crop Top,3,1499,5,4272.15,Net Banking,3.6,Returned
ORD02391,2025-11-02,C1312,Female,31,Bengaluru,Bottom,Leggings,2,2499,15,4248.3,UPI,3.7,Delivered
ORD02392,2025-03-27,C1714,Male,25,Mumbai,Accessories,Handbag,1,1499,20,1199.2,UPI,5.0,Returned
ORD02393,2025-12-23,C1175,Male,42,Mumbai,Dress,Maxi Dress,4,999,5,3796.2,Card,4.7,Returned
ORD02394,2025-06-18,C1274,Male,20,Delhi,Dress,Floral Dress,1,1499,20,1199.2,UPI,4.8,Delivered
ORD02395,2025-07-10,C1528,Female,50,Mumbai,Shoes,Sandals,2,1999,10,3598.2,Cash,4.6,Cancelled
ORD02396,2025-04-22,C1618,Male,27,Delhi,Shoes,Sneakers,1,799,15,679.15,Cash,4.8,Delivered
ORD02397,2025-04-05,C1330,Male,34,Bengaluru,Shoes,Heels,1,2999,20,2399.2,Net Banking,4.6,Delivered
ORD02398,2025-01-20,C1124,Female,32,Hyderabad,Dress,Kurti,2,2499,5,4748.1,Cash,4.1,Returned
ORD02399,2025-04-30,C1096,Female,42,Mumbai,Bottom,Jeans,2,2499,20,3998.4,UPI,3.9,Cancelled
ORD02400,2025-06-22,C1793,Male,55,Bengaluru,Top,T-Shirt,4,1999,15,6796.6,Cash,4.3,Returned
ORD02401,2025-01-17,C1575,Male,24,Bengaluru,Accessories,Scarf,4,799,10,2876.4,Net Banking,4.9,Cancelled
ORD02402,2025-02-04,C1898,Male,31,Hyderabad,Top,Shirt,1,1499,15,1274.15,Net Banking,4.3,Delivered
ORD02403,2025-12-03,C1231,Female,18,Chennai,Shoes,Heels,1,1499,5,1424.05,Card,3.7,Returned
ORD02404,2025-05-19,C1096,Male,21,Bengaluru,Top,Crop Top,2,2499,5,4748.1,Card,4.6,Delivered
ORD02405,2025-10-06,C1102,Female,36,Delhi,Top,Shirt,3,999,0,2997.0,Card,3.6,Returned
ORD02406,2025-05-24,C1250,Female,18,Chennai,Accessories,Watch,2,2499,0,4998.0,Cash,3.7,Returned
ORD02407,2025-02-03,C1344,Female,35,Pune,Shoes,Heels,1,499,20,399.2,Cash,4.1,Delivered
ORD02408,2025-12-28,C1066,Male,47,Pune,Bottom,Leggings,3,799,20,1917.6,Cash,4.3,Returned
ORD02409,2025-04-02,C1394,Male,22,Pune,Top,Shirt,3,499,20,1197.6,Card,3.6,Returned
ORD02410,2025-03-31,C1036,Male,33,Bengaluru,Shoes,Heels,3,799,20,1917.6,Net Banking,4.4,Cancelled
ORD02411,2025-10-19,C1355,Male,32,Hyderabad,Shoes,Heels,4,1999,5,7596.2,Net Banking,4.7,Delivered
ORD02412,2025-10-05,C1801,Male,19,Hyderabad,Accessories,Watch,1,2999,0,2999.0,Card,4.4,Returned
ORD02413,2025-12-11,C1181,Male,35,Bengaluru,Top,Shirt,2,999,0,1998.0,Card,4.1,Delivered
ORD02414,2025-07-09,C1104,Female,45,Hyderabad,Bottom,Trousers,2,799,10,1438.2,Cash,3.8,Cancelled
ORD02415,2025-03-31,C1291,Male,53,Mumbai,Dress,Kurti,4,2999,10,10796.4,Net Banking,4.7,Cancelled
ORD02416,2025-04-15,C1348,Male,54,Delhi,Top,Crop Top,3,999,0,2997.0,Card,4.2,Cancelled
ORD02417,2025-09-03,C1863,Male,33,Hyderabad,Accessories,Scarf,3,1999,10,5397.3,Net Banking,4.8,Cancelled
ORD02418,2025-08-29,C1414,Female,20,Delhi,Shoes,Heels,3,799,10,2157.3,Net Banking,4.4,Delivered
ORD02419,2025-10-29,C1348,Female,26,Hyderabad,Accessories,Scarf,2,499,0,998.0,Net Banking,4.6,Delivered
ORD02420,2025-08-11,C1440,Female,55,Hyderabad,Bottom,Leggings,4,2499,15,8496.6,Cash,4.3,Returned
ORD02421,2025-08-10,C1598,Male,23,Delhi,Dress,Maxi Dress,1,1499,0,1499.0,Net Banking,4.8,Delivered
ORD02422,2025-08-18,C1105,Female,43,Bengaluru,Dress,Floral Dress,2,2999,20,4798.4,Cash,3.9,Returned
ORD02423,2025-09-16,C1432,Male,24,Bengaluru,Shoes,Sandals,3,499,10,1347.3,Net Banking,3.6,Cancelled
ORD02424,2025-07-08,C1625,Female,54,Hyderabad,Bottom,Leggings,2,799,10,1438.2,Cash,4.5,Delivered
ORD02425,2025-07-29,C1877,Male,49,Delhi,Bottom,Leggings,1,2499,10,2249.1,Cash,4.7,Delivered
ORD02426,2025-08-30,C1851,Male,39,Bengaluru,Top,Crop Top,3,799,20,1917.6,UPI,4.2,Returned
ORD02427,2025-12-28,C1502,Female,29,Bengaluru,Dress,Floral Dress,3,499,5,1422.15,Cash,4.3,Cancelled
ORD02428,2025-05-28,C1586,Male,44,Hyderabad,Dress,Kurti,4,2999,5,11396.2,UPI,4.3,Cancelled
ORD02429,2025-02-13,C1022,Male,27,Bengaluru,Shoes,Sneakers,3,1999,10,5397.3,Net Banking,3.8,Cancelled
ORD02430,2025-09-15,C1880,Female,27,Chennai,Bottom,Jeans,2,499,10,898.2,Net Banking,4.5,Returned
ORD02431,2025-04-21,C1396,Female,44,Mumbai,Bottom,Trousers,4,2999,15,10196.6,UPI,3.6,Delivered
ORD02432,2025-11-01,C1264,Female,50,Hyderabad,Shoes,Sneakers,3,999,10,2697.3,Net Banking,3.8,Cancelled
ORD02433,2025-03-19,C1200,Male,41,Bengaluru,Top,T-Shirt,1,1999,0,1999.0,Net Banking,4.5,Delivered
ORD02434,2025-08-17,C1308,Female,40,Bengaluru,Shoes,Sandals,1,1499,5,1424.05,Net Banking,4.8,Returned
ORD02435,2025-07-20,C1455,Female,20,Hyderabad,Top,Crop Top,4,799,15,2716.6,Net Banking,3.9,Returned
ORD02436,2025-11-29,C1245,Female,50,Chennai,Bottom,Leggings,3,1999,10,5397.3,Cash,4.5,Delivered
ORD02437,2025-01-15,C1985,Male,48,Bengaluru,Accessories,Watch,2,1499,15,2548.3,Net Banking,4.7,Returned
ORD02438,2025-01-12,C1981,Female,44,Bengaluru,Accessories,Watch,3,499,10,1347.3,Cash,4.8,Delivered
ORD02439,2025-02-08,C1324,Female,31,Chennai,Bottom,Trousers,4,999,5,3796.2,Card,3.9,Delivered
ORD02440,2025-01-24,C1584,Female,20,Bengaluru,Accessories,Scarf,1,2999,0,2999.0,Cash,4.5,Returned
ORD02441,2025-06-25,C1250,Female,45,Delhi,Bottom,Trousers,2,799,10,1438.2,Card,4.6,Returned
ORD02442,2025-11-20,C1699,Male,20,Delhi,Top,T-Shirt,2,1499,15,2548.3,Net Banking,5.0,Delivered
ORD02443,2025-06-07,C1598,Female,44,Pune,Accessories,Scarf,1,499,0,499.0,UPI,4.6,Cancelled
ORD02444,2025-02-14,C1560,Male,38,Hyderabad,Accessories,Scarf,4,2999,10,10796.4,Card,5.0,Cancelled
ORD02445,2025-06-06,C1481,Female,45,Pune,Shoes,Heels,4,1499,0,5996.0,Net Banking,4.0,Cancelled
ORD02446,2025-07-30,C1409,Female,53,Mumbai,Shoes,Sandals,1,999,15,849.15,UPI,4.6,Cancelled
ORD02447,2025-11-04,C1600,Female,19,Hyderabad,Bottom,Trousers,2,999,15,1698.3,UPI,4.0,Returned
ORD02448,2025-04-03,C1588,Male,49,Bengaluru,Top,Crop Top,2,2499,5,4748.1,Cash,3.5,Delivered
ORD02449,2025-08-05,C1178,Male,22,Delhi,Bottom,Leggings,4,2499,5,9496.2,UPI,4.4,Returned
ORD02450,2025-06-07,C1496,Female,46,Mumbai,Dress,Floral Dress,1,1999,15,1699.15,Card,4.1,Cancelled
ORD02451,2025-05-14,C1466,Female,37,Mumbai,Accessories,Handbag,3,1499,20,3597.6,UPI,4.0,Delivered
ORD02452,2025-12-11,C1170,Male,50,Bengaluru,Bottom,Trousers,3,999,0,2997.0,Card,3.5,Returned
ORD02453,2025-09-12,C1490,Female,24,Mumbai,Dress,Kurti,4,1499,10,5396.4,UPI,4.9,Delivered
ORD02454,2025-07-11,C1200,Female,44,Delhi,Bottom,Jeans,2,499,5,948.1,UPI,4.0,Returned
ORD02455,2025-09-08,C1563,Female,39,Hyderabad,Top,Crop Top,3,2499,5,7122.15,UPI,4.5,Cancelled
ORD02456,2025-06-19,C1369,Male,42,Bengaluru,Accessories,Watch,1,799,20,639.2,Cash,5.0,Cancelled
ORD02457,2025-06-09,C1545,Male,53,Chennai,Top,T-Shirt,2,2999,0,5998.0,UPI,4.4,Cancelled
ORD02458,2025-04-07,C1265,Male,29,Delhi,Dress,Floral Dress,1,2999,10,2699.1,Card,4.8,Delivered
ORD02459,2025-01-27,C1860,Male,29,Pune,Accessories,Watch,4,2499,5,9496.2,Cash,5.0,Delivered
ORD02460,2025-07-25,C1090,Male,33,Pune,Shoes,Sneakers,3,499,0,1497.0,Cash,3.9,Cancelled
ORD02461,2025-06-14,C1228,Male,30,Pune,Bottom,Leggings,2,2999,0,5998.0,Cash,4.9,Returned
ORD02462,2025-02-21,C1915,Male,44,Delhi,Dress,Maxi Dress,4,1999,0,7996.0,Cash,4.5,Cancelled
ORD02463,2025-06-06,C1333,Female,25,Hyderabad,Bottom,Leggings,4,1499,15,5096.6,Card,3.9,Cancelled
ORD02464,2025-11-03,C1273,Female,27,Pune,Accessories,Handbag,2,1499,20,2398.4,Net Banking,4.8,Returned
ORD02465,2025-12-22,C1766,Female,42,Chennai,Dress,Kurti,1,499,15,424.15,UPI,5.0,Delivered
ORD02466,2025-03-05,C1414,Male,44,Hyderabad,Dress,Kurti,2,799,10,1438.2,Card,3.7,Delivered
ORD02467,2025-07-15,C1855,Female,27,Pune,Dress,Kurti,4,999,15,3396.6,Card,3.8,Cancelled
ORD02468,2025-10-19,C1235,Male,40,Bengaluru,Bottom,Leggings,1,2499,0,2499.0,Card,3.5,Delivered
ORD02469,2025-01-16,C1047,Female,35,Hyderabad,Accessories,Scarf,4,499,5,1896.2,Cash,3.7,Cancelled
ORD02470,2025-03-04,C1148,Female,23,Delhi,Shoes,Sandals,2,999,5,1898.1,Cash,4.3,Delivered
ORD02471,2025-09-22,C1409,Male,42,Pune,Dress,Maxi Dress,1,2499,5,2374.05,Cash,4.9,Cancelled
ORD02472,2025-07-03,C1867,Female,48,Delhi,Dress,Floral Dress,2,999,0,1998.0,Net Banking,4.1,Returned
ORD02473,2025-02-12,C1649,Female,45,Bengaluru,Accessories,Watch,1,2499,20,1999.2,Cash,3.5,Delivered
ORD02474,2025-03-10,C1225,Female,51,Hyderabad,Dress,Floral Dress,4,999,10,3596.4,Net Banking,4.1,Cancelled
ORD02475,2025-05-02,C1075,Male,42,Chennai,Shoes,Heels,4,2499,20,7996.8,UPI,4.4,Returned
ORD02476,2025-04-10,C1569,Female,18,Delhi,Top,T-Shirt,1,499,0,499.0,Net Banking,4.7,Cancelled
ORD02477,2025-04-20,C1521,Male,31,Delhi,Bottom,Trousers,4,499,20,1596.8,UPI,4.4,Cancelled
ORD02478,2025-10-19,C1296,Female,22,Hyderabad,Bottom,Trousers,3,2499,5,7122.15,UPI,4.3,Returned
ORD02479,2025-03-07,C1574,Male,55,Delhi,Shoes,Sandals,1,999,5,949.05,UPI,4.0,Cancelled
ORD02480,2025-06-19,C1746,Male,26,Chennai,Shoes,Heels,2,2499,0,4998.0,Net Banking,4.7,Returned
ORD02481,2025-07-26,C1834,Female,39,Bengaluru,Dress,Kurti,3,2999,20,7197.6,Card,4.6,Cancelled
ORD02482,2025-03-26,C1734,Male,25,Hyderabad,Top,Shirt,2,2999,5,5698.1,Card,4.3,Delivered
ORD02483,2025-09-21,C1351,Female,52,Chennai,Top,Shirt,2,499,15,848.3,Cash,4.8,Cancelled
ORD02484,2025-11-09,C1971,Female,35,Delhi,Shoes,Heels,4,2499,15,8496.6,Card,4.3,Returned
ORD02485,2025-09-01,C1342,Male,23,Mumbai,Bottom,Trousers,3,1999,10,5397.3,Cash,4.7,Cancelled
ORD02486,2025-12-30,C1337,Male,50,Chennai,Top,T-Shirt,4,999,10,3596.4,Net Banking,4.5,Returned
ORD02487,2025-02-02,C1722,Female,51,Bengaluru,Accessories,Scarf,4,999,0,3996.0,Card,5.0,Returned
ORD02488,2025-11-13,C1504,Female,34,Delhi,Shoes,Heels,1,2999,0,2999.0,Card,4.7,Returned
ORD02489,2025-07-03,C1797,Female,37,Pune,Accessories,Watch,3,2999,10,8097.3,Net Banking,3.6,Returned
ORD02490,2025-01-26,C1579,Male,40,Chennai,Accessories,Scarf,4,799,0,3196.0,Card,4.9,Delivered
ORD02491,2025-06-17,C1589,Female,27,Mumbai,Dress,Maxi Dress,2,2999,0,5998.0,Cash,3.6,Delivered
ORD02492,2025-04-21,C1312,Male,48,Bengaluru,Top,Crop Top,3,2999,20,7197.6,Net Banking,4.7,Cancelled
ORD02493,2025-11-21,C1895,Male,35,Pune,Dress,Kurti,3,1499,0,4497.0,Card,4.9,Delivered
ORD02494,2025-08-13,C1765,Male,41,Hyderabad,Bottom,Trousers,1,499,10,449.1,Net Banking,4.8,Returned
ORD02495,2025-01-09,C1353,Male,55,Mumbai,Shoes,Sneakers,3,999,10,2697.3,Net Banking,3.9,Delivered
ORD02496,2025-07-26,C1648,Male,49,Mumbai,Accessories,Watch,4,2999,10,10796.4,UPI,4.9,Cancelled
ORD02497,2025-02-02,C1109,Male,51,Delhi,Bottom,Trousers,2,1499,10,2698.2,Net Banking,4.4,Returned
ORD02498,2025-02-13,C1900,Female,38,Chennai,Top,Crop Top,3,2499,0,7497.0,Card,3.8,Cancelled
ORD02499,2025-10-09,C1142,Male,28,Bengaluru,Top,T-Shirt,4,1499,10,5396.4,Card,4.8,Returned
ORD02500,2025-05-17,C1295,Female,18,Bengaluru,Bottom,Jeans,3,1499,15,3822.45,UPI,4.5,Returned
ORD02501,2025-09-05,C1383,Female,22,Mumbai,Bottom,Jeans,1,1999,20,1599.2,Cash,3.6,Returned
ORD02502,2025-08-08,C1939,Female,52,Mumbai,Dress,Maxi Dress,2,999,5,1898.1,Card,4.5,Cancelled
ORD02503,2025-06-29,C1388,Female,55,Pune,Bottom,Trousers,4,999,15,3396.6,Net Banking,4.2,Delivered
ORD02504,2025-12-29,C1215,Female,32,Bengaluru,Bottom,Leggings,3,2499,20,5997.6,Net Banking,3.9,Cancelled
ORD02505,2025-03-31,C1973,Male,18,Hyderabad,Shoes,Sneakers,3,2999,15,7647.45,Cash,4.7,Cancelled
ORD02506,2025-02-27,C1354,Male,41,Hyderabad,Dress,Maxi Dress,4,2499,5,9496.2,Net Banking,3.9,Returned
ORD02507,2025-11-26,C1258,Female,47,Mumbai,Dress,Floral Dress,1,499,0,499.0,Cash,4.9,Cancelled
ORD02508,2025-09-05,C1136,Male,40,Delhi,Bottom,Jeans,1,2999,10,2699.1,Net Banking,4.5,Cancelled
ORD02509,2025-11-28,C1989,Female,37,Pune,Bottom,Leggings,3,499,5,1422.15,Net Banking,4.0,Cancelled
ORD02510,2025-06-10,C1155,Male,27,Hyderabad,Bottom,Trousers,3,1499,5,4272.15,Cash,4.4,Returned
ORD02511,2025-06-26,C1497,Female,49,Delhi,Bottom,Trousers,1,2999,20,2399.2,UPI,4.7,Cancelled
ORD02512,2025-05-15,C1643,Male,30,Bengaluru,Shoes,Heels,1,799,20,639.2,Card,4.7,Delivered
ORD02513,2025-08-27,C1104,Female,43,Hyderabad,Top,Crop Top,3,1499,0,4497.0,Net Banking,4.0,Cancelled
ORD02514,2025-12-22,C1251,Female,25,Hyderabad,Dress,Maxi Dress,4,2499,20,7996.8,Cash,4.2,Cancelled
ORD02515,2025-09-13,C1961,Female,41,Chennai,Bottom,Trousers,3,499,20,1197.6,Net Banking,4.6,Delivered
ORD02516,2025-02-21,C1019,Male,47,Delhi,Dress,Maxi Dress,1,799,20,639.2,UPI,4.7,Cancelled
ORD02517,2025-08-24,C1586,Female,54,Pune,Dress,Floral Dress,4,2499,0,9996.0,Net Banking,4.9,Cancelled
ORD02518,2025-02-20,C1407,Male,25,Chennai,Shoes,Sandals,2,1999,10,3598.2,Cash,4.0,Cancelled
ORD02519,2025-06-30,C1202,Female,49,Mumbai,Top,Crop Top,4,1499,15,5096.6,Cash,4.5,Cancelled
ORD02520,2025-03-07,C1136,Male,35,Pune,Bottom,Trousers,4,499,15,1696.6,Card,3.6,Delivered
ORD02521,2025-04-08,C1048,Female,37,Mumbai,Bottom,Jeans,2,1999,0,3998.0,Net Banking,3.6,Cancelled
ORD02522,2025-04-26,C1321,Female,54,Bengaluru,Bottom,Trousers,2,1499,15,2548.3,Net Banking,4.8,Delivered
ORD02523,2025-08-22,C1689,Male,41,Chennai,Bottom,Trousers,1,799,0,799.0,Net Banking,4.5,Returned
ORD02524,2025-06-25,C1185,Female,33,Chennai,Accessories,Handbag,4,2999,0,11996.0,Net Banking,4.3,Cancelled
ORD02525,2025-09-25,C1399,Female,55,Pune,Bottom,Trousers,1,799,20,639.2,UPI,4.8,Delivered
ORD02526,2025-03-27,C1330,Male,42,Pune,Top,T-Shirt,2,499,10,898.2,UPI,4.4,Cancelled
ORD02527,2025-06-06,C1403,Female,46,Delhi,Shoes,Sandals,2,2999,10,5398.2,Cash,4.7,Returned
ORD02528,2025-06-12,C1286,Female,22,Pune,Bottom,Trousers,2,799,10,1438.2,UPI,4.5,Cancelled
ORD02529,2025-08-19,C1192,Male,39,Mumbai,Accessories,Scarf,3,499,5,1422.15,UPI,4.1,Delivered
ORD02530,2025-08-08,C1525,Female,24,Hyderabad,Accessories,Scarf,1,2499,20,1999.2,Cash,3.8,Returned
ORD02531,2025-02-08,C1267,Male,30,Mumbai,Dress,Maxi Dress,4,2499,5,9496.2,Cash,3.7,Returned
ORD02532,2025-04-17,C1933,Female,18,Mumbai,Dress,Floral Dress,1,799,15,679.15,UPI,3.8,Cancelled
ORD02533,2025-10-21,C1010,Female,48,Bengaluru,Shoes,Heels,3,1499,15,3822.45,UPI,3.6,Cancelled
ORD02534,2025-09-05,C1431,Female,22,Chennai,Top,Shirt,4,799,20,2556.8,Net Banking,4.1,Delivered
ORD02535,2025-09-22,C1404,Male,37,Pune,Dress,Maxi Dress,2,499,10,898.2,Net Banking,4.3,Cancelled
ORD02536,2025-06-02,C1670,Female,43,Delhi,Top,T-Shirt,2,2999,5,5698.1,Net Banking,4.1,Returned
ORD02537,2025-12-17,C1770,Male,19,Bengaluru,Bottom,Jeans,1,1499,0,1499.0,Cash,4.0,Cancelled
ORD02538,2025-03-08,C1344,Male,46,Chennai,Dress,Kurti,4,2499,0,9996.0,UPI,3.8,Delivered
ORD02539,2025-07-23,C1557,Male,55,Bengaluru,Accessories,Handbag,3,1999,20,4797.6,Net Banking,3.6,Delivered
ORD02540,2025-02-04,C1612,Male,43,Chennai,Shoes,Heels,2,499,10,898.2,Card,4.9,Returned
ORD02541,2025-10-20,C1752,Male,53,Chennai,Top,Shirt,1,799,5,759.05,Net Banking,3.7,Returned
ORD02542,2025-07-08,C1558,Male,50,Delhi,Bottom,Trousers,1,799,20,639.2,Card,3.8,Cancelled
ORD02543,2025-05-03,C1906,Female,23,Bengaluru,Accessories,Scarf,1,499,15,424.15,Cash,4.0,Returned
ORD02544,2025-03-25,C1752,Male,37,Pune,Bottom,Leggings,2,2999,10,5398.2,UPI,3.7,Delivered
ORD02545,2025-09-20,C1974,Female,54,Hyderabad,Accessories,Handbag,2,499,20,798.4,UPI,4.0,Delivered
ORD02546,2025-02-11,C1877,Female,19,Mumbai,Bottom,Trousers,4,499,15,1696.6,UPI,4.9,Returned
ORD02547,2025-03-08,C1259,Female,18,Delhi,Shoes,Sandals,4,499,20,1596.8,UPI,4.0,Returned
ORD02548,2025-04-17,C1244,Female,42,Hyderabad,Bottom,Trousers,2,2999,20,4798.4,Cash,4.4,Delivered
ORD02549,2025-08-12,C1878,Male,18,Bengaluru,Accessories,Watch,4,1499,15,5096.6,Cash,4.8,Delivered
ORD02550,2025-11-24,C1780,Female,33,Pune,Bottom,Leggings,4,2499,5,9496.2,Card,4.8,Delivered
ORD02551,2025-09-13,C1917,Female,39,Pune,Top,Shirt,4,2499,15,8496.6,UPI,4.0,Returned
ORD02552,2025-08-13,C1742,Male,25,Hyderabad,Accessories,Watch,1,1999,10,1799.1,UPI,4.6,Returned
ORD02553,2025-01-27,C1465,Female,55,Chennai,Shoes,Sneakers,3,2999,10,8097.3,Cash,3.7,Returned
ORD02554,2025-10-22,C1484,Female,37,Bengaluru,Shoes,Sneakers,1,499,0,499.0,Cash,4.2,Returned
ORD02555,2025-08-22,C1155,Male,42,Chennai,Bottom,Leggings,3,1499,5,4272.15,Card,4.3,Returned
ORD02556,2025-10-24,C1010,Female,42,Hyderabad,Accessories,Watch,3,2499,0,7497.0,Cash,4.6,Cancelled
ORD02557,2025-04-04,C1944,Female,22,Mumbai,Shoes,Sneakers,4,1499,20,4796.8,Card,4.6,Returned
ORD02558,2025-08-22,C1449,Female,47,Pune,Accessories,Watch,1,1999,15,1699.15,Card,4.8,Cancelled
ORD02559,2025-10-29,C1188,Female,22,Chennai,Accessories,Watch,2,1499,5,2848.1,UPI,4.2,Delivered
ORD02560,2025-08-03,C1176,Male,20,Bengaluru,Shoes,Sneakers,3,499,5,1422.15,Card,4.3,Returned
ORD02561,2025-03-15,C1220,Male,34,Delhi,Top,T-Shirt,2,799,5,1518.1,Net Banking,3.6,Delivered
ORD02562,2025-05-13,C1724,Male,18,Bengaluru,Shoes,Sandals,1,2999,15,2549.15,Cash,4.3,Cancelled
ORD02563,2025-06-15,C1797,Male,37,Pune,Top,T-Shirt,3,1499,20,3597.6,Card,4.8,Cancelled
ORD02564,2025-07-15,C1882,Female,34,Hyderabad,Bottom,Jeans,4,2499,0,9996.0,Cash,3.5,Returned
ORD02565,2025-10-24,C1646,Male,34,Mumbai,Accessories,Watch,3,799,0,2397.0,Cash,3.7,Returned
ORD02566,2025-07-30,C1778,Female,26,Delhi,Bottom,Jeans,1,999,5,949.05,Cash,5.0,Delivered
ORD02567,2025-08-17,C1557,Female,19,Chennai,Shoes,Sandals,4,1999,20,6396.8,Card,4.5,Delivered
ORD02568,2025-02-08,C1939,Female,20,Pune,Top,Crop Top,2,799,0,1598.0,Cash,3.9,Cancelled
ORD02569,2025-10-04,C1830,Female,54,Hyderabad,Shoes,Heels,2,1999,20,3198.4,Net Banking,4.5,Delivered
ORD02570,2025-03-22,C1824,Female,54,Delhi,Accessories,Watch,2,2999,0,5998.0,Net Banking,3.9,Delivered
ORD02571,2025-06-03,C1117,Female,18,Mumbai,Accessories,Handbag,4,2499,20,7996.8,Card,4.1,Delivered
ORD02572,2025-02-10,C1718,Male,29,Hyderabad,Accessories,Scarf,1,1499,0,1499.0,Net Banking,3.5,Returned
ORD02573,2025-03-23,C1748,Male,23,Chennai,Bottom,Trousers,1,799,0,799.0,Net Banking,3.7,Returned
ORD02574,2025-09-13,C1634,Male,22,Pune,Bottom,Leggings,3,499,15,1272.45,Cash,3.9,Returned
ORD02575,2025-07-02,C1175,Female,54,Bengaluru,Shoes,Sneakers,4,999,0,3996.0,Cash,4.7,Returned
ORD02576,2025-10-01,C1930,Female,36,Chennai,Top,T-Shirt,2,2999,15,5098.3,Card,3.6,Delivered
ORD02577,2025-05-02,C1705,Male,43,Hyderabad,Dress,Kurti,3,1999,15,5097.45,UPI,3.7,Returned
ORD02578,2025-03-20,C1234,Male,43,Bengaluru,Dress,Floral Dress,3,999,15,2547.45,UPI,5.0,Returned
ORD02579,2025-07-06,C1045,Male,54,Bengaluru,Accessories,Watch,1,1999,15,1699.15,Net Banking,3.5,Cancelled
ORD02580,2025-02-07,C1585,Male,20,Pune,Shoes,Sandals,2,499,20,798.4,Card,3.7,Cancelled
ORD02581,2025-08-19,C1861,Male,35,Hyderabad,Bottom,Jeans,2,799,5,1518.1,Card,5.0,Returned
ORD02582,2025-11-20,C1930,Female,38,Pune,Accessories,Watch,2,1999,0,3998.0,UPI,4.0,Returned
ORD02583,2025-01-10,C1925,Female,39,Bengaluru,Top,Crop Top,4,499,10,1796.4,Cash,4.4,Cancelled
ORD02584,2025-05-02,C1596,Female,28,Bengaluru,Dress,Maxi Dress,2,999,20,1598.4,Card,4.7,Returned
ORD02585,2025-12-01,C1588,Female,46,Mumbai,Accessories,Handbag,2,2499,0,4998.0,Net Banking,3.8,Cancelled
ORD02586,2025-11-22,C1313,Male,39,Delhi,Shoes,Heels,2,2999,10,5398.2,Net Banking,3.9,Cancelled
ORD02587,2025-07-27,C1770,Female,32,Hyderabad,Shoes,Sneakers,4,999,15,3396.6,UPI,3.7,Delivered
ORD02588,2025-10-01,C1662,Male,36,Mumbai,Accessories,Scarf,1,2999,5,2849.05,Cash,3.9,Returned
ORD02589,2025-10-18,C1293,Male,22,Bengaluru,Accessories,Watch,1,2499,0,2499.0,Cash,4.6,Returned
ORD02590,2025-07-27,C1391,Male,26,Delhi,Top,Shirt,4,799,10,2876.4,Cash,4.8,Cancelled
ORD02591,2025-11-01,C1778,Male,35,Chennai,Top,T-Shirt,2,1499,20,2398.4,UPI,3.8,Delivered
ORD02592,2025-02-28,C1770,Female,29,Mumbai,Bottom,Jeans,4,799,0,3196.0,Net Banking,4.9,Returned
ORD02593,2025-01-07,C1899,Male,22,Hyderabad,Dress,Maxi Dress,4,2999,10,10796.4,Cash,4.1,Delivered
ORD02594,2025-05-20,C1459,Female,28,Mumbai,Accessories,Handbag,2,999,20,1598.4,Card,4.3,Cancelled
ORD02595,2025-09-04,C1806,Female,23,Delhi,Bottom,Trousers,4,2499,15,8496.6,Card,4.9,Cancelled
ORD02596,2025-08-27,C1746,Male,43,Delhi,Dress,Floral Dress,2,1499,5,2848.1,UPI,4.6,Delivered
ORD02597,2025-11-22,C1056,Female,37,Bengaluru,Top,T-Shirt,1,1999,0,1999.0,Net Banking,4.6,Delivered
ORD02598,2025-12-28,C1332,Female,34,Chennai,Bottom,Leggings,2,1499,20,2398.4,UPI,4.2,Cancelled
ORD02599,2025-11-03,C1147,Male,45,Bengaluru,Bottom,Jeans,2,499,15,848.3,Cash,4.4,Returned
ORD02600,2025-07-24,C1601,Male,35,Delhi,Accessories,Handbag,2,999,5,1898.1,Card,4.5,Cancelled
ORD02601,2025-12-22,C1227,Female,47,Mumbai,Accessories,Handbag,3,799,20,1917.6,Card,4.2,Cancelled
ORD02602,2025-06-24,C1254,Male,21,Mumbai,Dress,Floral Dress,2,499,15,848.3,Card,3.8,Returned
ORD02603,2025-05-10,C1022,Female,30,Chennai,Bottom,Jeans,2,799,10,1438.2,Net Banking,4.6,Delivered
ORD02604,2025-02-07,C1409,Male,26,Mumbai,Dress,Floral Dress,2,999,0,1998.0,Card,4.0,Returned
ORD02605,2025-07-02,C1332,Female,21,Hyderabad,Dress,Floral Dress,4,2499,0,9996.0,Cash,4.0,Cancelled
ORD02606,2025-07-21,C1312,Male,23,Hyderabad,Dress,Maxi Dress,2,799,10,1438.2,Card,4.9,Returned
ORD02607,2025-01-19,C1963,Female,51,Pune,Bottom,Jeans,2,999,5,1898.1,UPI,4.3,Delivered
ORD02608,2025-06-08,C1625,Female,22,Hyderabad,Bottom,Jeans,3,2499,5,7122.15,Net Banking,4.6,Delivered
ORD02609,2025-03-04,C1915,Female,45,Mumbai,Bottom,Trousers,4,2999,10,10796.4,Card,4.0,Cancelled
ORD02610,2025-08-09,C1123,Female,26,Pune,Top,Shirt,4,799,0,3196.0,Cash,4.8,Cancelled
ORD02611,2025-01-01,C1469,Female,22,Delhi,Shoes,Sneakers,3,799,0,2397.0,UPI,4.8,Returned
ORD02612,2025-09-14,C1828,Female,44,Hyderabad,Top,T-Shirt,3,1999,20,4797.6,Net Banking,4.5,Returned
ORD02613,2025-08-05,C1024,Male,55,Pune,Dress,Maxi Dress,2,2499,5,4748.1,UPI,4.5,Delivered
ORD02614,2025-04-21,C1614,Male,49,Hyderabad,Dress,Maxi Dress,4,2499,0,9996.0,UPI,4.8,Cancelled
ORD02615,2025-07-17,C1960,Male,53,Hyderabad,Accessories,Handbag,1,999,15,849.15,UPI,4.5,Returned
ORD02616,2025-06-30,C1954,Female,20,Delhi,Accessories,Watch,3,499,20,1197.6,UPI,4.7,Cancelled
ORD02617,2025-03-24,C1389,Female,29,Hyderabad,Accessories,Watch,3,1499,20,3597.6,UPI,4.3,Delivered
ORD02618,2025-10-11,C1114,Female,46,Mumbai,Shoes,Sneakers,4,799,0,3196.0,Card,4.6,Returned
ORD02619,2025-04-25,C1744,Male,52,Mumbai,Top,Shirt,4,999,0,3996.0,UPI,4.2,Returned
ORD02620,2025-05-26,C1622,Male,44,Bengaluru,Accessories,Watch,3,499,10,1347.3,UPI,4.0,Returned
ORD02621,2025-07-14,C1539,Female,46,Delhi,Shoes,Heels,3,1999,0,5997.0,UPI,4.9,Cancelled
ORD02622,2025-08-09,C1046,Female,41,Bengaluru,Bottom,Leggings,1,499,15,424.15,Card,4.0,Returned
ORD02623,2025-03-17,C1016,Male,26,Delhi,Top,T-Shirt,1,2499,15,2124.15,Cash,3.8,Returned
ORD02624,2025-09-04,C1813,Male,19,Chennai,Bottom,Jeans,2,2999,15,5098.3,Card,4.6,Delivered
ORD02625,2025-08-01,C1110,Female,36,Hyderabad,Shoes,Heels,4,499,20,1596.8,Net Banking,4.7,Cancelled
ORD02626,2025-03-12,C1976,Female,36,Delhi,Top,T-Shirt,1,799,10,719.1,Cash,4.5,Delivered
ORD02627,2025-01-19,C1681,Male,54,Bengaluru,Dress,Maxi Dress,3,1999,0,5997.0,Net Banking,4.3,Cancelled
ORD02628,2025-07-20,C1219,Male,30,Delhi,Shoes,Sneakers,4,799,10,2876.4,Card,4.1,Cancelled
ORD02629,2025-05-30,C1228,Female,28,Hyderabad,Top,Crop Top,1,499,0,499.0,Cash,4.4,Cancelled
ORD02630,2025-10-18,C1579,Female,38,Delhi,Top,T-Shirt,4,2499,10,8996.4,Net Banking,3.7,Returned
ORD02631,2025-09-25,C1620,Female,28,Mumbai,Top,Crop Top,4,2499,5,9496.2,Cash,4.0,Delivered
ORD02632,2025-05-08,C1038,Male,32,Delhi,Shoes,Heels,4,499,0,1996.0,UPI,3.7,Returned
ORD02633,2025-02-10,C1675,Female,51,Hyderabad,Shoes,Sandals,4,1499,0,5996.0,UPI,3.8,Returned
ORD02634,2025-01-07,C1344,Male,44,Bengaluru,Dress,Kurti,2,2999,20,4798.4,Net Banking,4.8,Delivered
ORD02635,2025-09-27,C1566,Female,35,Bengaluru,Accessories,Handbag,2,799,20,1278.4,UPI,3.7,Cancelled
ORD02636,2025-08-31,C1400,Female,53,Delhi,Accessories,Watch,2,1499,0,2998.0,Cash,4.0,Returned
ORD02637,2025-03-18,C1257,Female,30,Chennai,Top,T-Shirt,2,799,10,1438.2,UPI,4.5,Delivered
ORD02638,2025-04-26,C1965,Male,25,Hyderabad,Shoes,Sneakers,4,499,10,1796.4,UPI,4.1,Cancelled
ORD02639,2025-05-15,C1806,Male,33,Chennai,Top,Shirt,4,2499,20,7996.8,Net Banking,4.7,Delivered
ORD02640,2025-02-17,C1894,Male,24,Hyderabad,Shoes,Sneakers,1,999,15,849.15,Card,4.9,Cancelled
ORD02641,2025-10-10,C1685,Male,36,Pune,Bottom,Leggings,2,999,15,1698.3,UPI,4.1,Delivered
ORD02642,2025-09-22,C1106,Male,53,Chennai,Bottom,Jeans,3,499,5,1422.15,UPI,4.6,Returned
ORD02643,2025-11-22,C1118,Female,55,Chennai,Dress,Maxi Dress,1,2499,5,2374.05,UPI,3.7,Returned
ORD02644,2025-10-21,C1762,Female,21,,Bottom,Leggings,1,1999,10,1799.1,Net Banking,4.1,Delivered
ORD02645,2025-04-12,C1107,Female,40,Bengaluru,Bottom,Trousers,4,1999,5,7596.2,Cash,3.6,Returned
ORD02646,2025-08-30,C1614,Female,21,Bengaluru,Shoes,Sneakers,2,1499,10,2698.2,Cash,4.5,Delivered
ORD02647,2025-10-25,C1628,Female,18,Hyderabad,Top,T-Shirt,4,999,10,3596.4,Card,4.4,Delivered
ORD02648,2025-04-06,C1835,Female,37,Pune,Accessories,Handbag,2,1499,20,2398.4,UPI,3.9,Returned
ORD02649,2025-02-03,C1719,Male,40,Bengaluru,Dress,Floral Dress,2,1499,15,2548.3,Net Banking,4.0,Delivered
ORD02650,2025-11-05,C1415,Female,36,Bengaluru,Dress,Kurti,1,499,0,499.0,UPI,5.0,Delivered
ORD02651,2025-01-11,C1062,Female,46,Delhi,Bottom,Jeans,4,499,15,1696.6,Net Banking,4.9,Returned
ORD02652,2025-10-30,C1278,Female,51,Pune,Accessories,Watch,4,2999,20,9596.8,Net Banking,4.7,Delivered
ORD02653,2025-08-22,C1817,Female,18,Pune,Top,Shirt,1,499,0,499.0,Net Banking,4.9,Returned
ORD02654,2025-11-01,C1202,Male,20,Bengaluru,Top,Crop Top,4,999,20,3196.8,UPI,4.9,Delivered
ORD02655,2025-01-19,C1284,Male,28,Pune,Dress,Maxi Dress,1,1999,15,1699.15,Cash,4.7,Returned
ORD02656,2025-05-24,C1232,Male,32,Chennai,Bottom,Jeans,3,999,20,2397.6,Cash,4.1,Cancelled
ORD02657,2025-03-24,C1234,Male,48,Chennai,Accessories,Scarf,4,2499,10,8996.4,UPI,4.1,Delivered
ORD02658,2025-12-22,C1816,Male,42,Chennai,Top,Shirt,2,499,0,998.0,Net Banking,4.0,Returned
ORD02659,2025-11-11,C1489,Female,33,Pune,Top,Crop Top,4,2499,0,9996.0,Net Banking,4.9,Delivered
ORD02660,2025-09-11,C1734,Male,30,Chennai,Accessories,Watch,4,2499,5,9496.2,Cash,3.9,Cancelled
ORD02661,2025-09-03,C1674,Female,53,Bengaluru,Shoes,Heels,2,2999,20,4798.4,UPI,3.7,Returned
ORD02662,2025-09-04,C1939,Female,46,Pune,Dress,Floral Dress,3,1999,5,5697.15,Net Banking,4.7,Delivered
ORD02663,2025-08-25,C1622,Male,25,Chennai,Bottom,Leggings,1,1499,5,1424.05,UPI,4.7,Returned
ORD02664,2025-04-07,C1956,Female,34,Bengaluru,Top,Shirt,1,1499,20,1199.2,Cash,4.3,Returned
ORD02665,2025-12-06,C1643,Female,41,Bengaluru,Top,Crop Top,4,499,0,1996.0,UPI,4.9,Delivered
ORD02666,2025-02-20,C1741,Female,43,Chennai,Accessories,Scarf,2,999,5,1898.1,Card,4.2,Returned
ORD02667,2025-03-30,C1398,Male,18,Pune,Bottom,Jeans,1,999,0,999.0,UPI,4.4,Delivered
ORD02668,2025-10-27,C1470,Male,53,Delhi,Dress,Floral Dress,3,1499,0,4497.0,Cash,4.1,Cancelled
ORD02669,2025-01-01,C1048,Male,30,Hyderabad,Accessories,Scarf,1,799,0,799.0,Cash,4.8,Cancelled
ORD02670,2025-09-02,C1130,Male,31,Pune,Shoes,Sandals,1,2999,20,2399.2,UPI,4.8,Returned
ORD02671,2025-05-06,C1643,Female,41,Delhi,Bottom,Trousers,1,1499,15,1274.15,Net Banking,4.9,Delivered
ORD02672,2025-03-13,C1021,Female,31,Pune,Accessories,Handbag,2,499,20,798.4,Net Banking,4.3,Returned
ORD02673,2025-03-21,C1194,Female,34,Pune,Dress,Maxi Dress,4,499,5,1896.2,Net Banking,4.7,Cancelled
ORD02674,2025-07-31,C1867,Female,45,Delhi,Top,Shirt,2,999,20,1598.4,UPI,4.4,Delivered
ORD02675,2025-12-04,C1183,Female,26,Hyderabad,Top,T-Shirt,1,2499,20,1999.2,Card,4.6,Cancelled
ORD02676,2025-05-04,C1472,Female,54,Delhi,Shoes,Heels,1,799,15,679.15,Card,4.8,Delivered
ORD02677,2025-12-17,C1532,Female,33,Chennai,Bottom,Jeans,4,2999,10,10796.4,Net Banking,3.9,Cancelled
ORD02678,2025-04-24,C1226,Male,45,Delhi,Accessories,Watch,1,2999,0,2999.0,UPI,3.6,Cancelled
ORD02679,2025-06-20,C1324,Female,21,Chennai,Accessories,Handbag,3,1999,15,5097.45,Net Banking,4.2,Cancelled
ORD02680,2025-07-02,C1590,Male,27,Pune,Top,Shirt,4,1999,0,7996.0,Cash,3.8,Returned
ORD02681,2025-07-23,C1404,Male,31,Mumbai,Top,Shirt,2,499,15,848.3,Card,3.8,Returned
ORD02682,2025-06-13,C1352,Female,47,Mumbai,Accessories,Watch,1,1999,0,1999.0,Net Banking,3.8,Cancelled
ORD02683,2025-06-27,C1069,Male,34,Chennai,Top,Crop Top,3,1499,20,3597.6,Net Banking,4.0,Returned
ORD02684,2025-08-22,C1012,Male,51,Bengaluru,Dress,Floral Dress,1,1499,5,1424.05,Card,5.0,Returned
ORD02685,2025-03-24,C1373,Female,28,Mumbai,Shoes,Sandals,4,2999,15,10196.6,Card,3.7,Delivered
ORD02686,2025-01-17,C1760,Male,54,Mumbai,Dress,Kurti,1,999,15,849.15,Cash,4.9,Cancelled
ORD02687,2025-01-21,C1909,Female,51,Hyderabad,Accessories,Handbag,4,799,5,3036.2,Card,4.7,Delivered
ORD02688,2025-05-29,C1557,Female,27,Mumbai,Top,Crop Top,4,799,15,2716.6,UPI,5.0,Returned
ORD02689,2025-10-09,C1302,Male,52,Bengaluru,Top,T-Shirt,1,1999,15,1699.15,Cash,4.8,Cancelled
ORD02690,2025-04-18,C1644,Female,38,Pune,Dress,Maxi Dress,2,1499,20,2398.4,Card,4.5,Cancelled
ORD02691,2025-07-06,C1906,Male,20,Hyderabad,Bottom,Leggings,3,499,0,1497.0,UPI,3.5,Cancelled
ORD02692,2025-03-30,C1212,Male,18,Mumbai,Bottom,Trousers,3,2499,5,7122.15,Net Banking,3.7,Delivered
ORD02693,2025-12-01,C1541,Male,18,Chennai,Shoes,Sneakers,2,799,10,1438.2,Card,3.6,Cancelled
ORD02694,2025-08-22,C1338,Male,54,Pune,Bottom,Trousers,2,2999,10,5398.2,Net Banking,3.8,Cancelled
ORD02695,2025-08-01,C1726,Female,32,Pune,Top,Crop Top,1,2999,20,2399.2,Net Banking,3.7,Returned
ORD02696,2025-04-16,C1878,Male,34,Delhi,Accessories,Watch,4,2499,10,8996.4,Cash,3.5,Returned
ORD02697,2025-10-25,C1475,Male,19,Chennai,Dress,Floral Dress,4,499,15,1696.6,Cash,4.1,Returned
ORD02698,2025-02-18,C1501,Female,37,Mumbai,Bottom,Trousers,1,499,10,449.1,Net Banking,4.6,Cancelled
ORD02699,2025-03-02,C1367,Male,38,Pune,Top,Crop Top,1,1999,5,1899.05,Net Banking,3.9,Cancelled
ORD02700,2025-03-25,C1725,Female,41,Mumbai,Accessories,Scarf,4,499,5,1896.2,Card,3.7,Cancelled
ORD02701,2025-04-09,C1466,Female,37,Mumbai,Top,T-Shirt,1,999,20,799.2,Cash,4.8,Returned
ORD02702,2025-06-24,C1764,Male,41,Pune,Dress,Kurti,3,1499,15,3822.45,UPI,3.8,Delivered
ORD02703,2025-12-18,C1445,Male,47,Bengaluru,Dress,Maxi Dress,2,2999,10,5398.2,Card,4.0,Returned
ORD02704,2025-01-10,C1992,Male,19,Delhi,Dress,Floral Dress,1,1499,10,1349.1,Cash,4.3,Cancelled
ORD02705,2025-06-08,C1846,Male,29,Hyderabad,Accessories,Handbag,4,499,20,1596.8,Card,4.1,Returned
ORD02706,2025-04-03,C1046,Female,40,Hyderabad,Bottom,Trousers,3,2499,10,6747.3,Net Banking,4.4,Returned
ORD02707,2025-02-15,C1109,Male,46,Hyderabad,Bottom,Leggings,4,1999,20,6396.8,Card,5.0,Delivered
ORD02708,2025-05-09,C1332,Male,23,Bengaluru,Bottom,Leggings,4,1499,5,5696.2,UPI,4.2,Cancelled
ORD02709,2025-12-04,C1950,Male,29,Pune,Accessories,Watch,4,499,0,1996.0,Card,4.8,Delivered
ORD02710,2025-04-11,C1278,Female,45,Chennai,Shoes,Sandals,4,499,0,1996.0,UPI,4.9,Delivered
ORD02711,2025-02-24,C1758,Male,33,Chennai,Accessories,Scarf,2,499,15,848.3,Net Banking,3.9,Cancelled
ORD02712,2025-01-25,C1934,Male,31,Hyderabad,Accessories,Handbag,4,499,10,1796.4,Net Banking,4.5,Cancelled
ORD02713,2025-11-26,C1986,Female,50,Chennai,Accessories,Scarf,3,2999,5,8547.15,UPI,4.3,Cancelled
ORD02714,2025-10-19,C1008,Male,48,Mumbai,Bottom,Jeans,4,1499,5,5696.2,Net Banking,3.6,Cancelled
ORD02715,2025-12-17,C1922,Female,37,Delhi,Bottom,Trousers,3,2999,10,8097.3,UPI,4.0,Delivered
ORD02716,2025-11-24,C1789,Female,36,Chennai,Shoes,Heels,2,2499,15,4248.3,Card,3.7,Returned
ORD02717,2025-05-13,C1255,Female,55,Chennai,Shoes,Heels,1,2499,15,2124.15,Card,3.5,Cancelled
ORD02718,2025-10-21,C1989,Female,41,Hyderabad,Accessories,Watch,1,1499,20,1199.2,Cash,4.6,Returned
ORD02719,2025-10-10,C1073,Female,48,Hyderabad,Accessories,Handbag,4,999,15,3396.6,Cash,4.5,Delivered
ORD02720,2025-08-15,C1667,Male,47,Bengaluru,Bottom,Trousers,1,1499,5,1424.05,Net Banking,3.6,Delivered
ORD02721,2025-10-01,C1223,Female,55,Mumbai,Top,Shirt,1,2499,0,2499.0,Card,4.2,Delivered
ORD02722,2025-04-07,C1418,Female,26,Hyderabad,Top,Crop Top,3,999,0,2997.0,Cash,3.9,Cancelled
ORD02723,2025-03-12,C1952,Female,38,Mumbai,Dress,Kurti,2,799,0,1598.0,Card,4.6,Returned
ORD02724,2025-08-19,C1159,Female,21,Mumbai,Top,Shirt,3,2999,0,8997.0,Card,3.9,Delivered
ORD02725,2025-11-10,C1337,Male,55,Mumbai,Top,Shirt,4,1499,0,5996.0,Cash,3.9,Returned
ORD02726,2025-07-30,C1116,Female,34,Pune,Bottom,Leggings,4,499,5,1896.2,Card,3.6,Returned
ORD02727,2025-07-20,C1113,Male,24,Hyderabad,Bottom,Leggings,3,1999,10,5397.3,Card,4.7,Cancelled
ORD02728,2025-06-16,C1030,Female,43,Pune,Accessories,Handbag,2,1499,0,2998.0,Card,4.8,Delivered
ORD02729,2025-06-01,C1290,Female,53,Chennai,Top,Crop Top,2,2499,0,4998.0,Cash,4.0,Delivered
ORD02730,2025-06-24,C1594,Female,21,Mumbai,Dress,Maxi Dress,3,999,10,2697.3,Net Banking,4.7,Delivered
ORD02731,2025-10-03,C1620,Female,31,Mumbai,Bottom,Leggings,1,1499,15,1274.15,Card,4.2,Returned
ORD02732,2025-09-24,C1182,Male,43,Hyderabad,Shoes,Sneakers,1,999,15,849.15,Net Banking,3.6,Cancelled
ORD02733,2025-10-16,C1454,Female,39,Chennai,Top,Shirt,1,799,5,759.05,UPI,3.7,Returned
ORD02734,2025-02-04,C1979,Female,24,Mumbai,Dress,Maxi Dress,1,1499,15,1274.15,UPI,3.5,Delivered
ORD02735,2025-08-23,C1446,Female,28,Pune,Top,Crop Top,2,999,10,1798.2,Net Banking,4.4,Delivered
ORD02736,2025-04-29,C1602,Male,28,Hyderabad,Dress,Kurti,2,2499,5,4748.1,Net Banking,4.6,Cancelled
ORD02737,2025-09-03,C1087,Male,29,Bengaluru,Accessories,Handbag,1,499,10,449.1,UPI,3.8,Delivered
ORD02738,2025-08-16,C1766,Female,29,Bengaluru,Accessories,Handbag,2,1999,5,3798.1,UPI,4.5,Returned
ORD02739,2025-08-16,C1808,Male,53,Mumbai,Bottom,Trousers,3,1499,20,3597.6,UPI,4.3,Returned
ORD02740,2025-01-14,C1983,Male,28,Bengaluru,Top,T-Shirt,2,2499,20,3998.4,UPI,4.7,Returned
ORD02741,2025-03-12,C1758,Female,49,Bengaluru,Bottom,Leggings,4,999,20,3196.8,UPI,4.4,Cancelled
ORD02742,2025-05-16,C1450,Male,34,Delhi,Shoes,Sandals,1,2499,15,2124.15,Card,4.8,Returned
ORD02743,2025-08-29,C1506,Female,18,Bengaluru,Shoes,Sneakers,4,1999,15,6796.6,UPI,4.5,Cancelled
ORD02744,2025-01-28,C1444,Male,27,Hyderabad,Accessories,Watch,4,999,15,3396.6,Net Banking,4.2,Delivered
ORD02745,2025-11-03,C1139,Male,43,Chennai,Accessories,Watch,2,1499,20,2398.4,UPI,3.6,Cancelled
ORD02746,2025-04-11,C1886,Female,22,Chennai,Shoes,Heels,1,1499,0,1499.0,Net Banking,3.5,Delivered
ORD02747,2025-04-14,C1076,Female,42,Delhi,Bottom,Leggings,4,1999,20,6396.8,Net Banking,3.5,Cancelled
ORD02748,2025-04-08,C1919,Male,29,Delhi,Bottom,Trousers,1,799,15,679.15,Card,4.4,Cancelled
ORD02749,2025-07-24,C1810,Male,23,Hyderabad,Bottom,Jeans,3,2499,10,6747.3,UPI,3.6,Cancelled
ORD02750,2025-01-02,C1953,Male,48,Pune,Accessories,Scarf,3,1999,0,5997.0,Net Banking,4.3,Returned
ORD02751,2025-02-22,C1741,Male,48,Delhi,Dress,Maxi Dress,2,499,15,848.3,UPI,4.2,Returned
ORD02752,2025-08-15,C1611,Female,46,Chennai,Top,T-Shirt,4,1999,20,6396.8,Card,4.1,Cancelled
ORD02753,2025-02-04,C1093,Male,54,Pune,Bottom,Leggings,1,2499,0,2499.0,UPI,4.0,Cancelled
ORD02754,2025-01-15,C1743,Male,18,Delhi,Shoes,Sneakers,1,1499,20,1199.2,UPI,4.6,Delivered
ORD02755,2025-11-17,C1235,Male,20,Pune,Bottom,Trousers,3,1999,15,5097.45,UPI,3.7,Cancelled
ORD02756,2025-08-31,C1275,Female,39,Chennai,Top,Crop Top,4,999,20,3196.8,Card,4.7,Cancelled
ORD02757,2025-03-27,C1354,Male,42,Chennai,Shoes,Heels,4,2499,10,8996.4,Cash,3.9,Cancelled
ORD02758,2025-06-28,C1797,Male,46,Delhi,Top,T-Shirt,3,499,15,1272.45,UPI,3.9,Cancelled
ORD02759,2025-11-10,C1785,Male,46,Bengaluru,Bottom,Jeans,2,799,15,1358.3,Net Banking,4.9,Cancelled
ORD02760,2025-12-13,C1922,Female,18,Hyderabad,Accessories,Scarf,4,1499,20,4796.8,Cash,3.7,Returned
ORD02761,2025-07-05,C1533,Female,43,Hyderabad,Shoes,Sneakers,4,999,20,3196.8,UPI,4.5,Returned
ORD02762,2025-06-22,C1515,Female,28,Delhi,Bottom,Trousers,1,1999,0,1999.0,UPI,3.8,Cancelled
ORD02763,2025-11-13,C1591,Female,31,Mumbai,Bottom,Leggings,3,999,10,2697.3,Cash,3.5,Returned
ORD02764,2025-03-01,C1092,Male,51,Delhi,Top,Shirt,2,1499,20,2398.4,UPI,3.7,Cancelled
ORD02765,2025-06-14,C1610,Male,28,Pune,Bottom,Leggings,4,1999,20,6396.8,Card,4.3,Returned
ORD02766,2025-12-04,C1464,Male,35,Chennai,Accessories,Watch,1,1999,5,1899.05,UPI,3.6,Delivered
ORD02767,2025-09-11,C1678,Male,18,Delhi,Top,T-Shirt,4,999,5,3796.2,Cash,4.0,Returned
ORD02768,2025-11-09,C1144,Male,36,Bengaluru,Accessories,Handbag,4,2999,20,9596.8,Cash,4.8,Cancelled
ORD02769,2025-03-31,C1597,Male,47,Pune,Accessories,Watch,4,999,15,3396.6,Net Banking,3.5,Cancelled
ORD02770,2025-08-09,C1080,Female,29,Bengaluru,Accessories,Watch,4,2999,5,11396.2,Cash,3.6,Cancelled
ORD02771,2025-04-03,C1433,Female,45,Hyderabad,Dress,Maxi Dress,3,2999,5,8547.15,Net Banking,4.4,Cancelled
ORD02772,2025-06-18,C1525,Female,46,Delhi,Accessories,Scarf,4,1499,10,5396.4,UPI,3.9,Delivered
ORD02773,2025-10-25,C1708,Male,44,Pune,Bottom,Jeans,1,1999,5,1899.05,Cash,4.6,Cancelled
ORD02774,2025-10-25,C1213,Female,42,Mumbai,Shoes,Sneakers,4,999,0,3996.0,UPI,5.0,Delivered
ORD02775,2025-05-05,C1432,Female,44,Pune,Top,Shirt,3,2999,10,8097.3,UPI,4.2,Returned
ORD02776,2025-05-03,C1888,Male,47,Pune,Shoes,Sandals,4,799,5,3036.2,Net Banking,4.6,Returned
ORD02777,2025-02-22,C1387,Male,26,Chennai,Accessories,Watch,1,2999,10,2699.1,Card,5.0,Returned
ORD02778,2025-12-12,C1180,Female,22,Hyderabad,Bottom,Jeans,2,499,5,948.1,Net Banking,4.8,Cancelled
ORD02779,2025-02-02,C1818,Male,26,Chennai,Top,Shirt,3,1499,10,4047.3,UPI,4.1,Delivered
ORD02780,2025-10-13,C1925,Female,52,Pune,Accessories,Scarf,1,1499,20,1199.2,Net Banking,4.8,Returned
ORD02781,2025-06-19,C1525,Female,42,Mumbai,Dress,Maxi Dress,3,999,20,2397.6,Cash,4.8,Returned
ORD02782,2025-03-26,C1643,Male,39,Mumbai,Bottom,Trousers,3,499,20,1197.6,UPI,4.9,Delivered
ORD02783,2025-06-11,C1854,Female,42,Hyderabad,Accessories,Scarf,4,1499,20,4796.8,Cash,3.6,Delivered
ORD02784,2025-08-18,C1904,Male,39,Mumbai,Accessories,Scarf,2,2499,20,3998.4,UPI,5.0,Delivered
ORD02785,2025-10-04,C1568,Female,23,Chennai,Dress,Kurti,2,2999,5,5698.1,Card,4.7,Delivered
ORD02786,2025-09-25,C1446,Female,26,Bengaluru,Top,T-Shirt,2,2999,15,5098.3,Net Banking,4.9,Cancelled
ORD02787,2025-03-15,C1541,Female,42,Pune,Shoes,Sneakers,4,1999,10,7196.4,Card,3.8,Delivered
ORD02788,2025-05-18,C1448,Male,18,Bengaluru,Dress,Kurti,4,1499,20,4796.8,Card,3.8,Cancelled
ORD02789,2025-11-22,C1721,Female,48,Mumbai,Accessories,Handbag,2,999,10,1798.2,Cash,4.7,Returned
ORD02790,2025-01-19,C1057,Female,39,Mumbai,Top,T-Shirt,2,2999,15,5098.3,Cash,4.2,Cancelled
ORD02791,2025-08-25,C1225,Male,28,Hyderabad,Bottom,Trousers,4,799,0,3196.0,Cash,4.9,Returned
ORD02792,2025-03-20,C1339,Female,39,Delhi,Dress,Maxi Dress,2,2999,10,5398.2,Net Banking,3.6,Cancelled
ORD02793,2025-08-23,C1664,Male,36,Pune,Accessories,Scarf,2,1999,15,3398.3,UPI,4.8,Returned
ORD02794,2025-05-27,C1409,Female,32,Hyderabad,Shoes,Sandals,1,999,20,799.2,Net Banking,4.1,Returned
ORD02795,2025-05-16,C1764,Female,49,Chennai,Shoes,Sandals,1,999,10,899.1,Card,4.3,Delivered
ORD02796,2025-03-25,C1290,Female,40,Hyderabad,Top,Crop Top,2,1999,0,3998.0,Net Banking,4.9,Cancelled
ORD02797,2025-05-03,C1693,Female,38,Hyderabad,Shoes,Sneakers,1,2499,15,2124.15,Cash,4.8,Delivered
ORD02798,2025-10-12,C1608,Female,31,Pune,Shoes,Heels,1,1499,15,1274.15,UPI,3.5,Delivered
ORD02799,2025-03-02,C1247,Female,23,Bengaluru,Dress,Floral Dress,2,1999,20,3198.4,Card,3.5,Cancelled
ORD02800,2025-06-14,C1912,Male,20,Hyderabad,Top,T-Shirt,3,1499,20,3597.6,UPI,4.4,Delivered
ORD02801,2025-04-12,C1333,Female,47,Pune,Bottom,Jeans,2,1499,10,2698.2,Card,4.8,Cancelled
ORD02802,2025-06-13,C1948,Female,41,Hyderabad,Shoes,Heels,2,1999,15,3398.3,Net Banking,3.6,Cancelled
ORD02803,2025-06-01,C1361,Female,39,Hyderabad,Accessories,Watch,4,2499,20,7996.8,Cash,4.5,Cancelled
ORD02804,2025-11-29,C1245,Female,26,Hyderabad,Accessories,Watch,3,499,10,1347.3,UPI,4.0,Returned
ORD02805,2025-10-14,C1229,Female,28,Chennai,Dress,Maxi Dress,3,2999,10,8097.3,Cash,4.8,Delivered
ORD02806,2025-09-14,C1167,Male,43,Chennai,Bottom,Jeans,1,1499,20,1199.2,Cash,4.5,Delivered
ORD02807,2025-07-11,C1503,Female,36,Delhi,Dress,Kurti,2,499,10,898.2,Card,4.7,Delivered
ORD02808,2025-05-15,C1474,Male,19,Hyderabad,Top,T-Shirt,2,1499,15,2548.3,Card,4.6,Returned
ORD02809,2025-02-16,C1804,Male,36,Delhi,Dress,Floral Dress,3,2499,5,7122.15,UPI,3.8,Cancelled
ORD02810,2025-11-26,C1855,Male,54,Delhi,Top,Crop Top,2,2999,15,5098.3,UPI,3.9,Delivered
ORD02811,2025-10-20,C1324,Male,19,Delhi,Dress,Kurti,1,999,5,949.05,Net Banking,4.0,Cancelled
ORD02812,2025-06-16,C1309,Female,18,Pune,Bottom,Jeans,2,2999,5,5698.1,UPI,4.9,Delivered
ORD02813,2025-08-31,C1070,Male,31,Hyderabad,Top,Shirt,2,999,20,1598.4,Net Banking,4.6,Cancelled
ORD02814,2025-09-10,C1244,Female,26,Pune,Top,Shirt,4,1999,15,6796.6,UPI,3.6,Delivered
ORD02815,2025-04-25,C1040,Male,36,Hyderabad,Dress,Floral Dress,1,2499,5,2374.05,Cash,4.3,Cancelled
ORD02816,2025-12-31,C1071,Female,44,Delhi,Dress,Floral Dress,1,1999,20,1599.2,Cash,4.5,Delivered
ORD02817,2025-01-19,C1525,Male,22,Chennai,Top,T-Shirt,1,2499,20,1999.2,Card,4.8,Delivered
ORD02818,2025-04-30,C1778,Female,43,Bengaluru,Bottom,Leggings,2,499,15,848.3,UPI,4.9,Returned
ORD02819,2025-10-16,C1094,Male,50,Bengaluru,Dress,Maxi Dress,1,499,5,474.05,Cash,4.5,Delivered
ORD02820,2025-01-12,C1781,Male,35,Delhi,Bottom,Jeans,1,799,5,759.05,Cash,4.7,Returned
ORD02821,2025-07-20,C1353,Male,49,Bengaluru,Dress,Maxi Dress,1,999,20,799.2,Cash,4.2,Cancelled
ORD02822,2025-07-13,C1774,Male,25,Bengaluru,Top,Shirt,4,799,5,3036.2,UPI,3.6,Delivered
ORD02823,2025-12-20,C1773,Female,19,Mumbai,Shoes,Sandals,1,499,0,499.0,Net Banking,4.0,Delivered
ORD02824,2025-06-26,C1608,Female,43,Hyderabad,Dress,Maxi Dress,4,2999,15,10196.6,Net Banking,3.5,Returned
ORD02825,2025-08-25,C1060,Male,49,Pune,Accessories,Handbag,2,2999,5,5698.1,Cash,3.8,Cancelled
ORD02826,2025-01-25,C1572,Female,30,Mumbai,Dress,Floral Dress,4,2999,0,11996.0,Card,3.9,Delivered
ORD02827,2025-10-01,C1796,Female,36,Delhi,Bottom,Jeans,1,2999,15,2549.15,Card,4.0,Cancelled
ORD02828,2025-10-23,C1504,Male,27,Hyderabad,Top,T-Shirt,4,999,20,3196.8,Cash,4.6,Cancelled
ORD02829,2025-07-02,C1323,Male,31,Hyderabad,Top,Crop Top,3,1999,10,5397.3,UPI,4.6,Cancelled
ORD02830,2025-05-01,C1438,Female,52,Hyderabad,Shoes,Sneakers,2,999,20,1598.4,Card,4.8,Cancelled
ORD02831,2025-05-04,C1544,Male,20,Delhi,Shoes,Sneakers,4,1999,5,7596.2,Card,3.7,Returned
ORD02832,2025-05-21,C1529,Female,48,Chennai,Bottom,Leggings,3,1999,10,5397.3,Cash,4.1,Delivered
ORD02833,2025-07-24,C1233,Male,47,Delhi,Shoes,Sneakers,4,2999,0,11996.0,Cash,3.7,Delivered
ORD02834,2025-07-03,C1525,Female,18,Hyderabad,Accessories,Watch,4,1499,0,5996.0,UPI,3.7,Delivered
ORD02835,2025-02-27,C1723,Female,31,Chennai,Bottom,Leggings,1,999,15,849.15,Net Banking,3.8,Delivered
ORD02836,2025-01-16,C1880,Male,42,Pune,Dress,Maxi Dress,4,499,0,1996.0,UPI,4.0,Cancelled
ORD02837,2025-06-24,C1347,Female,42,Delhi,Accessories,Handbag,4,2499,0,9996.0,Cash,4.7,Delivered
ORD02838,2025-04-29,C1511,Female,23,Delhi,Shoes,Sandals,2,1499,20,2398.4,UPI,4.6,Delivered
ORD02839,2025-06-23,C1867,Female,44,Bengaluru,Bottom,Trousers,3,2499,10,6747.3,UPI,3.9,Delivered
ORD02840,2025-11-26,C1140,Male,49,Mumbai,Top,T-Shirt,1,499,20,399.2,Card,4.9,Cancelled
ORD02841,2025-11-30,C1877,Female,31,Bengaluru,Shoes,Sandals,4,999,5,3796.2,Card,4.5,Cancelled
ORD02842,2025-11-20,C1461,Male,55,Mumbai,Bottom,Trousers,1,1999,10,1799.1,Cash,4.8,Delivered
ORD02843,2025-02-28,C1071,Male,44,Chennai,Accessories,Scarf,1,1499,10,1349.1,Cash,3.5,Delivered
ORD02844,2025-08-31,C1832,Female,20,Pune,Top,Shirt,3,1999,10,5397.3,Net Banking,3.8,Delivered
ORD02845,2025-12-30,C1127,Female,29,Hyderabad,Shoes,Sandals,3,2499,20,5997.6,Cash,4.0,Returned
ORD02846,2025-03-12,C1855,Male,48,Chennai,Bottom,Trousers,4,1499,20,4796.8,Cash,4.0,Returned
ORD02847,2025-01-07,C1114,Female,22,Chennai,Top,Shirt,3,799,20,1917.6,Net Banking,3.5,Delivered
ORD02848,2025-06-13,C1599,Male,32,Delhi,Bottom,Leggings,4,1999,10,7196.4,UPI,4.5,Returned
ORD02849,2025-09-21,C1620,Female,23,Chennai,Top,Crop Top,2,2999,5,5698.1,UPI,4.1,Delivered
ORD02850,2025-02-22,C1128,Female,39,Bengaluru,Dress,Maxi Dress,1,1499,20,1199.2,Net Banking,4.9,Delivered
ORD02851,2025-05-25,C1092,Female,29,Chennai,Top,T-Shirt,3,2999,20,7197.6,Card,4.0,Returned
ORD02852,2025-12-12,C1547,Female,40,Bengaluru,Bottom,Jeans,2,2499,5,4748.1,Net Banking,4.2,Cancelled
ORD02853,2025-06-16,C1387,Female,47,Chennai,Accessories,Handbag,2,499,5,948.1,Net Banking,4.1,Delivered
ORD02854,2025-08-28,C1982,Male,51,Hyderabad,Dress,Maxi Dress,2,2499,0,4998.0,Cash,4.8,Delivered
ORD02855,2025-06-03,C1955,Female,34,,Dress,Maxi Dress,1,499,15,424.15,Net Banking,3.7,Cancelled
ORD02856,2025-06-05,C1176,Female,49,Mumbai,Dress,Floral Dress,2,499,20,798.4,Cash,4.2,Cancelled
ORD02857,2025-10-14,C1690,Female,47,Pune,Top,T-Shirt,4,2499,15,8496.6,UPI,5.0,Returned
ORD02858,2025-03-30,C1342,Male,28,Pune,Accessories,Scarf,1,2499,5,2374.05,UPI,4.0,Cancelled
ORD02859,2025-01-31,C1629,Female,43,Bengaluru,Top,T-Shirt,4,1499,20,4796.8,UPI,5.0,Delivered
ORD02860,2025-04-21,C1848,Female,47,Pune,Accessories,Watch,3,2499,5,7122.15,Net Banking,4.3,Returned
ORD02861,2025-04-07,C1699,Female,18,Chennai,Shoes,Sandals,2,499,0,998.0,UPI,4.7,Returned
ORD02862,2025-09-20,C1769,Female,45,Hyderabad,Dress,Floral Dress,4,1999,0,7996.0,Card,4.3,Delivered
ORD02863,2025-09-16,C1277,Male,45,Bengaluru,Dress,Maxi Dress,1,1999,20,1599.2,Cash,3.9,Cancelled
ORD02864,2025-09-01,C1817,Female,35,Delhi,Shoes,Heels,2,1999,15,3398.3,Net Banking,4.0,Returned
ORD02865,2025-05-22,C1091,Male,50,Pune,Shoes,Sneakers,4,1499,15,5096.6,Net Banking,4.0,Cancelled
ORD02866,2025-01-21,C1198,Female,39,Mumbai,Bottom,Leggings,4,1999,10,7196.4,Card,3.5,Delivered
ORD02867,2025-04-26,C1059,Male,26,Chennai,Top,Shirt,2,1499,20,2398.4,Net Banking,5.0,Cancelled
ORD02868,2025-01-06,C1626,Male,47,Delhi,Bottom,Leggings,2,999,15,1698.3,UPI,3.8,Cancelled
ORD02869,2025-03-17,C1662,Male,35,Bengaluru,Shoes,Sneakers,3,499,15,1272.45,Net Banking,4.3,Cancelled
ORD02870,2025-04-13,C1493,Male,21,Chennai,Shoes,Heels,1,799,10,719.1,Cash,4.6,Delivered
ORD02871,2025-09-10,C1444,Male,31,Delhi,Shoes,Sandals,4,1999,5,7596.2,Card,3.8,Delivered
ORD02872,2025-03-13,C1916,Male,49,Chennai,Accessories,Watch,4,799,20,2556.8,Card,3.8,Delivered
ORD02873,2025-04-28,C1734,Female,21,Pune,Bottom,Trousers,2,499,0,998.0,Cash,3.8,Delivered
ORD02874,2025-04-12,C1195,Male,30,Chennai,Top,Shirt,1,799,15,679.15,UPI,3.5,Cancelled
ORD02875,2025-11-21,C1784,Male,26,Delhi,Accessories,Scarf,2,1999,10,3598.2,Net Banking,4.1,Cancelled
ORD02876,2025-09-26,C1820,Female,25,Bengaluru,Dress,Maxi Dress,4,799,15,2716.6,Net Banking,3.7,Cancelled
ORD02877,2025-12-28,C1365,Female,37,Chennai,Shoes,Sandals,1,2499,15,2124.15,Card,3.9,Delivered
ORD02878,2025-08-11,C1296,Male,38,Mumbai,Bottom,Leggings,2,1499,20,2398.4,Card,4.5,Cancelled
ORD02879,2025-04-15,C1269,Male,51,Hyderabad,Shoes,Sneakers,4,1999,20,6396.8,Card,4.0,Cancelled
ORD02880,2025-11-07,C1479,Male,31,Pune,Accessories,Handbag,2,1999,15,3398.3,Cash,4.4,Delivered
ORD02881,2025-10-25,C1844,Female,40,Delhi,Top,T-Shirt,1,1999,20,1599.2,UPI,4.1,Cancelled
ORD02882,2025-11-29,C1536,Female,20,Bengaluru,Dress,Floral Dress,3,499,15,1272.45,Net Banking,4.2,Delivered
ORD02883,2025-10-18,C1590,Female,33,Mumbai,Bottom,Leggings,4,1499,0,5996.0,Cash,4.8,Cancelled
ORD02884,2025-06-08,C1150,Female,42,Mumbai,Accessories,Handbag,1,799,20,639.2,Card,4.0,Delivered
ORD02885,2025-10-21,C1692,Female,32,Hyderabad,Bottom,Leggings,4,799,15,2716.6,Cash,3.9,Cancelled
ORD02886,2025-06-28,C1328,Female,44,Delhi,Bottom,Trousers,3,499,5,1422.15,Net Banking,4.3,Cancelled
ORD02887,2025-04-22,C1032,Male,27,Chennai,Bottom,Jeans,1,1499,0,1499.0,UPI,4.3,Delivered
ORD02888,2025-04-24,C1699,Male,40,Chennai,Top,Crop Top,4,799,15,2716.6,Net Banking,4.5,Cancelled
ORD02889,2025-09-16,C1462,Female,54,Mumbai,Shoes,Sneakers,2,799,5,1518.1,UPI,3.9,Returned
ORD02890,2025-01-06,C1309,Female,43,Chennai,Shoes,Sneakers,1,1999,0,1999.0,UPI,3.6,Cancelled
ORD02891,2025-08-18,C1792,Male,48,Hyderabad,Shoes,Sneakers,2,1499,10,2698.2,Cash,4.0,Cancelled
ORD02892,2025-01-30,C1805,Male,30,Bengaluru,Bottom,Trousers,3,499,15,1272.45,UPI,5.0,Returned
ORD02893,2025-05-27,C1358,Female,33,Chennai,Bottom,Trousers,3,2499,20,5997.6,Cash,3.7,Returned
ORD02894,2025-12-19,C1983,Male,52,Bengaluru,Shoes,Sandals,3,999,15,2547.45,UPI,4.7,Cancelled
ORD02895,2025-06-26,C1940,Male,53,Mumbai,Bottom,Jeans,1,2499,10,2249.1,Net Banking,4.1,Cancelled
ORD02896,2025-10-04,C1514,Male,46,Delhi,Bottom,Trousers,4,1499,0,5996.0,Card,4.4,Returned
ORD02897,2025-09-15,C1041,Female,28,Chennai,Bottom,Jeans,4,1999,10,7196.4,Cash,4.4,Delivered
ORD02898,2025-12-11,C1399,Female,43,Hyderabad,Top,T-Shirt,1,1999,20,1599.2,Card,4.5,Returned
ORD02899,2025-11-01,C1337,Male,25,Mumbai,Top,Shirt,2,999,10,1798.2,UPI,4.3,Cancelled
ORD02900,2025-02-02,C1005,Male,31,Delhi,Bottom,Leggings,1,2999,5,2849.05,Cash,4.3,Returned
ORD02901,2025-10-28,C1821,Male,31,Bengaluru,Accessories,Watch,4,1499,0,5996.0,Net Banking,4.9,Returned
ORD02902,2025-02-11,C1436,Male,29,Mumbai,Shoes,Heels,4,1499,20,4796.8,UPI,3.7,Returned
ORD02903,2025-10-10,C1807,Female,50,Chennai,Dress,Floral Dress,4,2499,10,8996.4,UPI,5.0,Cancelled
ORD02904,2025-09-24,C1616,Male,31,Mumbai,Accessories,Scarf,1,499,10,449.1,Cash,3.7,Delivered
ORD02905,2025-09-21,C1321,Female,18,Pune,Accessories,Watch,4,499,0,1996.0,Card,4.7,Cancelled
ORD02906,2025-01-16,C1070,Male,36,Delhi,Bottom,Leggings,2,2999,20,4798.4,Net Banking,3.5,Delivered
ORD02907,2025-12-01,C1827,Male,36,Hyderabad,Accessories,Handbag,3,1999,0,5997.0,UPI,4.1,Delivered
ORD02908,2025-10-22,C1097,Male,54,Bengaluru,Shoes,Sandals,3,499,10,1347.3,Net Banking,4.0,Delivered
ORD02909,2025-01-06,C1657,Female,27,Hyderabad,Accessories,Watch,4,499,15,1696.6,Card,3.5,Cancelled
ORD02910,2025-12-26,C1103,Female,23,Mumbai,Top,Crop Top,3,499,15,1272.45,Card,4.9,Delivered
ORD02911,2025-03-11,C1043,Female,20,Chennai,Top,T-Shirt,2,999,20,1598.4,UPI,4.0,Delivered
ORD02912,2025-10-12,C1357,Female,27,Chennai,Shoes,Sandals,1,1499,15,1274.15,Net Banking,4.0,Returned
ORD02913,2025-04-03,C1926,Female,26,Chennai,Accessories,Handbag,4,1499,0,5996.0,UPI,3.6,Cancelled
ORD02914,2025-08-08,C1325,Female,23,Mumbai,Top,T-Shirt,4,1999,10,7196.4,UPI,4.9,Delivered
ORD02915,2025-03-04,C1683,Male,32,Chennai,Accessories,Watch,1,2999,0,2999.0,Card,4.3,Delivered
ORD02916,2025-09-18,C1787,Female,55,Chennai,Dress,Floral Dress,3,999,20,2397.6,Card,4.8,Delivered
ORD02917,2025-06-24,C1614,Female,53,Chennai,Shoes,Sneakers,2,499,10,898.2,UPI,4.7,Delivered
ORD02918,2025-07-27,C1880,Male,36,Delhi,Accessories,Scarf,4,2499,0,9996.0,UPI,4.4,Returned
ORD02919,2025-08-05,C1006,Male,43,Delhi,Top,T-Shirt,1,799,0,799.0,UPI,4.8,Cancelled
ORD02920,2025-10-05,C1718,Male,49,Pune,Accessories,Handbag,3,999,15,2547.45,Cash,4.8,Delivered
ORD02921,2025-05-24,C1579,Female,19,Bengaluru,Accessories,Handbag,3,1499,20,3597.6,UPI,4.0,Cancelled
ORD02922,2025-08-22,C1268,Female,43,Bengaluru,Bottom,Trousers,1,1499,5,1424.05,Card,4.5,Cancelled
ORD02923,2025-03-14,C1622,Female,23,Delhi,Accessories,Scarf,3,1999,0,5997.0,Card,4.2,Cancelled
ORD02924,2025-11-30,C1453,Female,29,Delhi,Accessories,Scarf,1,999,20,799.2,Card,4.0,Cancelled
ORD02925,2025-11-04,C1825,Female,30,Pune,Accessories,Watch,4,1499,15,5096.6,UPI,4.4,Returned
ORD02926,2025-05-31,C1688,Female,51,Delhi,Bottom,Leggings,2,1999,15,3398.3,UPI,3.7,Delivered
ORD02927,2025-07-19,C1396,Male,52,Bengaluru,Shoes,Sneakers,4,1499,0,5996.0,Net Banking,3.7,Delivered
ORD02928,2025-11-01,C1939,Female,48,Chennai,Top,Shirt,2,999,15,1698.3,UPI,4.8,Delivered
ORD02929,2025-12-17,C1302,Male,28,Pune,Shoes,Heels,4,799,15,2716.6,Cash,4.6,Returned
ORD02930,2025-05-21,C1183,Male,39,Mumbai,Top,T-Shirt,1,2499,5,2374.05,Cash,4.0,Cancelled
ORD02931,2025-09-25,C1857,Female,42,Pune,Shoes,Sneakers,1,1999,10,1799.1,Net Banking,4.6,Delivered
ORD02932,2025-07-04,C1929,Male,39,Mumbai,Dress,Maxi Dress,1,999,5,949.05,UPI,3.5,Delivered
ORD02933,2025-11-10,C1983,Male,36,Chennai,Dress,Kurti,3,999,15,2547.45,Card,3.5,Delivered
ORD02934,2025-03-17,C1943,Female,34,Chennai,Top,T-Shirt,1,499,20,399.2,Card,3.6,Cancelled
ORD02935,2025-10-03,C1948,Female,50,Mumbai,Dress,Maxi Dress,1,999,0,999.0,Cash,4.7,Cancelled
ORD02936,2025-10-06,C1154,Female,20,Mumbai,Top,Crop Top,4,2999,15,10196.6,UPI,4.4,Delivered
ORD02937,2025-11-15,C1962,Male,50,Pune,Shoes,Sandals,2,799,0,1598.0,UPI,3.8,Delivered
ORD02938,2025-07-29,C1352,Female,51,Hyderabad,Accessories,Watch,2,2999,10,5398.2,Net Banking,3.7,Delivered
ORD02939,2025-06-27,C1887,Male,44,Mumbai,Bottom,Leggings,4,1499,10,5396.4,Cash,4.7,Cancelled
ORD02940,2025-03-18,C1322,Female,36,Chennai,Accessories,Scarf,2,799,15,1358.3,Card,4.7,Delivered
ORD02941,2025-09-27,C1695,Male,53,Pune,Bottom,Jeans,3,499,0,1497.0,Cash,4.8,Delivered
ORD02942,2025-09-27,C1191,Female,28,Pune,Top,Shirt,3,999,5,2847.15,Cash,4.3,Returned
ORD02943,2025-09-30,C1131,Female,37,Delhi,Shoes,Heels,4,1499,15,5096.6,Net Banking,4.6,Delivered
ORD02944,2025-04-21,C1733,Female,53,Delhi,Top,T-Shirt,4,999,5,3796.2,Card,3.6,Delivered
ORD02945,2025-12-02,C1035,Female,36,Chennai,Bottom,Trousers,2,1499,5,2848.1,UPI,3.6,Returned
ORD02946,2025-07-18,C1083,Female,36,Delhi,Bottom,Jeans,1,2499,0,2499.0,Card,3.5,Cancelled
ORD02947,2025-04-15,C1218,Male,48,Pune,Accessories,Watch,3,999,15,2547.45,UPI,4.0,Cancelled
ORD02948,2025-10-25,C1955,Female,28,Hyderabad,Bottom,Jeans,2,2999,5,5698.1,Net Banking,4.8,Cancelled
ORD02949,2025-11-21,C1309,Male,36,Delhi,Shoes,Sneakers,1,499,0,499.0,Net Banking,4.6,Returned
ORD02950,2025-11-17,C1070,Male,48,Hyderabad,Accessories,Scarf,3,2999,20,7197.6,Net Banking,4.6,Delivered
ORD02951,2025-11-07,C1261,Male,47,Bengaluru,Top,T-Shirt,3,1999,20,4797.6,Card,3.7,Cancelled
ORD02952,2025-04-18,C1219,Male,28,Mumbai,Top,Shirt,3,1999,0,5997.0,Card,4.9,Delivered
ORD02953,2025-08-13,C1014,Female,46,Mumbai,Accessories,Watch,3,1999,0,5997.0,UPI,4.9,Returned
ORD02954,2025-08-30,C1740,Female,34,Pune,Accessories,Handbag,4,1999,15,6796.6,Net Banking,4.0,Delivered
ORD02955,2025-01-02,C1688,Female,42,Chennai,Top,Shirt,4,1499,10,5396.4,Card,4.1,Delivered
ORD02956,2025-11-27,C1551,Male,25,Hyderabad,Accessories,Handbag,1,2999,5,2849.05,Card,4.7,Cancelled
ORD02957,2025-08-14,C1136,Female,34,Chennai,Shoes,Sandals,2,1499,20,2398.4,Card,4.7,Cancelled
ORD02958,2025-08-09,C1583,Male,20,Bengaluru,Top,T-Shirt,1,999,10,899.1,Net Banking,4.5,Cancelled
ORD02959,2025-02-18,C1186,Male,34,Chennai,Shoes,Sneakers,3,1999,10,5397.3,Cash,5.0,Delivered
ORD02960,2025-09-24,C1673,Female,45,Delhi,Bottom,Trousers,3,1999,20,4797.6,UPI,3.6,Delivered
ORD02961,2025-08-28,C1570,Male,48,Chennai,Bottom,Jeans,1,499,15,424.15,UPI,4.6,Returned
ORD02962,2025-09-28,C1097,Male,44,Chennai,Accessories,Scarf,2,2999,15,5098.3,Cash,3.9,Cancelled
ORD02963,2025-11-15,C1252,Female,54,Mumbai,Bottom,Leggings,3,1999,10,5397.3,UPI,3.8,Delivered
ORD02964,2025-09-08,C1409,Female,45,Hyderabad,Shoes,Sneakers,4,999,20,3196.8,Net Banking,4.2,Returned
ORD02965,2025-04-17,C1853,Female,23,Bengaluru,Shoes,Heels,2,999,20,1598.4,Cash,4.1,Cancelled
ORD02966,2025-10-08,C1668,Female,29,Bengaluru,Dress,Kurti,3,799,20,1917.6,Net Banking,3.5,Delivered
ORD02967,2025-02-28,C1372,Male,20,Pune,Top,T-Shirt,1,2499,15,2124.15,UPI,4.8,Delivered
ORD02968,2025-01-01,C1315,Female,29,Chennai,Top,Crop Top,1,999,10,899.1,Card,4.3,Returned
ORD02969,2025-10-27,C1618,Male,23,Pune,Bottom,Leggings,2,2999,0,5998.0,Net Banking,3.9,Delivered
ORD02970,2025-11-18,C1819,Male,39,Bengaluru,Shoes,Heels,4,2499,20,7996.8,Card,3.5,Cancelled
ORD02971,2025-12-08,C1236,Female,46,Mumbai,Dress,Maxi Dress,4,1999,20,6396.8,UPI,4.1,Cancelled
ORD02972,2025-08-23,C1185,Female,37,Mumbai,Shoes,Sneakers,1,2999,5,2849.05,Card,4.6,Delivered
ORD02973,2025-03-23,C1917,Female,41,Hyderabad,Bottom,Trousers,4,1999,20,6396.8,Net Banking,4.2,Delivered
ORD02974,2025-09-08,C1478,Male,25,Pune,Bottom,Leggings,4,1999,5,7596.2,Cash,3.7,Returned
ORD02975,2025-04-04,C1747,Female,18,Hyderabad,Accessories,Handbag,4,2499,15,8496.6,Net Banking,3.8,Cancelled
ORD02976,2025-09-26,C1351,Female,30,Delhi,Bottom,Leggings,4,2999,0,11996.0,Net Banking,3.6,Returned
ORD02977,2025-07-30,C1280,Female,49,Pune,Accessories,Watch,2,2499,5,4748.1,Card,5.0,Returned
ORD02978,2025-06-29,C1608,Female,34,Chennai,Top,T-Shirt,4,1499,15,5096.6,Cash,4.5,Cancelled
ORD02979,2025-10-26,C1648,Female,46,Chennai,Shoes,Sandals,4,1499,20,4796.8,UPI,3.9,Returned
ORD02980,2025-06-13,C1663,Male,26,Delhi,Bottom,Trousers,2,999,15,1698.3,UPI,4.9,Returned
ORD02981,2025-10-14,C1742,Female,51,Hyderabad,Top,Shirt,4,799,20,2556.8,Net Banking,4.5,Returned
ORD02982,2025-06-28,C1286,Male,48,Hyderabad,Top,Crop Top,3,999,0,2997.0,UPI,3.9,Returned
ORD02983,2025-07-26,C1594,Male,29,Chennai,Top,Crop Top,2,799,20,1278.4,UPI,4.1,Delivered
ORD02984,2025-05-22,C1830,Male,48,Mumbai,Shoes,Sandals,4,999,20,3196.8,Net Banking,3.6,Delivered
ORD02985,2025-07-17,C1223,Male,34,Pune,Dress,Maxi Dress,1,999,0,999.0,Cash,4.6,Delivered
ORD02986,2025-09-30,C1462,Female,31,Mumbai,Dress,Kurti,2,1499,10,2698.2,Cash,4.3,Returned
ORD02987,2025-01-20,C1253,Male,26,Bengaluru,Shoes,Heels,4,999,15,3396.6,Card,4.8,Cancelled
ORD02988,2025-01-28,C1725,Female,22,Pune,Accessories,Watch,3,499,10,1347.3,UPI,4.4,Delivered
ORD02989,2025-10-01,C1112,Female,25,Bengaluru,Top,Crop Top,4,1499,0,5996.0,Cash,4.2,Cancelled
ORD02990,2025-04-14,C1530,Male,33,Pune,Bottom,Trousers,4,1499,20,4796.8,Net Banking,4.5,Delivered
ORD02991,2025-07-10,C1276,Female,51,Hyderabad,Bottom,Leggings,2,999,15,1698.3,Card,4.8,Returned
ORD02992,2025-08-28,C1029,Female,51,Bengaluru,Dress,Maxi Dress,2,1499,0,2998.0,Cash,3.8,Returned
ORD02993,2025-03-03,C1964,Male,29,Mumbai,Shoes,Sneakers,4,499,20,1596.8,Net Banking,4.5,Delivered
ORD02994,2025-05-10,C1372,Female,24,Chennai,Top,Crop Top,1,799,5,759.05,Card,4.2,Delivered
ORD02995,2025-09-16,C1797,Male,49,Hyderabad,Shoes,Heels,4,499,10,1796.4,UPI,4.9,Delivered
ORD02996,2025-05-17,C1041,Female,20,Bengaluru,Shoes,Sandals,3,499,0,1497.0,Card,4.7,Cancelled
ORD02997,2025-04-27,C1260,Female,47,Mumbai,Bottom,Leggings,3,1999,5,5697.15,Net Banking,4.7,Returned
ORD02998,2025-11-14,C1132,Female,29,Hyderabad,Bottom,Trousers,1,2999,10,2699.1,UPI,4.8,Cancelled
ORD02999,2025-09-17,C1250,Female,34,Mumbai,Dress,Floral Dress,1,2999,15,2549.15,UPI,4.3,Returned
ORD03000,2025-05-17,C1970,Female,35,Pune,Shoes,Sandals,3,2499,20,5997.6,Cash,4.3,Cancelled
ORD03001,2025-01-18,C1472,Female,45,Pune,Accessories,Handbag,1,799,5,759.05,Cash,5.0,Delivered
ORD03002,2025-11-29,C1038,Male,43,Bengaluru,Shoes,Sandals,1,499,10,449.1,Card,3.7,Delivered
ORD03003,2025-07-24,C1361,Female,18,Mumbai,Dress,Kurti,2,799,10,1438.2,UPI,4.8,Returned
ORD03004,2025-01-31,C1823,Male,47,Mumbai,Accessories,Scarf,1,2999,10,2699.1,Card,3.9,Delivered
ORD03005,2025-06-17,C1004,Male,36,Mumbai,Dress,Floral Dress,3,799,0,2397.0,Card,4.3,Delivered
ORD03006,2025-03-06,C1827,Male,37,Hyderabad,Accessories,Handbag,1,2999,15,2549.15,UPI,4.9,Cancelled
ORD03007,2025-05-28,C1725,Female,31,Hyderabad,Dress,Kurti,2,499,10,898.2,Cash,3.9,Returned
ORD03008,2025-03-18,C1277,Female,38,Mumbai,Shoes,Sandals,4,799,20,2556.8,UPI,4.7,Returned
ORD03009,2025-04-07,C1783,Male,45,Delhi,Dress,Kurti,2,1499,5,2848.1,Card,4.8,Cancelled
ORD03010,2025-08-28,C1702,Female,51,Hyderabad,Bottom,Jeans,3,799,10,2157.3,UPI,4.0,Returned
ORD03011,2025-03-05,C1588,Female,39,Delhi,Bottom,Trousers,1,799,0,799.0,Cash,4.9,Cancelled
ORD03012,2025-12-29,C1780,Female,50,Hyderabad,Accessories,Watch,4,499,10,1796.4,Cash,3.5,Cancelled
ORD03013,2025-03-11,C1670,Female,36,Bengaluru,Dress,Kurti,3,2499,0,7497.0,Cash,4.3,Delivered
ORD03014,2025-07-04,C1354,Female,31,Delhi,Top,Shirt,1,1499,15,1274.15,Cash,4.4,Cancelled
ORD03015,2025-08-17,C1449,Female,37,Bengaluru,Accessories,Handbag,1,1999,5,1899.05,Net Banking,4.5,Cancelled
ORD03016,2025-07-09,C1290,Male,26,Mumbai,Shoes,Heels,3,999,20,2397.6,Net Banking,4.8,Delivered
ORD03017,2025-01-20,C1017,Female,21,Chennai,Bottom,Trousers,2,1499,20,2398.4,Cash,4.2,Returned
ORD03018,2025-08-02,C1472,Female,24,Bengaluru,Bottom,Trousers,3,1999,10,5397.3,Net Banking,4.4,Delivered
ORD03019,2025-09-08,C1120,Male,39,Delhi,Top,Crop Top,3,2999,15,7647.45,Card,4.5,Returned
ORD03020,2025-01-11,C1384,Female,25,Mumbai,Dress,Floral Dress,4,1499,15,5096.6,Card,3.9,Returned
ORD03021,2025-02-02,C1964,Female,41,Pune,Top,Crop Top,4,1499,10,5396.4,Card,3.8,Returned
ORD03022,2025-07-06,C1344,Male,36,Delhi,Dress,Maxi Dress,1,499,10,449.1,Cash,3.9,Cancelled
ORD03023,2025-08-06,C1571,Male,31,Delhi,Bottom,Leggings,4,2999,5,11396.2,Net Banking,4.9,Cancelled
ORD03024,2025-01-04,C1308,Male,19,Hyderabad,Shoes,Heels,1,1999,20,1599.2,Net Banking,4.0,Cancelled
ORD03025,2025-06-18,C1696,Female,53,Delhi,Dress,Maxi Dress,2,499,15,848.3,Card,3.6,Delivered
ORD03026,2025-01-24,C1797,Male,22,Chennai,Accessories,Watch,2,799,15,1358.3,Net Banking,4.3,Delivered
ORD03027,2025-01-18,C1377,Female,53,Mumbai,Accessories,Scarf,3,2499,0,7497.0,UPI,5.0,Delivered
ORD03028,2025-05-26,C1049,Male,30,Chennai,Dress,Maxi Dress,2,799,0,1598.0,Card,3.7,Cancelled
ORD03029,2025-04-05,C1931,Male,33,Hyderabad,Top,Crop Top,4,799,15,2716.6,Net Banking,4.4,Cancelled
ORD03030,2025-09-28,C1304,Female,46,Hyderabad,Top,Crop Top,1,1999,20,1599.2,UPI,4.4,Returned
ORD03031,2025-03-11,C1756,Male,52,Mumbai,Shoes,Heels,4,799,10,2876.4,Cash,4.8,Cancelled
ORD03032,2025-09-04,C1284,Male,44,Delhi,Dress,Floral Dress,3,799,15,2037.45,Cash,4.2,Delivered
ORD03033,2025-11-03,C1840,Female,44,Mumbai,Bottom,Leggings,2,2999,5,5698.1,Net Banking,4.6,Cancelled
ORD03034,2025-06-04,C1279,Male,37,Bengaluru,Bottom,Trousers,1,2499,20,1999.2,Net Banking,4.2,Cancelled
ORD03035,2025-10-19,C1631,Female,33,Pune,Dress,Maxi Dress,3,1499,20,3597.6,Cash,3.8,Returned
ORD03036,2025-05-23,C1010,Male,42,Hyderabad,Shoes,Heels,3,2499,5,7122.15,UPI,3.8,Cancelled
ORD03037,2025-08-03,C1683,Male,25,Chennai,Accessories,Watch,3,2999,20,7197.6,Card,4.1,Delivered
ORD03038,2025-10-14,C1502,Male,29,Pune,Accessories,Handbag,2,2499,5,4748.1,Card,3.9,Returned
ORD03039,2025-01-28,C1396,Male,31,Hyderabad,Top,T-Shirt,4,2499,20,7996.8,Net Banking,4.7,Returned
ORD03040,2025-05-16,C1806,Female,38,Hyderabad,Bottom,Trousers,3,1499,20,3597.6,Net Banking,3.9,Cancelled
ORD03041,2025-12-08,C1938,Female,47,Hyderabad,Bottom,Trousers,4,2499,15,8496.6,Net Banking,4.5,Cancelled
ORD03042,2025-03-09,C1938,Female,48,Chennai,Dress,Floral Dress,3,999,0,2997.0,Net Banking,4.8,Returned
ORD03043,2025-03-26,C1478,Male,41,Bengaluru,Bottom,Trousers,3,799,15,2037.45,UPI,4.9,Returned
ORD03044,2025-02-01,C1298,Male,23,Chennai,Shoes,Heels,2,999,10,1798.2,Net Banking,3.8,Returned
ORD03045,2025-05-08,C1333,Male,54,Pune,Bottom,Leggings,1,2999,10,2699.1,Cash,3.7,Cancelled
ORD03046,2025-06-12,C1900,Female,21,Hyderabad,Dress,Maxi Dress,4,999,0,3996.0,UPI,3.9,Cancelled
ORD03047,2025-09-14,C1888,Female,45,Bengaluru,Bottom,Jeans,2,2999,5,5698.1,Card,4.6,Delivered
ORD03048,2025-04-15,C1561,Male,18,Bengaluru,Shoes,Sandals,1,2999,10,2699.1,UPI,3.7,Cancelled
ORD03049,2025-07-06,C1154,Male,23,Hyderabad,Accessories,Scarf,1,2499,15,2124.15,Cash,3.6,Returned
ORD03050,2025-11-03,C1021,Female,26,Bengaluru,Shoes,Sandals,3,1999,15,5097.45,UPI,4.0,Cancelled
ORD03051,2025-04-21,C1324,Male,20,Delhi,Top,Shirt,4,499,0,1996.0,UPI,4.7,Cancelled
ORD03052,2025-02-09,C1011,Male,26,Pune,Shoes,Heels,3,499,5,1422.15,Net Banking,3.6,Cancelled
ORD03053,2025-02-26,C1289,Female,33,Mumbai,Accessories,Watch,3,999,5,2847.15,UPI,4.7,Returned
ORD03054,2025-02-14,C1183,Female,45,Bengaluru,Top,T-Shirt,2,1499,10,2698.2,Cash,3.9,Returned
ORD03055,2025-07-31,C1991,Female,39,Hyderabad,Dress,Floral Dress,2,799,15,1358.3,UPI,3.6,Returned
ORD03056,2025-08-04,C1467,Male,21,Chennai,Top,Shirt,4,999,10,3596.4,Card,4.0,Returned
ORD03057,2025-02-27,C1007,Male,40,Chennai,Shoes,Sandals,1,799,15,679.15,Net Banking,4.6,Cancelled
ORD03058,2025-02-08,C1791,Male,29,Pune,Shoes,Sneakers,4,1999,0,7996.0,UPI,4.0,Returned
ORD03059,2025-07-06,C1818,Male,54,Mumbai,Shoes,Sandals,2,2999,5,5698.1,Card,5.0,Delivered
ORD03060,2025-02-11,C1891,Female,39,Bengaluru,Bottom,Leggings,3,2499,20,5997.6,UPI,4.6,Returned
ORD03061,2025-04-27,C1032,Male,35,Mumbai,Accessories,Watch,2,799,0,1598.0,Net Banking,4.6,Cancelled
ORD03062,2025-10-21,C1025,Male,20,Delhi,Bottom,Leggings,3,2499,10,6747.3,UPI,4.6,Cancelled
ORD03063,2025-06-11,C1100,Male,32,Mumbai,Dress,Maxi Dress,3,1999,20,4797.6,Cash,3.5,Returned
ORD03064,2025-05-02,C1006,Female,48,Chennai,Bottom,Trousers,2,799,15,1358.3,Cash,3.8,Cancelled
ORD03065,2025-10-04,C1921,Female,25,Bengaluru,Bottom,Jeans,4,2499,0,9996.0,Cash,3.5,Delivered
ORD03066,2025-08-25,C1010,Female,46,Pune,Shoes,Heels,1,2499,5,2374.05,UPI,3.6,Delivered
ORD03067,2025-11-18,C1839,Female,23,Bengaluru,Bottom,Trousers,2,1999,5,3798.1,Cash,4.8,Returned
ORD03068,2025-01-19,C1363,Male,49,Chennai,Accessories,Handbag,4,1499,20,4796.8,Card,4.2,Cancelled
ORD03069,2025-12-18,C1355,Female,55,Pune,Accessories,Handbag,1,2999,0,2999.0,Net Banking,5.0,Cancelled
ORD03070,2025-04-19,C1910,Female,36,Chennai,Accessories,Handbag,2,2499,0,4998.0,Net Banking,4.2,Delivered
ORD03071,2025-06-29,C1721,Female,40,Mumbai,Accessories,Scarf,3,2499,10,6747.3,Cash,3.6,Cancelled
ORD03072,2025-07-15,C1885,Female,18,Hyderabad,Top,Shirt,4,499,15,1696.6,Cash,4.8,Returned
ORD03073,2025-12-01,C1964,Male,46,Pune,Top,T-Shirt,4,1999,10,7196.4,Card,4.1,Returned
ORD03074,2025-08-12,C1524,Male,25,Pune,Dress,Floral Dress,4,2999,0,11996.0,Card,3.7,Returned
ORD03075,2025-01-02,C1834,Male,47,Pune,Dress,Kurti,1,1999,10,1799.1,UPI,4.8,Delivered
ORD03076,2025-06-26,C1951,Female,47,Bengaluru,Top,Shirt,4,2499,5,9496.2,Net Banking,4.3,Delivered
ORD03077,2025-02-21,C1107,Female,45,Chennai,Dress,Maxi Dress,4,799,15,2716.6,Net Banking,4.3,Returned
ORD03078,2025-11-01,C1370,Female,54,Chennai,Shoes,Sneakers,4,1499,5,5696.2,UPI,4.5,Cancelled
ORD03079,2025-07-08,C1410,Male,54,Chennai,Top,T-Shirt,1,999,0,999.0,Net Banking,5.0,Returned
ORD03080,2025-07-02,C1108,Female,47,Chennai,Accessories,Scarf,2,999,0,1998.0,Cash,3.6,Cancelled
ORD03081,2025-10-10,C1133,Male,49,Chennai,Accessories,Watch,4,799,10,2876.4,Net Banking,4.3,Returned
ORD03082,2025-07-11,C1884,Female,53,Delhi,Accessories,Watch,3,1499,15,3822.45,Card,4.4,Cancelled
ORD03083,2025-03-05,C1181,Female,27,Pune,Top,Shirt,4,1999,20,6396.8,UPI,4.4,Cancelled
ORD03084,2025-03-05,C1152,Female,49,Pune,Top,T-Shirt,4,999,15,3396.6,UPI,4.5,Cancelled
ORD03085,2025-01-20,C1217,Male,33,Hyderabad,Shoes,Sandals,2,799,10,1438.2,Net Banking,3.9,Cancelled
ORD03086,2025-09-21,C1816,Female,41,Mumbai,Top,T-Shirt,3,2499,15,6372.45,Card,4.3,Returned
ORD03087,2025-11-03,C1691,Female,53,Bengaluru,Bottom,Jeans,4,2499,5,9496.2,Cash,3.6,Returned
ORD03088,2025-10-30,C1875,Male,36,Chennai,Accessories,Handbag,1,799,20,639.2,Cash,3.7,Delivered
ORD03089,2025-04-24,C1084,Female,47,Hyderabad,Shoes,Sneakers,2,2999,5,5698.1,Net Banking,3.7,Returned
ORD03090,2025-11-26,C1663,Male,38,Delhi,Dress,Floral Dress,3,2499,15,6372.45,Net Banking,4.1,Cancelled
ORD03091,2025-06-03,C1208,Male,26,Chennai,Shoes,Sandals,4,2999,20,9596.8,Cash,3.6,Delivered
ORD03092,2025-12-23,C1078,Male,39,Bengaluru,Bottom,Trousers,3,799,10,2157.3,Cash,3.9,Delivered
ORD03093,2025-09-21,C1035,Male,42,Hyderabad,Accessories,Handbag,4,799,0,3196.0,Cash,4.4,Returned
ORD03094,2025-10-23,C1102,Female,52,Bengaluru,Bottom,Leggings,2,1999,10,3598.2,Net Banking,3.8,Delivered
ORD03095,2025-05-20,C1233,Female,35,Pune,Accessories,Scarf,3,999,0,2997.0,UPI,4.1,Cancelled
ORD03096,2025-10-31,C1485,Female,30,Delhi,Dress,Floral Dress,3,799,15,2037.45,Cash,4.7,Cancelled
ORD03097,2025-09-16,C1558,Female,25,Mumbai,Top,T-Shirt,1,499,20,399.2,Card,4.7,Cancelled
ORD03098,2025-06-07,C1815,Male,24,Pune,Accessories,Handbag,3,1499,10,4047.3,Cash,3.8,Cancelled
ORD03099,2025-01-28,C1658,Male,44,Delhi,Shoes,Sneakers,2,999,15,1698.3,Card,4.1,Returned
ORD03100,2025-03-25,C1003,Male,25,Mumbai,Top,Shirt,3,999,10,2697.3,Cash,4.1,Cancelled
ORD03101,2025-01-03,C1501,Male,46,Mumbai,Bottom,Leggings,2,799,5,1518.1,Cash,4.4,Delivered
ORD03102,2025-05-13,C1483,Male,21,Bengaluru,Bottom,Leggings,4,499,20,1596.8,UPI,4.9,Delivered
ORD03103,2025-07-03,C1110,Female,30,Delhi,Accessories,Scarf,1,499,15,424.15,Card,4.4,Delivered
ORD03104,2025-03-29,C1169,Female,24,Bengaluru,Bottom,Trousers,1,2499,5,2374.05,Cash,3.5,Returned
ORD03105,2025-12-07,C1849,Male,51,Chennai,Dress,Maxi Dress,1,1999,10,1799.1,Cash,4.2,Returned
ORD03106,2025-07-04,C1748,Male,26,Hyderabad,Dress,Floral Dress,2,2499,5,4748.1,Cash,4.2,Cancelled
ORD03107,2025-08-13,C1662,Male,41,Chennai,Dress,Maxi Dress,4,2499,10,8996.4,Net Banking,4.3,Cancelled
ORD03108,2025-06-05,C1606,Male,28,Pune,Top,Crop Top,1,2499,10,2249.1,UPI,3.8,Cancelled
ORD03109,2025-11-08,C1276,Male,36,Pune,Dress,Kurti,3,799,20,1917.6,Cash,4.4,Delivered
ORD03110,2025-10-25,C1194,Male,36,Mumbai,Dress,Floral Dress,3,2499,15,6372.45,Net Banking,4.9,Returned
ORD03111,2025-01-16,C1110,Female,37,Pune,Top,T-Shirt,1,2999,5,2849.05,Card,4.7,Delivered
ORD03112,2025-09-15,C1525,Female,43,Delhi,Accessories,Scarf,3,2499,10,6747.3,Cash,4.2,Cancelled
ORD03113,2025-11-04,C1127,Male,42,Bengaluru,Dress,Kurti,2,1499,5,2848.1,Cash,4.9,Cancelled
ORD03114,2025-06-10,C1195,Male,25,Hyderabad,Dress,Maxi Dress,3,999,20,2397.6,UPI,3.7,Delivered
ORD03115,2025-04-22,C1104,Female,43,Hyderabad,Dress,Floral Dress,1,1999,10,1799.1,Card,4.8,Delivered
ORD03116,2025-03-17,C1902,Female,43,Mumbai,Bottom,Jeans,3,2499,0,7497.0,Net Banking,4.6,Returned
ORD03117,2025-03-13,C1320,Male,34,Mumbai,Dress,Kurti,2,2999,5,5698.1,Card,3.5,Cancelled
ORD03118,2025-01-16,C1318,Male,30,Chennai,Shoes,Heels,1,2999,15,2549.15,Net Banking,4.2,Cancelled
ORD03119,2025-10-04,C1717,Female,49,Mumbai,Shoes,Sandals,4,1499,10,5396.4,UPI,3.6,Delivered
ORD03120,2025-01-27,C1020,Male,31,Chennai,Shoes,Sandals,3,799,10,2157.3,UPI,4.8,Returned
ORD03121,2025-03-12,C1352,Female,29,Bengaluru,Dress,Floral Dress,4,799,10,2876.4,Cash,4.7,Returned
ORD03122,2025-08-11,C1770,Male,55,Hyderabad,Dress,Maxi Dress,2,1999,5,3798.1,Cash,4.2,Cancelled
ORD03123,2025-09-19,C1590,Male,42,Chennai,Top,T-Shirt,1,2999,20,2399.2,Card,3.8,Cancelled
ORD03124,2025-01-21,C1280,Male,32,Delhi,Top,Shirt,4,1999,0,7996.0,Net Banking,4.2,Cancelled
ORD03125,2025-02-11,C1742,Female,55,Hyderabad,Top,T-Shirt,3,1999,5,5697.15,Card,3.6,Cancelled
ORD03126,2025-08-28,C1737,Male,40,Pune,Dress,Kurti,2,999,5,1898.1,Net Banking,4.0,Cancelled
ORD03127,2025-10-10,C1940,Female,54,Delhi,Dress,Maxi Dress,4,999,0,3996.0,Net Banking,4.6,Delivered
ORD03128,2025-08-01,C1128,Male,33,Hyderabad,Bottom,Leggings,4,1999,15,6796.6,UPI,4.6,Returned
ORD03129,2025-07-03,C1284,Male,28,Delhi,Accessories,Watch,1,1999,10,1799.1,Cash,4.3,Returned
ORD03130,2025-11-10,C1068,Female,36,Pune,Dress,Floral Dress,2,2499,0,4998.0,Net Banking,4.6,Delivered
ORD03131,2025-06-08,C1350,Male,32,Bengaluru,Bottom,Jeans,1,499,20,399.2,Card,4.1,Returned
ORD03132,2025-05-09,C1066,Female,33,Bengaluru,Bottom,Trousers,1,2999,10,2699.1,Card,4.6,Delivered
ORD03133,2025-08-27,C1889,Male,30,Chennai,Top,Shirt,2,1499,15,2548.3,Card,4.8,Delivered
ORD03134,2025-09-27,C1835,Male,40,Delhi,Accessories,Handbag,2,1999,0,3998.0,Net Banking,4.2,Cancelled
ORD03135,2025-06-12,C1970,Female,33,Bengaluru,Bottom,Jeans,1,499,5,474.05,Card,4.2,Delivered
ORD03136,2025-10-01,C1515,Female,28,Mumbai,Dress,Maxi Dress,2,799,0,1598.0,UPI,4.8,Returned
ORD03137,2025-09-30,C1097,Male,33,Chennai,Bottom,Trousers,3,2499,0,7497.0,Net Banking,3.5,Returned
ORD03138,2025-03-08,C1069,Male,37,Pune,Accessories,Watch,1,2499,0,2499.0,Cash,4.9,Delivered
ORD03139,2025-08-05,C1064,Female,53,Bengaluru,Accessories,Handbag,4,499,5,1896.2,Net Banking,4.3,Cancelled
ORD03140,2025-09-02,C1882,Male,31,Chennai,Top,T-Shirt,1,999,20,799.2,Card,4.4,Delivered
ORD03141,2025-04-15,C1314,Female,26,Pune,Bottom,Jeans,3,2499,15,6372.45,UPI,3.9,Returned
ORD03142,2025-07-22,C1001,Male,18,Chennai,Bottom,Jeans,1,2999,0,2999.0,Cash,3.9,Delivered
ORD03143,2025-08-22,C1584,Female,26,Pune,Top,T-Shirt,2,999,10,1798.2,Net Banking,4.0,Delivered
ORD03144,2025-12-21,C1475,Male,23,Bengaluru,Top,Crop Top,2,1999,10,3598.2,Net Banking,4.1,Delivered
ORD03145,2025-08-21,C1502,Female,48,Chennai,Accessories,Scarf,4,2499,20,7996.8,Net Banking,4.9,Returned
ORD03146,2025-04-20,C1621,Male,52,Hyderabad,Dress,Floral Dress,4,1499,0,5996.0,Card,3.7,Cancelled
ORD03147,2025-04-26,C1039,Female,41,Pune,Shoes,Sandals,2,499,10,898.2,Cash,4.3,Returned
ORD03148,2025-08-22,C1848,Male,35,Pune,Bottom,Trousers,4,1999,0,7996.0,UPI,4.5,Returned
ORD03149,2025-01-21,C1253,Male,40,Bengaluru,Accessories,Scarf,4,2999,10,10796.4,Cash,4.6,Cancelled
ORD03150,2025-10-04,C1652,Female,33,Chennai,Bottom,Trousers,2,1999,0,3998.0,Net Banking,4.7,Cancelled
ORD03151,2025-05-01,C1597,Male,46,Pune,Top,T-Shirt,3,999,10,2697.3,Cash,4.4,Returned
ORD03152,2025-08-22,C1008,Male,21,Chennai,Dress,Maxi Dress,2,1999,10,3598.2,Net Banking,4.8,Cancelled
ORD03153,2025-04-06,C1056,Female,40,Chennai,Dress,Maxi Dress,2,1499,20,2398.4,Cash,4.5,Cancelled
ORD03154,2025-01-19,C1460,Female,47,Bengaluru,Bottom,Jeans,3,999,10,2697.3,Card,4.9,Cancelled
ORD03155,2025-03-13,C1695,Male,35,Pune,Top,T-Shirt,1,2499,0,2499.0,Cash,4.2,Returned
ORD03156,2025-08-16,C1375,Female,52,Chennai,Dress,Floral Dress,2,999,15,1698.3,UPI,3.7,Returned
ORD03157,2025-02-11,C1534,Female,34,Delhi,Dress,Floral Dress,3,1999,15,5097.45,Card,4.1,Returned
ORD03158,2025-05-13,C1576,Female,48,Pune,Top,Shirt,3,2999,15,7647.45,UPI,3.6,Delivered
ORD03159,2025-03-22,C1334,Female,21,Chennai,Dress,Kurti,4,1499,0,5996.0,Cash,3.8,Cancelled
ORD03160,2025-07-12,C1675,Female,51,Hyderabad,Bottom,Jeans,1,1499,5,1424.05,Net Banking,3.7,Cancelled
ORD03161,2025-01-30,C1267,Male,50,Pune,Bottom,Trousers,1,2999,5,2849.05,Net Banking,4.5,Returned
ORD03162,2025-03-24,C1290,Female,19,Delhi,Accessories,Scarf,2,999,15,1698.3,UPI,4.8,Delivered
ORD03163,2025-05-28,C1250,Male,33,Pune,Top,T-Shirt,1,1999,15,1699.15,Cash,4.7,Returned
ORD03164,2025-07-08,C1608,Male,48,Pune,Shoes,Heels,1,1999,0,1999.0,UPI,3.7,Delivered
ORD03165,2025-03-21,C1362,Female,48,Delhi,Bottom,Jeans,4,999,5,3796.2,UPI,4.6,Cancelled
ORD03166,2025-11-29,C1687,Male,31,Pune,Bottom,Jeans,4,799,10,2876.4,UPI,3.6,Returned
ORD03167,2025-01-14,C1655,Male,19,Bengaluru,Bottom,Jeans,1,499,20,399.2,UPI,4.8,Returned
ORD03168,2025-01-17,C1369,Male,29,Pune,Dress,Floral Dress,4,2499,20,7996.8,Cash,3.8,Returned
ORD03169,2025-05-06,C1766,Female,30,Hyderabad,Top,Crop Top,4,2999,15,10196.6,Cash,4.5,Cancelled
ORD03170,2025-02-25,C1986,Female,54,Chennai,Top,Shirt,4,499,0,1996.0,Cash,4.7,Returned
ORD03171,2025-06-18,C1322,Male,46,Delhi,Top,Shirt,1,1999,10,1799.1,Card,4.8,Returned
ORD03172,2025-11-10,C1594,Female,20,Mumbai,Accessories,Handbag,3,499,20,1197.6,Card,3.7,Delivered
ORD03173,2025-09-19,C1057,Male,39,Chennai,Top,Shirt,3,1999,5,5697.15,Card,4.7,Cancelled
ORD03174,2025-09-12,C1733,Male,55,Chennai,Accessories,Handbag,3,499,15,1272.45,Net Banking,4.0,Delivered
ORD03175,2025-12-27,C1718,Female,49,Bengaluru,Bottom,Leggings,3,799,10,2157.3,Net Banking,3.8,Returned
ORD03176,2025-06-06,C1437,Female,21,Pune,Bottom,Leggings,4,999,20,3196.8,Net Banking,3.9,Delivered
ORD03177,2025-03-06,C1983,Female,41,Delhi,Shoes,Sandals,2,1499,10,2698.2,Card,4.3,Returned
ORD03178,2025-11-30,C1886,Female,42,Pune,Shoes,Sandals,2,2999,20,4798.4,UPI,4.0,Delivered
ORD03179,2025-07-04,C1259,Female,30,Hyderabad,Dress,Floral Dress,3,499,15,1272.45,Net Banking,3.7,Delivered
ORD03180,2025-04-24,C1144,Female,47,Pune,Dress,Maxi Dress,1,1999,20,1599.2,Net Banking,4.8,Cancelled
ORD03181,2025-06-01,C1206,Male,43,Pune,Top,Shirt,2,999,0,1998.0,Card,4.6,Delivered
ORD03182,2025-12-12,C1649,Female,35,Mumbai,Bottom,Jeans,2,2499,20,3998.4,Net Banking,3.9,Cancelled
ORD03183,2025-09-13,C1605,Female,54,Bengaluru,Accessories,Watch,2,2499,5,4748.1,Cash,4.1,Returned
ORD03184,2025-08-22,C1750,Male,29,Bengaluru,Bottom,Trousers,3,2499,20,5997.6,Card,4.0,Cancelled
ORD03185,2025-02-24,C1541,Male,26,Mumbai,Dress,Maxi Dress,3,2499,5,7122.15,Cash,4.2,Delivered
ORD03186,2025-02-22,C1472,Female,35,Chennai,Top,T-Shirt,2,1499,5,2848.1,UPI,4.2,Cancelled
ORD03187,2025-07-07,C1101,Male,28,Hyderabad,Bottom,Jeans,3,2499,15,6372.45,Net Banking,4.0,Delivered
ORD03188,2025-03-11,C1724,Male,52,Chennai,Accessories,Handbag,1,499,10,449.1,Card,3.5,Delivered
ORD03189,2025-03-28,C1812,Male,46,Bengaluru,Shoes,Sandals,3,2499,10,6747.3,Net Banking,4.4,Returned
ORD03190,2025-05-16,C1222,Male,47,Mumbai,Bottom,Jeans,2,1999,5,3798.1,Card,4.0,Cancelled
ORD03191,2025-10-24,C1191,Male,40,Pune,Shoes,Sandals,2,1999,15,3398.3,UPI,4.7,Delivered
ORD03192,2025-02-04,C1263,Male,34,Chennai,Top,Shirt,1,1499,15,1274.15,Net Banking,4.6,Cancelled
ORD03193,2025-07-02,C1487,Male,25,Pune,Shoes,Heels,2,2999,15,5098.3,Cash,3.6,Delivered
ORD03194,2025-01-16,C1681,Female,21,Bengaluru,Dress,Kurti,2,499,20,798.4,Card,4.2,Delivered
ORD03195,2025-04-09,C1910,Female,23,Chennai,Shoes,Heels,2,499,5,948.1,Cash,4.4,Cancelled
ORD03196,2025-07-11,C1621,Male,51,Mumbai,Bottom,Jeans,2,2499,15,4248.3,Net Banking,4.5,Cancelled
ORD03197,2025-10-15,C1670,Female,23,Mumbai,Dress,Floral Dress,1,1499,5,1424.05,UPI,3.8,Cancelled
ORD03198,2025-11-26,C1716,Female,54,Bengaluru,Accessories,Watch,3,799,5,2277.15,UPI,4.4,Delivered
ORD03199,2025-11-16,C1528,Female,40,Pune,Top,T-Shirt,1,2999,10,2699.1,Net Banking,4.7,Returned
ORD03200,2025-10-10,C1538,Male,45,Pune,Shoes,Sandals,1,799,5,759.05,Cash,3.8,Delivered
ORD03201,2025-04-24,C1955,Male,21,Bengaluru,Shoes,Heels,1,799,10,719.1,Net Banking,3.7,Returned
ORD03202,2025-06-23,C1972,Male,55,Delhi,Bottom,Trousers,4,999,10,3596.4,UPI,4.5,Returned
ORD03203,2025-05-08,C1400,Female,36,Chennai,Bottom,Jeans,3,1999,15,5097.45,Net Banking,3.8,Delivered
ORD03204,2025-03-05,C1294,Male,20,Delhi,Shoes,Sneakers,4,999,0,3996.0,Card,4.3,Cancelled
ORD03205,2025-03-16,C1108,Female,42,Delhi,Accessories,Watch,3,499,10,1347.3,Card,4.9,Returned
ORD03206,2025-07-13,C1459,Female,20,Bengaluru,Accessories,Handbag,3,499,15,1272.45,Net Banking,4.7,Cancelled
ORD03207,2025-11-14,C1077,Male,21,Bengaluru,Accessories,Scarf,3,1999,10,5397.3,Net Banking,4.2,Returned
ORD03208,2025-05-01,C1668,Female,52,Hyderabad,Top,Shirt,3,499,20,1197.6,Cash,4.2,Delivered
ORD03209,2025-04-19,C1899,Male,45,Chennai,Shoes,Heels,1,499,5,474.05,Cash,3.9,Returned
ORD03210,2025-08-13,C1559,Male,35,Bengaluru,Accessories,Scarf,2,999,5,1898.1,UPI,5.0,Returned
ORD03211,2025-09-18,C1858,Female,41,Bengaluru,Dress,Maxi Dress,2,1499,10,2698.2,Card,3.6,Returned
ORD03212,2025-03-23,C1480,Male,39,Bengaluru,Accessories,Handbag,1,2999,5,2849.05,UPI,4.5,Delivered
ORD03213,2025-05-08,C1004,Male,53,Delhi,Bottom,Leggings,4,799,0,3196.0,Net Banking,3.7,Cancelled
ORD03214,2025-04-30,C1145,Female,29,Delhi,Accessories,Scarf,3,2999,20,7197.6,Net Banking,3.7,Returned
ORD03215,2025-10-03,C1217,Female,20,Chennai,Dress,Floral Dress,1,2999,10,2699.1,Card,4.9,Delivered
ORD03216,2025-07-27,C1346,Male,26,Hyderabad,Top,Shirt,1,2999,5,2849.05,Cash,4.7,Returned
ORD03217,2025-01-15,C1754,Female,20,Bengaluru,Accessories,Watch,4,2999,15,10196.6,UPI,4.7,Delivered
ORD03218,2025-05-07,C1892,Female,20,Pune,Shoes,Heels,4,499,10,1796.4,Cash,4.7,Cancelled
ORD03219,2025-10-14,C1448,Male,42,Mumbai,Accessories,Handbag,4,999,10,3596.4,Net Banking,3.8,Returned
ORD03220,2025-01-04,C1756,Female,34,Delhi,Top,T-Shirt,3,1499,15,3822.45,Net Banking,4.7,Returned
ORD03221,2025-06-07,C1068,Female,28,Bengaluru,Dress,Kurti,2,999,20,1598.4,Cash,4.6,Delivered
ORD03222,2025-08-29,C1177,Female,31,Chennai,Dress,Maxi Dress,1,2499,20,1999.2,Cash,4.3,Cancelled
ORD03223,2025-04-23,C1590,Male,25,Delhi,Accessories,Handbag,1,2499,5,2374.05,UPI,3.7,Delivered
ORD03224,2025-01-04,C1296,Female,50,Delhi,Shoes,Sandals,1,799,5,759.05,Cash,4.5,Returned
ORD03225,2025-08-26,C1665,Female,42,Pune,Shoes,Heels,1,999,10,899.1,Cash,3.7,Returned
ORD03226,2025-07-25,C1702,Female,41,Bengaluru,Shoes,Sandals,2,1999,0,3998.0,Net Banking,4.8,Returned
ORD03227,2025-07-17,C1410,Female,48,Bengaluru,Shoes,Heels,3,2999,15,7647.45,UPI,4.6,Cancelled
ORD03228,2025-03-13,C1600,Female,37,Delhi,Bottom,Jeans,1,1999,10,1799.1,Cash,4.8,Delivered
ORD03229,2025-10-03,C1531,Female,51,Mumbai,Dress,Maxi Dress,3,499,10,1347.3,Net Banking,4.4,Delivered
ORD03230,2025-01-03,C1441,Male,53,Delhi,Shoes,Heels,3,2499,10,6747.3,UPI,3.7,Returned
ORD03231,2025-08-10,C1803,Female,20,Pune,Accessories,Handbag,4,2999,5,11396.2,Net Banking,4.5,Returned
ORD03232,2025-01-20,C1251,Male,23,Delhi,Top,Shirt,4,2999,15,10196.6,Card,3.8,Delivered
ORD03233,2025-01-11,C1918,Male,24,Pune,Top,T-Shirt,2,1999,5,3798.1,Cash,3.9,Cancelled
ORD03234,2025-06-25,C1535,Female,38,Delhi,Dress,Maxi Dress,3,999,20,2397.6,Card,4.3,Cancelled
ORD03235,2025-02-08,C1283,Male,44,Hyderabad,Bottom,Leggings,2,1999,15,3398.3,Net Banking,3.7,Returned
ORD03236,2025-10-20,C1900,Male,50,Bengaluru,Bottom,Leggings,2,999,0,1998.0,UPI,4.9,Cancelled
ORD03237,2025-08-10,C1996,Male,31,Hyderabad,Top,Shirt,3,1499,15,3822.45,Cash,4.9,Cancelled
ORD03238,2025-03-14,C1334,Female,20,Chennai,Accessories,Watch,3,499,15,1272.45,UPI,4.5,Cancelled
ORD03239,2025-08-06,C1956,Female,48,Bengaluru,Accessories,Scarf,1,2999,15,2549.15,Card,3.7,Cancelled
ORD03240,2025-07-05,C1856,Male,49,Hyderabad,Top,Shirt,3,799,15,2037.45,Net Banking,4.3,Delivered
ORD03241,2025-09-11,C1832,Male,21,Chennai,Shoes,Heels,1,499,0,499.0,Cash,3.7,Cancelled
ORD03242,2025-03-07,C1127,Female,22,Hyderabad,Top,T-Shirt,2,1999,15,3398.3,UPI,3.7,Cancelled
ORD03243,2025-05-19,C1427,Male,27,Pune,Bottom,Leggings,4,799,10,2876.4,UPI,4.7,Returned
ORD03244,2025-12-14,C1361,Male,51,Mumbai,Bottom,Leggings,4,799,5,3036.2,Cash,4.4,Delivered
ORD03245,2025-02-16,C1977,Female,18,Mumbai,Top,Shirt,2,999,5,1898.1,UPI,4.5,Cancelled
ORD03246,2025-05-26,C1067,Female,28,Pune,Shoes,Heels,3,2999,20,7197.6,Card,4.6,Returned
ORD03247,2025-05-24,C1377,Male,31,Chennai,Accessories,Watch,2,2999,10,5398.2,Card,3.6,Delivered
ORD03248,2025-01-03,C1309,Male,23,Pune,Accessories,Handbag,4,499,5,1896.2,UPI,3.9,Returned
ORD03249,2025-05-04,C1961,Male,49,Bengaluru,Shoes,Sneakers,2,799,10,1438.2,Card,4.6,Returned
ORD03250,2025-08-13,C1130,Female,40,Bengaluru,Shoes,Heels,3,999,15,2547.45,Card,4.1,Returned
ORD03251,2025-04-03,C1930,Female,44,Bengaluru,Bottom,Leggings,1,999,15,849.15,UPI,4.9,Returned
ORD03252,2025-03-07,C1621,Female,29,Bengaluru,Top,Crop Top,2,2999,20,4798.4,UPI,4.6,Delivered
ORD03253,2025-05-11,C1850,Male,33,Hyderabad,Dress,Maxi Dress,1,2499,0,2499.0,UPI,3.8,Returned
ORD03254,2025-08-17,C1484,Male,31,Chennai,Top,Shirt,3,1999,5,5697.15,UPI,4.8,Delivered
ORD03255,2025-12-19,C1614,Male,27,Bengaluru,Accessories,Scarf,1,799,15,679.15,Cash,4.9,Cancelled
ORD03256,2025-02-14,C1971,Female,29,Pune,Top,Crop Top,3,999,15,2547.45,UPI,4.5,Returned
ORD03257,2025-12-11,C1333,Male,20,Pune,Top,T-Shirt,1,2999,15,2549.15,Cash,4.8,Returned
ORD03258,2025-05-09,C1215,Male,54,Bengaluru,Top,Shirt,3,799,15,2037.45,UPI,3.9,Returned
ORD03259,2025-03-18,C1169,Female,43,Chennai,Top,T-Shirt,1,2499,0,2499.0,Card,4.2,Returned
ORD03260,2025-08-17,C1943,Female,48,Pune,Top,Shirt,1,2999,20,2399.2,UPI,4.9,Cancelled
ORD03261,2025-10-29,C1044,Male,45,Mumbai,Top,T-Shirt,3,799,0,2397.0,Card,3.5,Returned
ORD03262,2025-06-19,C1290,Female,41,Hyderabad,Accessories,Scarf,4,2499,15,8496.6,Net Banking,4.9,Delivered
ORD03263,2025-05-21,C1822,Female,31,Mumbai,Shoes,Sneakers,3,1499,0,4497.0,Card,3.9,Cancelled
ORD03264,2025-09-28,C1291,Male,39,Delhi,Bottom,Leggings,3,2499,15,6372.45,Net Banking,4.8,Cancelled
ORD03265,2025-06-10,C1996,Male,50,Delhi,Top,Shirt,1,1499,10,1349.1,UPI,4.2,Cancelled
ORD03266,2025-10-24,C1418,Female,44,Pune,Shoes,Heels,4,999,20,3196.8,UPI,4.0,Cancelled
ORD03267,2025-10-19,C1863,Female,35,Hyderabad,Top,Crop Top,2,1499,10,2698.2,Cash,3.7,Cancelled
ORD03268,2025-03-07,C1333,Male,34,Delhi,Top,T-Shirt,1,1999,5,1899.05,Cash,3.8,Returned
ORD03269,2025-03-08,C1235,Female,43,Bengaluru,Accessories,Scarf,3,2999,5,8547.15,UPI,4.2,Returned
ORD03270,2025-04-05,C1633,Female,20,Hyderabad,Dress,Maxi Dress,2,1499,10,2698.2,UPI,3.8,Delivered
ORD03271,2025-01-09,C1634,Male,41,Chennai,Shoes,Sneakers,2,1999,20,3198.4,Card,3.7,Returned
ORD03272,2025-01-17,C1089,Female,54,Bengaluru,Top,Crop Top,2,799,20,1278.4,Card,4.5,Cancelled
ORD03273,2025-12-08,C1605,Female,30,Hyderabad,Bottom,Jeans,4,2999,15,10196.6,UPI,4.5,Cancelled
ORD03274,2025-07-26,C1468,Male,21,Bengaluru,Shoes,Sandals,2,2499,10,4498.2,Card,4.6,Returned
ORD03275,2025-12-19,C1575,Male,45,Chennai,Bottom,Leggings,4,1499,15,5096.6,UPI,4.4,Cancelled
ORD03276,2025-03-23,C1899,Female,19,Hyderabad,Accessories,Scarf,3,799,20,1917.6,Cash,4.1,Returned
ORD03277,2025-09-02,C1811,Male,42,Bengaluru,Accessories,Handbag,3,2999,15,7647.45,Card,3.7,Delivered
ORD03278,2025-11-20,C1968,Female,44,Hyderabad,Top,Shirt,4,2499,5,9496.2,Card,4.2,Returned
ORD03279,2025-12-11,C1696,Male,34,Chennai,Dress,Kurti,3,1499,5,4272.15,Cash,3.8,Returned
ORD03280,2025-06-02,C1613,Female,23,Hyderabad,Shoes,Heels,1,499,10,449.1,UPI,3.7,Returned
ORD03281,2025-09-24,C1712,Female,28,Delhi,Accessories,Watch,2,1999,20,3198.4,Cash,4.1,Cancelled
ORD03282,2025-09-24,C1980,Female,38,Bengaluru,Bottom,Jeans,2,2499,20,3998.4,UPI,4.0,Delivered
ORD03283,2025-04-27,C1712,Male,24,Hyderabad,Bottom,Leggings,1,2999,20,2399.2,Card,5.0,Cancelled
ORD03284,2025-08-04,C1599,Male,26,Chennai,Dress,Floral Dress,4,1999,5,7596.2,Card,3.9,Returned
ORD03285,2025-01-02,C1093,Male,28,Pune,Shoes,Sandals,2,2499,20,3998.4,UPI,4.3,Returned
ORD03286,2025-03-20,C1246,Male,41,Mumbai,Top,T-Shirt,3,799,0,2397.0,Card,3.5,Delivered
ORD03287,2025-05-30,C1786,Male,55,Hyderabad,Top,T-Shirt,4,2499,5,9496.2,Card,4.5,Delivered
ORD03288,2025-11-01,C1937,Female,48,Mumbai,Top,Shirt,1,799,5,759.05,UPI,3.7,Delivered
ORD03289,2025-05-06,C1100,Female,49,Chennai,Top,Crop Top,3,1999,0,5997.0,Cash,4.8,Returned
ORD03290,2025-12-02,C1595,Male,47,Bengaluru,Accessories,Scarf,1,499,0,499.0,Cash,4.5,Delivered
ORD03291,2025-04-22,C1802,Female,25,Delhi,Top,Shirt,3,1999,5,5697.15,UPI,3.9,Returned
ORD03292,2025-02-28,C1476,Male,53,Bengaluru,Bottom,Trousers,4,999,15,3396.6,UPI,4.4,Delivered
ORD03293,2025-11-16,C1243,Male,52,Chennai,Shoes,Sneakers,2,499,10,898.2,Card,3.6,Returned
ORD03294,2025-07-14,C1682,Male,19,Delhi,Accessories,Scarf,1,799,5,759.05,Card,3.8,Delivered
ORD03295,2025-06-29,C1191,Female,42,Mumbai,Bottom,Trousers,1,1999,5,1899.05,Cash,3.7,Delivered
ORD03296,2025-08-28,C1577,Female,36,Mumbai,Dress,Floral Dress,1,799,0,799.0,Card,3.6,Delivered
ORD03297,2025-09-16,C1113,Male,45,Bengaluru,Shoes,Heels,1,499,0,499.0,Net Banking,4.1,Cancelled
ORD03298,2025-04-07,C1519,Female,34,Mumbai,Top,Crop Top,1,799,10,719.1,Net Banking,3.6,Returned
ORD03299,2025-06-03,C1085,Female,39,Mumbai,Top,T-Shirt,2,799,0,1598.0,UPI,4.4,Returned
ORD03300,2025-02-08,C1062,Female,19,Bengaluru,Dress,Maxi Dress,2,499,20,798.4,Cash,4.3,Returned
ORD03301,2025-05-30,C1422,Female,46,Pune,Dress,Kurti,3,1999,10,5397.3,Card,3.7,Returned
ORD03302,2025-01-04,C1572,Male,19,Chennai,Accessories,Watch,4,1499,20,4796.8,Net Banking,4.2,Returned
ORD03303,2025-09-19,C1237,Female,38,Chennai,Bottom,Trousers,3,2999,0,8997.0,UPI,4.0,Delivered
ORD03304,2025-08-15,C1248,Male,53,Mumbai,Shoes,Sneakers,4,799,15,2716.6,UPI,4.5,Delivered
ORD03305,2025-03-22,C1064,Male,34,Pune,Accessories,Handbag,2,499,10,898.2,Net Banking,3.7,Delivered
ORD03306,2025-07-06,C1030,Male,37,Pune,Shoes,Sandals,1,499,20,399.2,Net Banking,4.4,Returned
ORD03307,2025-09-01,C1821,Male,23,Bengaluru,Dress,Floral Dress,4,2499,10,8996.4,UPI,4.8,Cancelled
ORD03308,2025-09-19,C1569,Female,30,Chennai,Shoes,Heels,3,2999,15,7647.45,UPI,4.4,Delivered
ORD03309,2025-11-21,C1304,Male,33,Hyderabad,Bottom,Jeans,4,2499,20,7996.8,UPI,3.5,Cancelled
ORD03310,2025-06-21,C1715,Female,49,Chennai,Dress,Floral Dress,1,2999,10,2699.1,Net Banking,4.7,Returned
ORD03311,2025-10-17,C1408,Male,24,Bengaluru,Shoes,Heels,1,1999,10,1799.1,UPI,3.7,Cancelled
ORD03312,2025-09-05,C1890,Female,20,Mumbai,Top,T-Shirt,4,1499,10,5396.4,Card,4.0,Cancelled
ORD03313,2025-06-06,C1462,Male,46,Bengaluru,Top,Crop Top,1,999,10,899.1,Card,4.9,Returned
ORD03314,2025-11-22,C1602,Male,52,Delhi,Top,Crop Top,2,499,20,798.4,Net Banking,4.9,Delivered
ORD03315,2025-11-14,C1622,Male,31,Chennai,Bottom,Trousers,4,799,15,2716.6,Cash,4.9,Cancelled
ORD03316,2025-11-10,C1248,Female,45,Mumbai,Shoes,Sandals,1,799,10,719.1,Cash,3.5,Returned
ORD03317,2025-05-08,C1599,Male,38,Chennai,Bottom,Trousers,3,999,5,2847.15,Net Banking,4.5,Cancelled
ORD03318,2025-10-11,C1426,Female,43,Mumbai,Bottom,Jeans,2,1999,0,3998.0,Card,4.3,Returned
ORD03319,2025-01-02,C1961,Female,28,Pune,Top,Shirt,2,2999,5,5698.1,UPI,4.8,Returned
ORD03320,2025-12-20,C1898,Male,23,Delhi,Shoes,Sneakers,2,999,0,1998.0,Net Banking,3.7,Cancelled
ORD03321,2025-03-29,C1818,Female,29,Mumbai,Top,Shirt,3,799,15,2037.45,Card,3.8,Returned
ORD03322,2025-03-02,C1757,Female,31,Delhi,Shoes,Sneakers,3,999,10,2697.3,Cash,4.0,Delivered
ORD03323,2025-10-22,C1271,Female,54,Delhi,Dress,Floral Dress,1,1499,10,1349.1,Net Banking,3.9,Cancelled
ORD03324,2025-06-03,C1183,Female,42,Mumbai,Bottom,Jeans,1,2499,20,1999.2,UPI,4.3,Returned
ORD03325,2025-09-09,C1657,Male,34,Chennai,Dress,Floral Dress,1,499,15,424.15,Net Banking,3.9,Returned
ORD03326,2025-04-15,C1330,Male,51,Bengaluru,Top,Crop Top,4,799,10,2876.4,Cash,4.2,Cancelled
ORD03327,2025-06-11,C1828,Male,34,Delhi,Accessories,Handbag,3,799,0,2397.0,UPI,3.6,Cancelled
ORD03328,2025-05-01,C1049,Female,47,Hyderabad,Top,Shirt,4,1999,5,7596.2,Card,4.9,Returned
ORD03329,2025-02-16,C1143,Female,43,Delhi,Bottom,Trousers,2,499,0,998.0,Card,4.6,Cancelled
ORD03330,2025-01-25,C1837,Male,35,Chennai,Shoes,Sandals,4,799,10,2876.4,Net Banking,3.8,Delivered
ORD03331,2025-11-01,C1641,Female,33,Chennai,Shoes,Heels,4,499,0,1996.0,Net Banking,4.1,Returned
ORD03332,2025-09-09,C1612,Male,42,Delhi,Accessories,Handbag,2,2999,0,5998.0,UPI,4.3,Returned
ORD03333,2025-02-22,C1110,Male,38,Pune,Dress,Maxi Dress,4,499,10,1796.4,Card,4.4,Cancelled
ORD03334,2025-01-27,C1191,Female,28,Hyderabad,Top,T-Shirt,4,499,0,1996.0,Net Banking,4.9,Cancelled
ORD03335,2025-07-20,C1909,Male,34,Chennai,Top,Crop Top,2,499,5,948.1,Cash,3.6,Delivered
ORD03336,2025-11-13,C1619,Female,50,Delhi,Bottom,Jeans,4,1999,15,6796.6,Card,4.6,Delivered
ORD03337,2025-05-19,C1139,Female,43,Pune,Dress,Kurti,1,999,0,999.0,Net Banking,3.9,Delivered
ORD03338,2025-02-04,C1735,Female,55,Delhi,Shoes,Sneakers,2,2499,20,3998.4,Card,4.9,Cancelled
ORD03339,2025-12-24,C1447,Male,49,Chennai,Bottom,Trousers,3,1499,10,4047.3,Card,4.5,Cancelled
ORD03340,2025-08-29,C1675,Male,42,Bengaluru,Top,T-Shirt,3,999,15,2547.45,Net Banking,4.2,Delivered
ORD03341,2025-11-06,C1279,Male,38,Pune,Shoes,Heels,1,499,10,449.1,Cash,4.4,Delivered
ORD03342,2025-03-10,C1543,Female,53,Chennai,Accessories,Handbag,2,999,15,1698.3,Net Banking,4.6,Cancelled
ORD03343,2025-07-02,C1314,Female,43,Pune,Shoes,Heels,1,2999,20,2399.2,Net Banking,4.1,Returned
ORD03344,2025-03-08,C1398,Male,26,Bengaluru,Dress,Floral Dress,1,499,0,499.0,Cash,4.3,Cancelled
ORD03345,2025-06-26,C1596,Female,21,Hyderabad,Bottom,Jeans,1,2999,5,2849.05,Cash,4.8,Cancelled
ORD03346,2025-05-22,C1656,Male,48,Bengaluru,Top,Shirt,4,999,5,3796.2,Cash,4.0,Delivered
ORD03347,2025-06-15,C1469,Male,49,Delhi,Shoes,Sandals,4,2499,10,8996.4,Cash,4.7,Cancelled
ORD03348,2025-10-10,C1849,Female,44,Bengaluru,Top,Shirt,1,799,5,759.05,UPI,4.9,Delivered
ORD03349,2025-10-29,C1769,Male,35,Hyderabad,Shoes,Heels,2,2999,5,5698.1,Net Banking,4.8,Returned
ORD03350,2025-10-27,C1973,Male,27,Pune,Top,T-Shirt,4,1499,10,5396.4,Card,4.5,Cancelled
ORD03351,2025-10-14,C1268,Male,39,Hyderabad,Accessories,Watch,3,499,15,1272.45,UPI,3.5,Delivered
ORD03352,2025-06-13,C1226,Female,22,Chennai,Bottom,Jeans,4,1999,10,7196.4,Card,4.2,Cancelled
ORD03353,2025-11-11,C1291,Female,22,Delhi,Accessories,Watch,4,2499,5,9496.2,Card,4.0,Cancelled
ORD03354,2025-07-01,C1144,Male,43,Mumbai,Shoes,Sandals,2,499,10,898.2,Card,3.6,Returned
ORD03355,2025-09-11,C1193,Female,27,Hyderabad,Shoes,Sneakers,1,1999,20,1599.2,Card,4.2,Cancelled
ORD03356,2025-01-22,C1293,Male,22,Bengaluru,Shoes,Heels,2,2499,5,4748.1,UPI,4.5,Returned
ORD03357,2025-07-11,C1298,Female,23,Hyderabad,Dress,Floral Dress,2,2999,5,5698.1,Cash,3.6,Delivered
ORD03358,2025-11-19,C1619,Male,23,Mumbai,Shoes,Sandals,4,499,5,1896.2,Net Banking,4.5,Cancelled
ORD03359,2025-05-04,C1952,Female,49,Chennai,Accessories,Handbag,2,2499,0,4998.0,Net Banking,3.5,Returned
ORD03360,2025-08-22,C1386,Female,40,Delhi,Shoes,Heels,4,799,15,2716.6,Cash,4.0,Returned
ORD03361,2025-06-19,C1825,Female,30,Delhi,Accessories,Handbag,2,999,20,1598.4,UPI,3.7,Delivered
ORD03362,2025-07-10,C1210,Male,21,Hyderabad,Dress,Floral Dress,4,1999,5,7596.2,Card,4.4,Delivered
ORD03363,2025-02-05,C1318,Female,39,Chennai,Top,T-Shirt,1,799,10,719.1,UPI,4.5,Returned
ORD03364,2025-08-05,C1014,Female,46,Delhi,Dress,Floral Dress,4,999,0,3996.0,UPI,4.1,Returned
ORD03365,2025-03-22,C1109,Female,36,Hyderabad,Dress,Kurti,3,999,20,2397.6,Card,4.2,Cancelled
ORD03366,2025-01-28,C1178,Female,21,Bengaluru,Bottom,Trousers,2,1499,20,2398.4,Cash,4.2,Returned
ORD03367,2025-07-04,C1519,Male,47,Bengaluru,Top,Shirt,2,2499,0,4998.0,UPI,3.7,Delivered
ORD03368,2025-10-14,C1617,Male,55,Chennai,Bottom,Trousers,2,1999,10,3598.2,Cash,4.3,Cancelled
ORD03369,2025-02-04,C1767,Female,38,Bengaluru,Bottom,Jeans,4,2499,10,8996.4,Cash,4.4,Returned
ORD03370,2025-01-04,C1030,Female,22,Delhi,Shoes,Heels,3,799,5,2277.15,Card,4.7,Returned
ORD03371,2025-05-11,C1505,Male,22,Hyderabad,Top,Crop Top,4,1499,20,4796.8,Net Banking,4.0,Returned
ORD03372,2025-12-17,C1308,Female,46,Pune,Accessories,Scarf,3,2999,0,8997.0,Card,3.7,Returned
ORD03373,2025-12-24,C1028,Male,37,Chennai,Shoes,Sneakers,3,499,5,1422.15,UPI,4.9,Returned
ORD03374,2025-12-25,C1871,Female,20,Chennai,Shoes,Sandals,1,2999,15,2549.15,Card,3.9,Delivered
ORD03375,2025-09-07,C1601,Male,23,Bengaluru,Shoes,Sneakers,2,2499,10,4498.2,Cash,3.5,Returned
ORD03376,2025-04-02,C1734,Male,26,Hyderabad,Shoes,Heels,2,1499,10,2698.2,Net Banking,3.9,Returned
ORD03377,2025-07-20,C1533,Male,40,Delhi,Accessories,Watch,1,999,0,999.0,Net Banking,4.1,Delivered
ORD03378,2025-08-04,C1424,Female,20,Hyderabad,Bottom,Leggings,4,2499,15,8496.6,Card,3.6,Returned
ORD03379,2025-07-09,C1321,Male,44,Pune,Top,Shirt,3,1499,0,4497.0,UPI,4.0,Delivered
ORD03380,2025-05-14,C1928,Female,22,Hyderabad,Top,Crop Top,3,1499,5,4272.15,Card,3.8,Returned
ORD03381,2025-03-16,C1656,Female,54,Bengaluru,Shoes,Sandals,4,499,20,1596.8,Cash,3.7,Cancelled
ORD03382,2025-10-20,C1771,Female,30,Pune,Shoes,Sandals,4,1999,10,7196.4,Net Banking,4.3,Delivered
ORD03383,2025-04-15,C1398,Male,29,Delhi,Dress,Maxi Dress,2,1499,0,2998.0,UPI,3.9,Returned
ORD03384,2025-05-25,C1415,Male,25,Bengaluru,Bottom,Jeans,2,499,0,998.0,Net Banking,3.7,Delivered
ORD03385,2025-05-05,C1477,Male,51,Delhi,Dress,Kurti,1,1999,20,1599.2,Cash,4.8,Delivered
ORD03386,2025-01-07,C1423,Male,40,Bengaluru,Shoes,Sneakers,4,2999,5,11396.2,Net Banking,3.8,Delivered
ORD03387,2025-05-29,C1170,Female,22,Pune,Bottom,Leggings,4,999,15,3396.6,Cash,4.4,Delivered
ORD03388,2025-03-07,C1315,Male,46,Delhi,Dress,Floral Dress,2,1499,5,2848.1,Net Banking,3.5,Delivered
ORD03389,2025-02-11,C1118,Male,18,Mumbai,Bottom,Jeans,2,2999,10,5398.2,UPI,4.8,Cancelled
ORD03390,2025-12-05,C1068,Female,30,Chennai,Shoes,Sandals,3,1999,15,5097.45,UPI,4.9,Cancelled
ORD03391,2025-11-05,C1030,Male,43,Bengaluru,Dress,Floral Dress,2,1999,0,3998.0,Net Banking,4.2,Returned
ORD03392,2025-11-29,C1252,Male,44,Delhi,Top,Shirt,3,1499,5,4272.15,Cash,4.3,Returned
ORD03393,2025-03-30,C1683,Female,19,Mumbai,Dress,Floral Dress,2,2499,15,4248.3,Net Banking,4.4,Returned
ORD03394,2025-03-21,C1727,Female,39,Mumbai,Top,Shirt,2,2499,0,4998.0,Net Banking,4.5,Cancelled
ORD03395,2025-06-25,C1048,Male,21,Delhi,Bottom,Leggings,4,2999,0,11996.0,Net Banking,4.4,Cancelled
ORD03396,2025-07-23,C1337,Male,36,Hyderabad,Shoes,Sandals,1,1499,0,1499.0,Cash,3.7,Cancelled
ORD03397,2025-05-02,C1519,Male,18,Chennai,Accessories,Handbag,3,799,20,1917.6,UPI,4.9,Returned
ORD03398,2025-10-22,C1091,Male,43,Chennai,Dress,Maxi Dress,4,1499,15,5096.6,UPI,4.1,Returned
ORD03399,2025-03-27,C1981,Male,42,Pune,Bottom,Leggings,4,2999,10,10796.4,Cash,3.7,Cancelled
ORD03400,2025-10-15,C1876,Female,55,Delhi,Bottom,Trousers,1,2999,5,2849.05,Card,4.3,Cancelled
ORD03401,2025-07-29,C1884,Female,22,Chennai,Bottom,Trousers,3,1499,15,3822.45,Card,4.8,Cancelled
ORD03402,2025-01-18,C1724,Male,41,Hyderabad,Accessories,Watch,3,2499,10,6747.3,Cash,3.5,Cancelled
ORD03403,2025-04-17,C1577,Female,55,Mumbai,Shoes,Sandals,4,1999,5,7596.2,Net Banking,3.7,Delivered
ORD03404,2025-01-16,C1425,Female,24,Hyderabad,Dress,Kurti,3,499,5,1422.15,Cash,4.5,Cancelled
ORD03405,2025-01-22,C1958,Female,26,Pune,Top,Shirt,1,2499,20,1999.2,Card,4.2,Delivered
ORD03406,2025-02-04,C1161,Male,54,Hyderabad,Top,Crop Top,2,1999,20,3198.4,Net Banking,3.7,Returned
ORD03407,2025-04-13,C1662,Female,32,Delhi,Shoes,Heels,2,1499,5,2848.1,Cash,4.9,Cancelled
ORD03408,2025-11-24,C1103,Male,40,Bengaluru,Top,Shirt,3,1499,15,3822.45,Cash,3.5,Returned
ORD03409,2025-05-14,C1400,Female,30,Hyderabad,Bottom,Jeans,4,1499,15,5096.6,Card,3.6,Delivered
ORD03410,2025-08-06,C1915,Female,33,Chennai,Shoes,Heels,1,1999,10,1799.1,UPI,3.9,Returned
ORD03411,2025-03-24,C1338,Male,24,Mumbai,Accessories,Scarf,4,1999,0,7996.0,Card,3.6,Returned
ORD03412,2025-01-25,C1702,Male,54,Delhi,Shoes,Sneakers,3,999,15,2547.45,UPI,4.7,Returned
ORD03413,2025-11-08,C1806,Female,18,Pune,Dress,Floral Dress,3,1499,0,4497.0,UPI,4.7,Delivered
ORD03414,2025-09-17,C1960,Female,34,Bengaluru,Accessories,Scarf,1,499,15,424.15,Net Banking,3.8,Cancelled
ORD03415,2025-07-25,C1771,Male,54,Chennai,Top,Crop Top,3,2499,15,6372.45,UPI,3.9,Cancelled
ORD03416,2025-06-12,C1969,Female,49,Pune,Accessories,Watch,1,799,0,799.0,Card,4.4,Delivered
ORD03417,2025-12-05,C1554,Female,29,Delhi,Dress,Floral Dress,1,999,10,899.1,UPI,3.7,Delivered
ORD03418,2025-01-08,C1591,Female,28,Chennai,Dress,Kurti,1,799,10,719.1,Cash,4.4,Delivered
ORD03419,2025-10-29,C1037,Male,26,Mumbai,Top,Shirt,4,1999,20,6396.8,Net Banking,4.6,Cancelled
ORD03420,2025-11-20,C1396,Male,51,Hyderabad,Shoes,Heels,4,2999,15,10196.6,Cash,3.6,Delivered
ORD03421,2025-08-29,C1563,Male,52,Bengaluru,Top,Shirt,1,2499,5,2374.05,Cash,4.3,Returned
ORD03422,2025-03-24,C1707,Male,46,Chennai,Top,T-Shirt,1,1999,5,1899.05,UPI,4.1,Delivered
ORD03423,2025-08-30,C1125,Female,37,Hyderabad,Shoes,Heels,2,1999,5,3798.1,UPI,4.8,Cancelled
ORD03424,2025-08-29,C1521,Female,21,Delhi,Bottom,Jeans,2,799,0,1598.0,Net Banking,3.6,Returned
ORD03425,2025-12-27,C1801,Male,20,Mumbai,Shoes,Heels,4,499,20,1596.8,UPI,3.7,Delivered
ORD03426,2025-07-03,C1515,Male,33,Chennai,Accessories,Watch,3,2999,15,7647.45,UPI,3.9,Delivered
ORD03427,2025-02-26,C1608,Male,35,Hyderabad,Shoes,Sneakers,4,1499,15,5096.6,Net Banking,4.3,Cancelled
ORD03428,2025-07-27,C1288,Female,48,Delhi,Top,Shirt,3,999,15,2547.45,Cash,3.6,Delivered
ORD03429,2025-07-01,C1454,Female,37,Chennai,Bottom,Leggings,2,1499,10,2698.2,Card,4.6,Returned
ORD03430,2025-01-25,C1724,Male,51,Delhi,Top,Crop Top,4,2499,20,7996.8,UPI,4.4,Delivered
ORD03431,2025-10-06,C1885,Female,22,Delhi,Dress,Maxi Dress,4,1499,5,5696.2,Net Banking,4.7,Returned
ORD03432,2025-01-31,C1676,Female,52,Pune,Bottom,Trousers,4,1499,0,5996.0,Card,4.5,Cancelled
ORD03433,2025-01-31,C1181,Female,38,Hyderabad,Top,T-Shirt,2,999,15,1698.3,Net Banking,4.0,Delivered
ORD03434,2025-12-19,C1246,Male,52,Hyderabad,Top,Crop Top,3,2499,10,6747.3,Card,4.1,Delivered
ORD03435,2025-08-20,C1054,Female,22,Delhi,Bottom,Trousers,3,799,10,2157.3,Cash,4.7,Cancelled
ORD03436,2025-01-04,C1843,Male,28,Delhi,Shoes,Sandals,2,1499,5,2848.1,Card,4.3,Returned
ORD03437,2025-07-19,C1791,Male,50,Chennai,Dress,Maxi Dress,1,2499,20,1999.2,Net Banking,4.6,Cancelled
ORD03438,2025-04-03,C1975,Male,48,Pune,Shoes,Sandals,3,1499,15,3822.45,Card,4.6,Cancelled
ORD03439,2025-12-22,C1189,Female,51,Pune,Accessories,Watch,3,1499,20,3597.6,Card,4.6,Delivered
ORD03440,2025-02-16,C1790,Male,32,Mumbai,Accessories,Handbag,2,2499,20,3998.4,UPI,4.9,Returned
ORD03441,2025-02-18,C1933,Female,35,Delhi,Top,Shirt,2,2499,20,3998.4,Cash,3.9,Returned
ORD03442,2025-05-03,C1087,Female,18,Pune,Dress,Kurti,2,999,20,1598.4,Card,4.8,Returned
ORD03443,2025-08-09,C1486,Male,38,Chennai,Shoes,Sneakers,1,799,5,759.05,Cash,4.3,Cancelled
ORD03444,2025-07-04,C1453,Male,45,Hyderabad,Dress,Maxi Dress,4,1999,20,6396.8,Net Banking,4.9,Cancelled
ORD03445,2025-08-02,C1176,Female,52,Delhi,Top,T-Shirt,2,799,10,1438.2,Net Banking,3.6,Returned
ORD03446,2025-09-26,C1843,Male,31,Pune,Top,Shirt,4,1499,0,5996.0,Card,4.5,Returned
ORD03447,2025-11-24,C1296,Female,47,Chennai,Accessories,Watch,2,1999,20,3198.4,Card,4.7,Returned
ORD03448,2025-10-11,C1300,Female,20,Pune,Top,T-Shirt,4,799,5,3036.2,Net Banking,3.5,Delivered
ORD03449,2025-07-27,C1319,Male,50,Delhi,Shoes,Sneakers,1,799,5,759.05,Net Banking,4.6,Returned
ORD03450,2025-11-30,C1724,Male,20,Mumbai,Accessories,Handbag,1,1499,5,1424.05,UPI,3.9,Delivered
ORD03451,2025-03-15,C1536,Female,41,Delhi,Dress,Maxi Dress,4,799,15,2716.6,Cash,4.1,Delivered
ORD03452,2025-07-13,C1155,Male,54,Delhi,Bottom,Jeans,3,1499,20,3597.6,UPI,4.9,Delivered
ORD03453,2025-07-15,C1748,Female,20,Chennai,Dress,Kurti,3,1999,15,5097.45,UPI,3.6,Delivered
ORD03454,2025-02-23,C1452,Female,39,Mumbai,Shoes,Sneakers,3,1499,20,3597.6,UPI,3.5,Cancelled
ORD03455,2025-08-02,C1398,Female,52,Hyderabad,Shoes,Sneakers,3,999,0,2997.0,Cash,4.9,Returned
ORD03456,2025-04-01,C1933,Female,27,Mumbai,Shoes,Sneakers,2,499,15,848.3,Card,4.0,Returned
ORD03457,2025-02-04,C1657,Male,47,Mumbai,Bottom,Trousers,3,2999,0,8997.0,Cash,4.2,Delivered
ORD03458,2025-08-11,C1455,Male,34,Hyderabad,Top,T-Shirt,1,999,0,999.0,Cash,4.8,Delivered
ORD03459,2025-02-11,C1260,Female,54,Delhi,Top,Crop Top,2,2999,0,5998.0,Cash,4.2,Returned
ORD03460,2025-01-03,C1840,Male,50,Chennai,Dress,Floral Dress,2,999,20,1598.4,UPI,3.8,Returned
ORD03461,2025-07-20,C1560,Male,25,Mumbai,Top,T-Shirt,3,799,0,2397.0,Net Banking,4.8,Cancelled
ORD03462,2025-09-02,C1754,Male,26,Delhi,Shoes,Sneakers,3,499,10,1347.3,UPI,4.6,Delivered
ORD03463,2025-12-19,C1768,Male,41,Pune,Accessories,Watch,2,499,5,948.1,Card,4.7,Returned
ORD03464,2025-05-03,C1574,Male,50,Delhi,Bottom,Trousers,4,2999,5,11396.2,Cash,4.7,Delivered
ORD03465,2025-10-27,C1606,Female,27,Chennai,Top,Shirt,4,999,10,3596.4,Cash,3.8,Cancelled
ORD03466,2025-11-24,C1260,Male,36,Hyderabad,Accessories,Handbag,2,799,0,1598.0,Net Banking,4.3,Cancelled
ORD03467,2025-06-20,C1997,Male,35,Chennai,Top,T-Shirt,1,1999,10,1799.1,Net Banking,4.7,Cancelled
ORD03468,2025-03-06,C1933,Male,47,Bengaluru,Dress,Maxi Dress,1,2999,10,2699.1,Card,3.7,Delivered
ORD03469,2025-08-29,C1586,Male,54,Pune,Dress,Kurti,1,1499,10,1349.1,UPI,3.9,Returned
ORD03470,2025-12-30,C1262,Female,43,Hyderabad,Dress,Maxi Dress,3,2999,0,8997.0,Cash,3.5,Cancelled
ORD03471,2025-05-23,C1613,Female,43,Bengaluru,Shoes,Heels,4,2999,5,11396.2,UPI,4.2,Returned
ORD03472,2025-08-29,C1269,Male,27,Pune,Top,T-Shirt,4,1499,0,5996.0,UPI,4.7,Cancelled
ORD03473,2025-11-24,C1157,Female,26,Hyderabad,Dress,Floral Dress,4,1999,20,6396.8,Cash,3.8,Delivered
ORD03474,2025-01-10,C1140,Female,39,Bengaluru,Bottom,Jeans,2,2999,10,5398.2,Net Banking,3.7,Returned
ORD03475,2025-10-14,C1957,Male,31,Chennai,Top,Crop Top,4,1499,20,4796.8,UPI,3.9,Returned
ORD03476,2025-03-18,C1267,Male,33,Delhi,Top,Shirt,4,1999,0,7996.0,Card,4.2,Returned
ORD03477,2025-11-10,C1225,Male,31,Hyderabad,Shoes,Heels,2,1999,20,3198.4,Cash,3.8,Delivered
ORD03478,2025-12-01,C1550,Female,30,Mumbai,Accessories,Watch,2,2499,15,4248.3,Net Banking,3.6,Delivered
ORD03479,2025-11-05,C1500,Female,47,Delhi,Bottom,Trousers,1,499,0,499.0,Cash,3.9,Cancelled
ORD03480,2025-10-29,C1975,Male,54,Bengaluru,Shoes,Sneakers,4,2999,15,10196.6,Net Banking,3.6,Cancelled
ORD03481,2025-06-22,C1588,Female,46,Mumbai,Dress,Kurti,3,999,15,2547.45,Net Banking,5.0,Delivered
ORD03482,2025-08-29,C1210,Female,52,,Dress,Kurti,2,2999,10,5398.2,UPI,3.5,Delivered
ORD03483,2025-09-12,C1989,Female,45,Hyderabad,Accessories,Scarf,1,999,0,999.0,Cash,4.6,Delivered
ORD03484,2025-09-15,C1676,Female,47,Pune,Dress,Maxi Dress,2,2999,0,5998.0,Net Banking,4.8,Cancelled
ORD03485,2025-04-29,C1420,Male,37,Pune,Accessories,Handbag,4,999,20,3196.8,UPI,4.2,Delivered
ORD03486,2025-08-03,C1460,Male,27,Bengaluru,Bottom,Trousers,3,1499,20,3597.6,Cash,4.9,Returned
ORD03487,2025-10-28,C1860,Male,28,Bengaluru,Top,Crop Top,1,1999,5,1899.05,Cash,4.8,Cancelled
ORD03488,2025-09-29,C1299,Male,40,Chennai,Top,Shirt,1,1999,15,1699.15,Cash,3.5,Returned
ORD03489,2025-08-02,C1208,Male,51,Delhi,Top,Shirt,2,499,10,898.2,Cash,3.8,Cancelled
ORD03490,2025-11-15,C1854,Female,34,Hyderabad,Shoes,Heels,1,1499,0,1499.0,UPI,4.2,Returned
ORD03491,2025-08-16,C1378,Female,20,Mumbai,Bottom,Jeans,1,499,10,449.1,Card,3.6,Delivered
ORD03492,2025-11-07,C1497,Male,55,Bengaluru,Dress,Kurti,4,999,0,3996.0,Card,4.2,Delivered
ORD03493,2025-04-16,C1760,Female,34,Hyderabad,Accessories,Scarf,3,2499,10,6747.3,Net Banking,3.7,Cancelled
ORD03494,2025-04-10,C1831,Female,44,Chennai,Accessories,Handbag,3,499,20,1197.6,Cash,4.2,Returned
ORD03495,2025-12-26,C1962,Male,48,Pune,Shoes,Sandals,3,1999,15,5097.45,UPI,4.8,Cancelled
ORD03496,2025-08-09,C1709,Female,47,Pune,Bottom,Jeans,2,999,20,1598.4,Cash,3.6,Delivered
ORD03497,2025-12-25,C1020,Female,21,Mumbai,Shoes,Sneakers,1,1499,10,1349.1,Cash,4.9,Returned
ORD03498,2025-07-29,C1698,Female,49,Bengaluru,Dress,Floral Dress,3,499,5,1422.15,Cash,4.9,Delivered
ORD03499,2025-10-22,C1723,Female,24,Bengaluru,Shoes,Sneakers,4,499,5,1896.2,Net Banking,4.8,Delivered
ORD03500,2025-12-23,C1469,Male,54,Chennai,Bottom,Jeans,4,2999,10,10796.4,UPI,3.8,Cancelled
ORD03501,2025-03-11,C1955,Male,46,Pune,Bottom,Jeans,1,1499,15,1274.15,Card,4.2,Cancelled
ORD03502,2025-04-29,C1588,Male,38,Hyderabad,Bottom,Leggings,2,499,15,848.3,Cash,4.5,Returned
ORD03503,2025-05-25,C1393,Female,50,Mumbai,Bottom,Leggings,2,999,15,1698.3,UPI,3.6,Cancelled
ORD03504,2025-12-26,C1359,Male,29,Bengaluru,Top,Shirt,1,1499,0,1499.0,UPI,4.0,Delivered
ORD03505,2025-03-21,C1811,Male,45,Bengaluru,Bottom,Jeans,4,799,0,3196.0,Net Banking,4.8,Returned
ORD03506,2025-11-22,C1183,Female,28,Chennai,Shoes,Heels,3,2499,0,7497.0,UPI,4.0,Cancelled
ORD03507,2025-03-27,C1967,Female,22,Bengaluru,Shoes,Sandals,3,799,10,2157.3,UPI,3.8,Returned
ORD03508,2025-08-20,C1229,Male,25,Mumbai,Accessories,Handbag,2,1999,0,3998.0,Net Banking,4.9,Returned
ORD03509,2025-07-10,C1136,Female,25,Delhi,Accessories,Scarf,4,999,10,3596.4,UPI,4.0,Delivered
ORD03510,2025-01-05,C1372,Male,41,Pune,Shoes,Sneakers,3,2499,10,6747.3,Net Banking,5.0,Cancelled
ORD03511,2025-06-25,C1950,Female,29,Delhi,Shoes,Heels,3,499,5,1422.15,Net Banking,4.7,Cancelled
ORD03512,2025-07-16,C1663,Male,39,Chennai,Top,Shirt,2,999,15,1698.3,Cash,3.5,Delivered
ORD03513,2025-08-17,C1711,Female,22,Hyderabad,Bottom,Jeans,4,2999,20,9596.8,Card,4.8,Returned
ORD03514,2025-03-30,C1465,Male,35,Delhi,Accessories,Watch,3,799,0,2397.0,Cash,4.8,Cancelled
ORD03515,2025-03-23,C1114,Male,35,Bengaluru,Dress,Kurti,1,1999,15,1699.15,UPI,4.1,Returned
ORD03516,2025-12-25,C1823,Female,39,Mumbai,Bottom,Trousers,4,499,10,1796.4,Card,3.7,Delivered
ORD03517,2025-12-13,C1522,Male,18,Pune,Top,Crop Top,3,2999,15,7647.45,Cash,3.6,Cancelled
ORD03518,2025-05-20,C1044,Female,33,Bengaluru,Dress,Floral Dress,4,499,20,1596.8,Cash,4.3,Cancelled
ORD03519,2025-11-04,C1255,Male,18,Hyderabad,Dress,Floral Dress,4,1999,0,7996.0,UPI,4.2,Returned
ORD03520,2025-03-03,C1274,Male,30,Mumbai,Accessories,Scarf,1,999,20,799.2,Cash,,Cancelled
ORD03521,2025-01-25,C1347,Female,32,Delhi,Dress,Maxi Dress,1,1999,0,1999.0,Net Banking,4.5,Cancelled
ORD03522,2025-02-19,C1420,Female,54,Delhi,Accessories,Handbag,2,499,5,948.1,Net Banking,5.0,Delivered
ORD03523,2025-08-18,C1849,Female,34,Mumbai,Top,Crop Top,1,799,10,719.1,UPI,4.9,Delivered
ORD03524,2025-05-17,C1636,Female,55,Chennai,Bottom,Trousers,2,1499,5,2848.1,Cash,3.6,Cancelled
ORD03525,2025-05-06,C1229,Male,34,Chennai,Dress,Floral Dress,4,499,20,1596.8,Net Banking,3.7,Returned
ORD03526,2025-07-20,C1362,Female,50,Chennai,Shoes,Sandals,3,1499,0,4497.0,UPI,4.6,Delivered
ORD03527,2025-09-14,C1583,Female,36,Chennai,Dress,Maxi Dress,3,2999,0,8997.0,UPI,4.0,Returned
ORD03528,2025-12-28,C1954,Female,30,Mumbai,Bottom,Leggings,1,1999,15,1699.15,Card,3.7,Delivered
ORD03529,2025-07-17,C1260,Male,29,Bengaluru,Dress,Maxi Dress,2,999,20,1598.4,UPI,4.9,Delivered
ORD03530,2025-07-23,C1121,Male,38,Hyderabad,Accessories,Watch,3,1499,10,4047.3,Card,4.0,Cancelled
ORD03531,2025-11-21,C1835,Female,27,Chennai,Top,Shirt,1,1999,5,1899.05,Net Banking,4.1,Cancelled
ORD03532,2025-11-10,C1392,Female,42,Hyderabad,Accessories,Watch,1,1999,5,1899.05,Card,3.5,Delivered
ORD03533,2025-08-12,C1704,Male,26,Mumbai,Bottom,Trousers,4,2999,5,11396.2,Net Banking,4.9,Cancelled
ORD03534,2025-05-11,C1125,Male,40,Delhi,Top,T-Shirt,2,1499,10,2698.2,Net Banking,3.8,Cancelled
ORD03535,2025-08-21,C1509,Male,19,Bengaluru,Dress,Floral Dress,2,1999,0,3998.0,Card,3.6,Cancelled
ORD03536,2025-10-20,C1293,Female,47,Mumbai,Bottom,Leggings,1,799,15,679.15,Cash,4.5,Cancelled
ORD03537,2025-11-15,C1074,Male,31,Mumbai,Top,Shirt,1,2999,10,2699.1,Card,4.5,Cancelled
ORD03538,2025-10-21,C1652,Male,45,Bengaluru,Dress,Kurti,4,2999,15,10196.6,Net Banking,4.9,Cancelled
ORD03539,2025-12-31,C1948,Male,23,Chennai,Bottom,Leggings,4,2499,5,9496.2,UPI,4.6,Returned
ORD03540,2025-08-28,C1866,Male,43,Pune,Dress,Kurti,2,1999,10,3598.2,UPI,3.9,Cancelled
ORD03541,2025-06-27,C1659,Male,30,Chennai,Accessories,Watch,4,2499,15,8496.6,Cash,4.7,Delivered
ORD03542,2025-03-08,C1137,Female,26,Delhi,Top,Shirt,2,1999,5,3798.1,Net Banking,4.9,Returned
ORD03543,2025-12-12,C1347,Male,28,Pune,Shoes,Sneakers,4,1499,10,5396.4,Cash,4.0,Delivered
ORD03544,2025-01-18,C1232,Female,30,Hyderabad,Dress,Floral Dress,3,1999,10,5397.3,Card,4.1,Cancelled
ORD03545,2025-04-01,C1830,Male,36,Bengaluru,Shoes,Sandals,4,1999,20,6396.8,Cash,4.8,Cancelled
ORD03546,2025-06-09,C1457,Female,21,Bengaluru,Accessories,Scarf,2,999,20,1598.4,Card,4.7,Cancelled
ORD03547,2025-01-28,C1153,Female,37,Bengaluru,Accessories,Handbag,3,799,5,2277.15,UPI,4.5,Returned
ORD03548,2025-09-26,C1680,Male,51,Hyderabad,Shoes,Sandals,3,1499,15,3822.45,Net Banking,4.5,Delivered
ORD03549,2025-06-16,C1633,Female,38,Hyderabad,Shoes,Sandals,1,2999,5,2849.05,Card,4.8,Cancelled
ORD03550,2025-11-20,C1340,Male,23,Hyderabad,Dress,Floral Dress,3,2499,15,6372.45,Cash,3.8,Returned
ORD03551,2025-12-12,C1201,Female,40,Delhi,Top,Shirt,4,1999,15,6796.6,Net Banking,3.7,Cancelled
ORD03552,2025-11-20,C1157,Male,19,Pune,Shoes,Sandals,1,2499,15,2124.15,UPI,4.3,Delivered
ORD03553,2025-12-08,C1426,Male,43,Mumbai,Dress,Floral Dress,3,799,20,1917.6,Cash,4.7,Delivered
ORD03554,2025-10-26,C1785,Male,54,Chennai,Bottom,Leggings,3,1999,10,5397.3,Net Banking,3.7,Returned
ORD03555,2025-05-16,C1646,Female,50,Chennai,Dress,Kurti,1,2499,20,1999.2,Net Banking,3.5,Delivered
ORD03556,2025-12-21,C1603,Female,45,Delhi,Bottom,Jeans,2,1499,10,2698.2,Card,4.8,Cancelled
ORD03557,2025-06-26,C1117,Female,25,Hyderabad,Bottom,Trousers,2,2999,0,5998.0,Net Banking,4.9,Delivered
ORD03558,2025-05-12,C1210,Male,38,Mumbai,Bottom,Jeans,2,2499,5,4748.1,Net Banking,4.8,Returned
ORD03559,2025-04-19,C1256,Male,42,Delhi,Bottom,Trousers,4,2499,15,8496.6,Net Banking,4.2,Returned
ORD03560,2025-10-30,C1448,Male,34,Pune,Dress,Floral Dress,1,499,10,449.1,Net Banking,4.6,Returned
ORD03561,2025-07-31,C1087,Male,48,Delhi,Dress,Kurti,2,2999,20,4798.4,Net Banking,3.5,Returned
ORD03562,2025-02-16,C1470,Male,28,Delhi,Shoes,Sandals,4,2999,10,10796.4,Card,4.2,Returned
ORD03563,2025-06-28,C1775,Male,42,Hyderabad,Shoes,Heels,2,2999,0,5998.0,Cash,3.8,Cancelled
ORD03564,2025-07-14,C1501,Male,38,Chennai,Top,Shirt,3,1999,15,5097.45,UPI,4.6,Returned
ORD03565,2025-12-19,C1229,Female,47,Bengaluru,Accessories,Handbag,1,2499,15,2124.15,Cash,3.8,Cancelled
ORD03566,2025-11-09,C1714,Male,43,Chennai,Shoes,Sandals,1,799,15,679.15,Card,3.6,Delivered
ORD03567,2025-12-24,C1305,Female,32,Hyderabad,Accessories,Watch,2,2999,15,5098.3,UPI,4.0,Cancelled
ORD03568,2025-01-09,C1063,Female,30,Bengaluru,Bottom,Jeans,3,1499,15,3822.45,Card,3.8,Cancelled
ORD03569,2025-01-29,C1456,Female,21,Delhi,Dress,Floral Dress,3,2499,0,7497.0,UPI,4.1,Delivered
ORD03570,2025-12-19,C1746,Female,33,Hyderabad,Top,Crop Top,3,2999,5,8547.15,Net Banking,4.8,Returned
ORD03571,2025-10-06,C1401,Female,47,Bengaluru,Top,Shirt,2,2999,20,4798.4,UPI,4.0,Returned
ORD03572,2025-12-22,C1601,Female,24,Delhi,Bottom,Leggings,1,1499,0,1499.0,Cash,5.0,Cancelled
ORD03573,2025-10-21,C1253,Male,24,Mumbai,Accessories,Handbag,4,499,0,1996.0,Card,4.5,Returned
ORD03574,2025-03-22,C1065,Male,45,Hyderabad,Accessories,Scarf,2,1499,10,2698.2,Cash,4.1,Delivered
ORD03575,2025-02-04,C1538,Female,29,Chennai,Bottom,Leggings,4,499,5,1896.2,Cash,4.6,Delivered
ORD03576,2025-12-08,C1928,Female,39,Hyderabad,Accessories,Watch,4,2999,0,11996.0,Card,4.2,Delivered
ORD03577,2025-06-15,C1569,Female,19,Bengaluru,Top,Crop Top,3,999,5,2847.15,Card,4.5,Delivered
ORD03578,2025-07-02,C1973,Male,52,Bengaluru,Top,T-Shirt,2,1999,5,3798.1,Net Banking,4.7,Delivered
ORD03579,2025-06-03,C1496,Male,44,Hyderabad,Bottom,Trousers,2,999,20,1598.4,Cash,4.5,Cancelled
ORD03580,2025-08-21,C1700,Male,51,Mumbai,Shoes,Heels,4,999,10,3596.4,UPI,4.0,Delivered
ORD03581,2025-01-26,C1957,Female,38,Bengaluru,Dress,Kurti,3,2499,0,7497.0,Cash,4.3,Returned
ORD03582,2025-06-13,C1542,Male,24,Pune,Dress,Kurti,3,1999,0,5997.0,Net Banking,4.5,Returned
ORD03583,2025-10-29,C1217,Female,52,Chennai,Accessories,Watch,3,999,15,2547.45,Net Banking,4.2,Returned
ORD03584,2025-04-23,C1239,Female,46,Bengaluru,Top,Shirt,3,1499,10,4047.3,Cash,3.9,Cancelled
ORD03585,2025-03-17,C1159,Female,28,Hyderabad,Accessories,Watch,2,799,15,1358.3,UPI,4.4,Cancelled
ORD03586,2025-04-16,C1562,Female,33,Delhi,Dress,Maxi Dress,1,799,5,759.05,Cash,4.2,Delivered
ORD03587,2025-11-21,C1003,Female,48,Mumbai,Bottom,Jeans,1,1999,10,1799.1,Net Banking,3.5,Delivered
ORD03588,2025-07-01,C1972,Female,46,Mumbai,Accessories,Watch,4,799,20,2556.8,Net Banking,3.6,Returned
ORD03589,2025-02-17,C1449,Female,49,Chennai,Dress,Kurti,3,1999,0,5997.0,Card,4.4,Returned
ORD03590,2025-09-27,C1358,Female,37,Hyderabad,Shoes,Heels,2,1999,15,3398.3,Cash,4.5,Cancelled
ORD03591,2025-11-10,C1548,Female,34,Delhi,Bottom,Leggings,1,799,0,799.0,Net Banking,4.7,Delivered
ORD03592,2025-09-02,C1488,Female,35,Mumbai,Shoes,Sneakers,3,799,10,2157.3,Net Banking,4.2,Cancelled
ORD03593,2025-08-22,C1455,Female,42,Pune,Top,T-Shirt,2,799,20,1278.4,UPI,3.9,Cancelled
ORD03594,2025-12-09,C1550,Male,26,Chennai,Accessories,Scarf,4,999,10,3596.4,Card,4.2,Cancelled
ORD03595,2025-06-13,C1293,Female,25,Bengaluru,Dress,Kurti,1,499,10,449.1,Card,4.4,Returned
ORD03596,2025-10-18,C1068,Male,35,Delhi,Bottom,Trousers,3,999,0,2997.0,Card,4.0,Returned
ORD03597,2025-04-30,C1252,Male,44,Delhi,Shoes,Sneakers,4,499,5,1896.2,Card,3.8,Delivered
ORD03598,2025-10-27,C1686,Male,54,Bengaluru,Bottom,Jeans,3,1999,15,5097.45,Card,4.0,Cancelled
ORD03599,2025-09-26,C1501,Female,38,Chennai,Top,Crop Top,1,1999,15,1699.15,Net Banking,4.9,Cancelled
ORD03600,2025-08-06,C1253,Male,55,Bengaluru,Accessories,Handbag,4,799,15,2716.6,Net Banking,4.8,Delivered
ORD03601,2025-07-30,C1027,Female,54,Bengaluru,Accessories,Scarf,2,2999,15,5098.3,Cash,4.8,Returned
ORD03602,2025-08-16,C1721,Male,43,Mumbai,Dress,Floral Dress,3,999,10,2697.3,UPI,4.5,Cancelled
ORD03603,2025-12-20,C1972,Male,43,Delhi,Dress,Floral Dress,4,1999,5,7596.2,Card,4.6,Returned
ORD03604,2025-06-20,C1636,Female,23,Chennai,Accessories,Handbag,3,999,15,2547.45,Cash,3.9,Returned
ORD03605,2025-10-27,C1564,Female,28,Delhi,Shoes,Sneakers,1,1499,15,1274.15,Cash,4.0,Cancelled
ORD03606,2025-12-10,C1512,Female,18,Bengaluru,Dress,Kurti,4,2499,0,9996.0,Cash,5.0,Cancelled
ORD03607,2025-06-23,C1633,Female,27,Bengaluru,Bottom,Jeans,1,999,5,949.05,Card,4.6,Cancelled
ORD03608,2025-04-08,C1872,Male,44,Hyderabad,Bottom,Jeans,4,2499,0,9996.0,Net Banking,4.0,Returned
ORD03609,2025-10-08,C1248,Female,19,Mumbai,Top,T-Shirt,2,1999,0,3998.0,Net Banking,4.0,Cancelled
ORD03610,2025-02-27,C1295,Male,37,Pune,Bottom,Jeans,4,1999,20,6396.8,Card,4.7,Returned
ORD03611,2025-10-17,C1036,Female,51,Mumbai,Dress,Maxi Dress,2,499,15,848.3,UPI,4.5,Returned
ORD03612,2025-09-22,C1951,Male,45,Bengaluru,Accessories,Watch,2,2999,15,5098.3,Card,4.7,Delivered
ORD03613,2025-07-24,C1486,Female,41,Delhi,Accessories,Watch,4,999,15,3396.6,Cash,3.6,Returned
ORD03614,2025-06-13,C1966,Female,48,Chennai,Top,Crop Top,3,999,0,2997.0,Card,4.7,Returned
ORD03615,2025-09-30,C1666,Male,19,Chennai,Dress,Maxi Dress,1,799,10,719.1,Cash,4.5,Returned
ORD03616,2025-05-30,C1774,Female,48,Chennai,Accessories,Watch,2,799,10,1438.2,Card,4.2,Delivered
ORD03617,2025-05-27,C1087,Female,21,Bengaluru,Accessories,Handbag,2,999,0,1998.0,Cash,3.5,Cancelled
ORD03618,2025-03-02,C1438,Male,23,Delhi,Top,T-Shirt,4,1499,0,5996.0,Cash,4.3,Cancelled
ORD03619,2025-05-22,C1451,Female,20,Pune,Shoes,Heels,1,799,10,719.1,UPI,3.5,Returned
ORD03620,2025-03-08,C1641,Female,19,Bengaluru,Bottom,Trousers,3,499,20,1197.6,UPI,4.4,Cancelled
ORD03621,2025-11-29,C1356,Male,32,Chennai,Shoes,Heels,3,1999,5,5697.15,Net Banking,4.0,Delivered
ORD03622,2025-03-26,C1311,Female,38,Hyderabad,Accessories,Handbag,4,999,15,3396.6,UPI,3.7,Returned
ORD03623,2025-06-01,C1892,Male,34,Delhi,Dress,Kurti,2,799,10,1438.2,Net Banking,3.6,Returned
ORD03624,2025-05-14,C1365,Male,55,Chennai,Top,Crop Top,1,2999,0,2999.0,UPI,4.6,Returned
ORD03625,2025-02-23,C1308,Male,54,Bengaluru,Accessories,Scarf,4,1499,5,5696.2,UPI,4.8,Cancelled
ORD03626,2025-01-08,C1975,Male,43,Bengaluru,Shoes,Sneakers,4,799,0,3196.0,UPI,4.2,Delivered
ORD03627,2025-04-03,C1562,Male,41,Pune,Dress,Floral Dress,3,1499,20,3597.6,UPI,3.7,Returned
ORD03628,2025-07-09,C1449,Male,25,Mumbai,Bottom,Leggings,3,1499,15,3822.45,Cash,5.0,Delivered
ORD03629,2025-08-20,C1404,Male,28,Hyderabad,Shoes,Sneakers,2,1499,15,2548.3,Cash,4.4,Returned
ORD03630,2025-01-31,C1646,Female,25,Bengaluru,Accessories,Watch,4,999,10,3596.4,Card,3.6,Cancelled
ORD03631,2025-08-06,C1037,Female,29,Bengaluru,Top,T-Shirt,3,2999,15,7647.45,UPI,3.6,Returned
ORD03632,2025-05-16,C1268,Male,41,Mumbai,Bottom,Leggings,1,1499,10,1349.1,Net Banking,3.6,Returned
ORD03633,2025-05-27,C1745,Female,34,Pune,Bottom,Leggings,2,1999,15,3398.3,UPI,4.6,Delivered
ORD03634,2025-08-08,C1138,Male,30,Hyderabad,Shoes,Sandals,1,999,20,799.2,Card,4.3,Returned
ORD03635,2025-03-30,C1836,Female,44,Pune,Top,Crop Top,4,999,5,3796.2,Net Banking,4.0,Returned
ORD03636,2025-03-29,C1445,Male,30,Delhi,Dress,Maxi Dress,4,999,10,3596.4,Card,3.5,Returned
ORD03637,2025-04-12,C1146,Female,27,Pune,Top,Shirt,3,999,15,2547.45,Card,3.6,Cancelled
ORD03638,2025-10-22,C1683,Female,35,Mumbai,Bottom,Jeans,3,999,0,2997.0,Cash,4.8,Delivered
ORD03639,2025-09-15,C1653,Male,50,Delhi,Shoes,Heels,1,999,15,849.15,Card,4.9,Cancelled
ORD03640,2025-04-07,C1210,Female,20,Chennai,Dress,Maxi Dress,2,1499,0,2998.0,Card,3.7,Cancelled
ORD03641,2025-05-08,C1155,Female,48,Mumbai,Accessories,Handbag,4,1999,0,7996.0,Net Banking,4.6,Delivered
ORD03642,2025-08-08,C1449,Female,45,Hyderabad,Top,T-Shirt,4,799,15,2716.6,Cash,4.2,Cancelled
ORD03643,2025-08-17,C1655,Female,36,Hyderabad,Accessories,Handbag,3,2999,15,7647.45,Card,4.3,Cancelled
ORD03644,2025-09-08,C1354,Female,28,Chennai,Bottom,Leggings,2,2999,0,5998.0,Net Banking,3.8,Returned
ORD03645,2025-11-29,C1432,Female,50,Mumbai,Accessories,Watch,1,2499,10,2249.1,Card,3.8,Delivered
ORD03646,2025-09-05,C1460,Male,39,Mumbai,Top,T-Shirt,4,499,5,1896.2,Cash,4.8,Delivered
ORD03647,2025-06-13,C1814,Male,50,Pune,Top,Crop Top,2,799,5,1518.1,UPI,3.7,Returned
ORD03648,2025-10-03,C1059,Male,32,Hyderabad,Shoes,Heels,1,799,5,759.05,Cash,4.1,Delivered
ORD03649,2025-10-06,C1930,Male,41,Bengaluru,Dress,Floral Dress,3,999,5,2847.15,Card,4.3,Returned
ORD03650,2025-01-07,C1512,Female,29,Mumbai,Dress,Maxi Dress,1,499,15,424.15,Net Banking,4.7,Returned
ORD03651,2025-12-01,C1178,Male,37,Bengaluru,Dress,Maxi Dress,4,499,5,1896.2,Card,4.1,Delivered
ORD03652,2025-02-20,C1965,Male,39,Pune,Bottom,Jeans,2,2999,15,5098.3,Net Banking,4.9,Delivered
ORD03653,2025-09-03,C1864,Female,19,Bengaluru,Dress,Floral Dress,3,499,0,1497.0,Card,4.0,Cancelled
ORD03654,2025-09-02,C1657,Female,29,Bengaluru,Accessories,Scarf,1,499,20,399.2,Net Banking,5.0,Returned
ORD03655,2025-07-20,C1570,Male,25,Delhi,Bottom,Jeans,2,1499,20,2398.4,UPI,3.6,Returned
ORD03656,2025-08-21,C1084,Female,30,Hyderabad,Top,Shirt,2,499,20,798.4,UPI,4.5,Delivered
ORD03657,2025-12-07,C1400,Male,43,Pune,Accessories,Handbag,2,499,0,998.0,Net Banking,4.0,Delivered
ORD03658,2025-06-17,C1914,Female,51,Chennai,Top,Crop Top,3,1499,10,4047.3,Card,4.3,Delivered
ORD03659,2025-06-19,C1961,Male,27,Hyderabad,Top,T-Shirt,4,799,20,2556.8,Card,3.7,Delivered
ORD03660,2025-06-17,C1262,Male,25,Delhi,Top,Crop Top,4,2499,5,9496.2,Card,4.9,Cancelled
ORD03661,2025-09-17,C1549,Female,37,Delhi,Bottom,Leggings,3,999,5,2847.15,Cash,4.5,Returned
ORD03662,2025-05-19,C1771,Female,31,Bengaluru,Accessories,Handbag,1,1499,20,1199.2,Net Banking,3.8,Cancelled
ORD03663,2025-11-23,C1665,Female,19,Delhi,Accessories,Handbag,4,2999,10,10796.4,Cash,4.0,Cancelled
ORD03664,2025-09-13,C1765,Female,20,Hyderabad,Top,Crop Top,4,999,0,3996.0,UPI,3.5,Cancelled
ORD03665,2025-02-09,C1812,Male,41,Hyderabad,Top,T-Shirt,4,2999,5,11396.2,UPI,3.6,Returned
ORD03666,2025-10-25,C1430,Female,19,Pune,Top,T-Shirt,2,499,10,898.2,UPI,4.5,Delivered
ORD03667,2025-04-17,C1334,Male,18,Bengaluru,Bottom,Leggings,1,499,20,399.2,Card,4.5,Delivered
ORD03668,2025-03-08,C1778,Female,43,Mumbai,Shoes,Sneakers,2,499,15,848.3,Card,4.6,Delivered
ORD03669,2025-04-08,C1107,Male,22,Bengaluru,Shoes,Sneakers,3,499,20,1197.6,UPI,4.9,Cancelled
ORD03670,2025-05-09,C1047,Female,25,Hyderabad,Shoes,Sneakers,3,999,15,2547.45,Cash,4.9,Delivered
ORD03671,2025-08-14,C1817,Male,40,Mumbai,Accessories,Handbag,1,499,10,449.1,Net Banking,4.1,Delivered
ORD03672,2025-05-03,C1370,Male,34,Pune,Bottom,Trousers,3,499,15,1272.45,Card,4.7,Cancelled
ORD03673,2025-07-12,C1490,Male,21,Bengaluru,Dress,Floral Dress,2,2999,20,4798.4,Net Banking,4.7,Returned
ORD03674,2025-04-09,C1375,Female,46,Bengaluru,Shoes,Sneakers,2,999,20,1598.4,Cash,3.8,Delivered
ORD03675,2025-06-22,C1196,Male,26,Chennai,Bottom,Trousers,1,999,15,849.15,Net Banking,3.6,Cancelled
ORD03676,2025-03-04,C1323,Female,51,Hyderabad,Accessories,Scarf,4,2499,10,8996.4,UPI,3.7,Returned
ORD03677,2025-02-28,C1095,Male,34,Mumbai,Accessories,Handbag,1,1499,0,1499.0,Cash,4.0,Delivered
ORD03678,2025-08-14,C1222,Male,31,Bengaluru,Top,Shirt,3,999,10,2697.3,UPI,4.9,Cancelled
ORD03679,2025-01-01,C1698,Female,43,Hyderabad,Shoes,Sandals,3,499,20,1197.6,Cash,4.8,Returned
ORD03680,2025-01-03,C1196,Female,18,Pune,Bottom,Trousers,1,1999,10,1799.1,UPI,4.2,Returned
ORD03681,2025-11-29,C1897,Male,25,Pune,Shoes,Sneakers,4,499,15,1696.6,Card,3.7,Returned
ORD03682,2025-09-25,C1646,Male,47,Mumbai,Top,Crop Top,2,2999,0,5998.0,UPI,4.5,Delivered
ORD03683,2025-01-16,C1065,Male,38,Delhi,Bottom,Leggings,4,999,15,3396.6,Card,3.9,Returned
ORD03684,2025-02-08,C1125,Female,35,Mumbai,Dress,Kurti,4,1999,5,7596.2,Cash,4.8,Cancelled
ORD03685,2025-08-31,C1324,Female,43,Bengaluru,Top,Shirt,1,2999,0,2999.0,Card,3.9,Returned
ORD03686,2025-05-31,C1129,Male,23,Bengaluru,Accessories,Handbag,2,799,0,1598.0,Cash,4.5,Returned
ORD03687,2025-05-02,C1285,Female,43,Delhi,Dress,Floral Dress,3,499,10,1347.3,Card,4.4,Delivered
ORD03688,2025-04-30,C1100,Female,35,Hyderabad,Shoes,Heels,4,999,10,3596.4,Cash,3.8,Delivered
ORD03689,2025-12-20,C1902,Male,48,Chennai,Shoes,Sneakers,3,2499,10,6747.3,UPI,3.7,Delivered
ORD03690,2025-12-17,C1012,Female,52,Hyderabad,Bottom,Trousers,4,2499,5,9496.2,UPI,4.4,Cancelled
ORD03691,2025-07-12,C1054,Male,53,Hyderabad,Shoes,Sandals,4,1999,10,7196.4,Card,4.2,Delivered
ORD03692,2025-09-08,C1313,Female,33,Mumbai,Bottom,Jeans,3,2499,10,6747.3,Cash,4.5,Cancelled
ORD03693,2025-09-02,C1035,Male,45,Hyderabad,Top,Shirt,4,799,15,2716.6,Cash,4.6,Delivered
ORD03694,2025-06-13,C1049,Female,18,Hyderabad,Bottom,Jeans,1,2499,15,2124.15,Card,4.7,Returned
ORD03695,2025-10-13,C1586,Female,35,Chennai,Dress,Floral Dress,1,1999,10,1799.1,UPI,4.4,Cancelled
ORD03696,2025-12-03,C1960,Female,20,Hyderabad,Accessories,Watch,2,1999,0,3998.0,Cash,4.0,Returned
ORD03697,2025-03-20,C1399,Female,50,Pune,Accessories,Handbag,1,1999,10,1799.1,Net Banking,4.2,Delivered
ORD03698,2025-11-22,C1097,Male,40,Delhi,Accessories,Scarf,2,999,0,1998.0,UPI,4.1,Cancelled
ORD03699,2025-09-30,C1753,Male,43,Hyderabad,Shoes,Sneakers,4,1999,20,6396.8,Card,3.5,Delivered
ORD03700,2025-03-13,C1899,Male,28,Mumbai,Dress,Floral Dress,1,1499,20,1199.2,Card,4.0,Delivered
ORD03701,2025-01-02,C1844,Male,51,Delhi,Top,Shirt,4,1499,15,5096.6,Net Banking,3.7,Delivered
ORD03702,2025-05-14,C1094,Male,35,Mumbai,Shoes,Sneakers,4,2499,0,9996.0,Net Banking,4.9,Cancelled
ORD03703,2025-04-30,C1716,Female,34,Mumbai,Shoes,Sneakers,2,799,10,1438.2,UPI,4.5,Cancelled
ORD03704,2025-01-18,C1449,Male,48,Delhi,Bottom,Trousers,2,499,20,798.4,UPI,3.9,Returned
ORD03705,2025-06-25,C1051,Female,54,Mumbai,Accessories,Watch,1,1999,20,1599.2,Cash,3.9,Delivered
ORD03706,2025-11-08,C1819,Male,43,Delhi,Dress,Kurti,3,999,20,2397.6,Card,4.2,Returned
ORD03707,2025-11-17,C1101,Female,22,Mumbai,Top,Shirt,3,1499,5,4272.15,Card,3.8,Delivered
ORD03708,2025-04-17,C1051,Male,19,Bengaluru,Top,Shirt,1,499,0,499.0,Cash,3.9,Delivered
ORD03709,2025-10-23,C1285,Female,24,Mumbai,Bottom,Trousers,1,799,10,719.1,Card,4.1,Delivered
ORD03710,2025-10-13,C1495,Male,51,Delhi,Top,T-Shirt,2,2999,5,5698.1,Net Banking,4.9,Delivered
ORD03711,2025-01-07,C1539,Female,53,Bengaluru,Accessories,Watch,2,1999,0,3998.0,Card,3.9,Returned
ORD03712,2025-10-11,C1190,Male,42,Chennai,Accessories,Handbag,1,799,0,799.0,UPI,4.1,Cancelled
ORD03713,2025-11-16,C1237,Male,46,Hyderabad,Dress,Kurti,2,1499,0,2998.0,Cash,4.1,Returned
ORD03714,2025-11-23,C1284,Female,32,Hyderabad,Accessories,Scarf,2,1999,0,3998.0,UPI,3.8,Delivered
ORD03715,2025-07-22,C1173,Female,41,Delhi,Top,T-Shirt,4,499,10,1796.4,Cash,4.4,Delivered
ORD03716,2025-07-02,C1329,Male,31,Delhi,Shoes,Heels,1,499,10,449.1,UPI,4.9,Cancelled
ORD03717,2025-10-17,C1667,Male,51,Delhi,Dress,Kurti,1,2499,20,1999.2,UPI,4.7,Delivered
ORD03718,2025-03-26,C1984,Female,50,Bengaluru,Accessories,Watch,4,1499,20,4796.8,Cash,5.0,Delivered
ORD03719,2025-05-01,C1221,Male,46,Pune,Shoes,Sneakers,3,1499,10,4047.3,Net Banking,3.7,Returned
ORD03720,2025-04-30,C1092,Male,54,Pune,Shoes,Sandals,4,499,15,1696.6,Net Banking,3.8,Cancelled
ORD03721,2025-05-06,C1501,Male,25,Mumbai,Dress,Floral Dress,3,999,5,2847.15,Cash,3.5,Cancelled
ORD03722,2025-08-27,C1008,Male,49,Hyderabad,Dress,Floral Dress,4,1499,20,4796.8,Card,3.6,Delivered
ORD03723,2025-07-09,C1529,Male,20,Bengaluru,Shoes,Sneakers,2,499,0,998.0,Card,3.9,Delivered
ORD03724,2025-08-09,C1572,Female,48,Mumbai,Shoes,Sneakers,3,1499,10,4047.3,Card,3.7,Returned
ORD03725,2025-11-07,C1024,Female,32,Bengaluru,Bottom,Jeans,4,999,5,3796.2,Net Banking,4.4,Cancelled
ORD03726,2025-01-18,C1636,Female,48,Hyderabad,Dress,Floral Dress,1,2999,15,2549.15,UPI,5.0,Delivered
ORD03727,2025-11-06,C1771,Female,52,Chennai,Bottom,Trousers,3,499,20,1197.6,Cash,3.6,Returned
ORD03728,2025-12-23,C1736,Male,46,Delhi,Bottom,Leggings,3,2499,15,6372.45,Cash,5.0,Delivered
ORD03729,2025-07-09,C1945,Female,44,Bengaluru,Dress,Maxi Dress,3,499,10,1347.3,Cash,4.9,Delivered
ORD03730,2025-06-11,C1615,Male,20,Pune,Accessories,Handbag,1,499,15,424.15,UPI,4.5,Delivered
ORD03731,2025-11-19,C1551,Male,42,Chennai,Bottom,Trousers,1,999,0,999.0,Net Banking,4.0,Delivered
ORD03732,2025-07-03,C1316,Female,18,Pune,Accessories,Handbag,3,2999,10,8097.3,UPI,4.9,Delivered
ORD03733,2025-07-03,C1257,Female,42,Hyderabad,Bottom,Jeans,1,999,15,849.15,Card,3.9,Returned
ORD03734,2025-05-25,C1916,Male,36,Bengaluru,Accessories,Watch,3,799,10,2157.3,Net Banking,4.1,Delivered
ORD03735,2025-09-29,C1040,Female,39,Chennai,Bottom,Leggings,4,499,0,1996.0,UPI,4.9,Delivered
ORD03736,2025-07-16,C1361,Male,41,Pune,Accessories,Handbag,2,2499,0,4998.0,UPI,4.7,Returned
ORD03737,2025-01-12,C1449,Male,49,Delhi,Accessories,Watch,1,999,5,949.05,UPI,3.7,Cancelled
ORD03738,2025-12-05,C1396,Male,24,Chennai,Shoes,Sandals,3,1499,15,3822.45,UPI,4.8,Cancelled
ORD03739,2025-08-30,C1059,Male,41,Delhi,Top,T-Shirt,2,499,20,798.4,Net Banking,4.2,Delivered
ORD03740,2025-08-03,C1289,Female,50,Hyderabad,Shoes,Sandals,3,999,10,2697.3,Card,4.1,Returned
ORD03741,2025-02-04,C1887,Male,33,Bengaluru,Bottom,Jeans,2,799,20,1278.4,Card,4.8,Returned
ORD03742,2025-06-16,C1588,Male,35,Delhi,Bottom,Leggings,2,2999,20,4798.4,Cash,4.2,Delivered
ORD03743,2025-10-06,C1261,Female,33,Hyderabad,Dress,Kurti,3,1499,10,4047.3,Card,4.8,Cancelled
ORD03744,2025-09-02,C1769,Male,48,Bengaluru,Bottom,Trousers,4,1999,0,7996.0,Net Banking,4.5,Returned
ORD03745,2025-06-14,C1254,Female,27,Delhi,Bottom,Trousers,4,799,15,2716.6,UPI,4.3,Cancelled
ORD03746,2025-10-03,C1585,Female,37,Bengaluru,Dress,Kurti,4,499,15,1696.6,Net Banking,3.7,Returned
ORD03747,2025-02-11,C1602,Male,30,Delhi,Shoes,Heels,4,2999,0,11996.0,Card,4.5,Returned
ORD03748,2025-08-18,C1445,Female,18,Hyderabad,Bottom,Jeans,3,1999,20,4797.6,Cash,3.8,Returned
ORD03749,2025-08-12,C1751,Male,55,Chennai,Shoes,Heels,1,499,10,449.1,Net Banking,4.8,Returned
ORD03750,2025-09-02,C1989,Female,25,Delhi,Dress,Kurti,3,2999,10,8097.3,UPI,4.7,Returned
ORD03751,2025-01-10,C1713,Male,41,Delhi,Shoes,Heels,1,799,10,719.1,Cash,5.0,Returned
ORD03752,2025-10-03,C1328,Female,38,Mumbai,Accessories,Watch,1,2499,20,1999.2,Cash,4.5,Returned
ORD03753,2025-06-22,C1750,Female,48,Bengaluru,Top,Shirt,3,999,20,2397.6,Net Banking,3.9,Delivered
ORD03754,2025-06-20,C1027,Female,31,Pune,Top,Shirt,3,799,0,2397.0,Net Banking,4.6,Delivered
ORD03755,2025-12-23,C1793,Male,48,Bengaluru,Shoes,Sandals,4,799,20,2556.8,Cash,4.4,Cancelled
ORD03756,2025-05-20,C1861,Male,45,Bengaluru,Accessories,Scarf,4,499,20,1596.8,UPI,4.4,Delivered
ORD03757,2025-08-11,C1697,Female,34,Hyderabad,Shoes,Heels,1,2999,5,2849.05,Card,4.7,Cancelled
ORD03758,2025-09-04,C1617,Female,24,Bengaluru,Accessories,Watch,2,2499,10,4498.2,Cash,3.6,Delivered
ORD03759,2025-05-23,C1502,Male,44,Delhi,Shoes,Heels,4,2499,20,7996.8,UPI,3.9,Cancelled
ORD03760,2025-01-12,C1875,Female,29,Delhi,Dress,Maxi Dress,2,2499,15,4248.3,Card,4.4,Returned
ORD03761,2025-11-10,C1487,Male,48,Hyderabad,Dress,Floral Dress,4,1999,0,7996.0,Card,4.0,Delivered
ORD03762,2025-04-21,C1772,Female,55,Pune,Dress,Maxi Dress,1,499,20,399.2,Card,3.6,Delivered
ORD03763,2025-03-31,C1776,Female,36,Pune,Shoes,Heels,2,799,15,1358.3,UPI,4.4,Delivered
ORD03764,2025-11-27,C1710,Male,54,Delhi,Shoes,Sandals,3,1999,20,4797.6,Net Banking,3.7,Returned
ORD03765,2025-08-25,C1613,Male,34,Bengaluru,Dress,Floral Dress,1,499,20,399.2,Cash,3.7,Cancelled
ORD03766,2025-04-07,C1846,Male,54,Chennai,Bottom,Jeans,1,2499,5,2374.05,UPI,3.5,Returned
ORD03767,2025-05-10,C1157,Male,54,Delhi,Accessories,Watch,4,2499,15,8496.6,Card,4.5,Cancelled
ORD03768,2025-09-29,C1512,Female,42,Mumbai,Top,Crop Top,4,999,10,3596.4,Net Banking,4.8,Cancelled
ORD03769,2025-06-16,C1054,Male,18,Chennai,Shoes,Sneakers,3,2499,20,5997.6,Card,4.4,Returned
ORD03770,2025-02-08,C1410,Male,40,Pune,Shoes,Sneakers,1,1499,20,1199.2,Cash,3.8,Returned
ORD03771,2025-05-23,C1882,Female,50,Mumbai,Top,T-Shirt,4,1499,20,4796.8,Net Banking,4.4,Delivered
ORD03772,2025-05-04,C1751,Female,23,Mumbai,Shoes,Sandals,4,2999,15,10196.6,Net Banking,4.4,Returned
ORD03773,2025-10-03,C1392,Male,21,Delhi,Top,Crop Top,4,1499,10,5396.4,UPI,4.2,Returned
ORD03774,2025-07-15,C1321,Male,36,Pune,Shoes,Sandals,2,1999,15,3398.3,Cash,4.8,Returned
ORD03775,2025-05-16,C1079,Male,47,Pune,Top,T-Shirt,1,799,0,799.0,UPI,3.9,Delivered
ORD03776,2025-04-03,C1432,Female,46,Hyderabad,Accessories,Watch,2,2999,5,5698.1,UPI,4.2,Returned
ORD03777,2025-02-10,C1596,Male,41,Mumbai,Accessories,Watch,2,2999,10,5398.2,UPI,4.0,Cancelled
ORD03778,2025-07-09,C1405,Female,32,Pune,Dress,Floral Dress,1,2499,10,2249.1,Card,4.3,Returned
ORD03779,2025-12-21,C1472,Female,54,Mumbai,Dress,Kurti,1,2499,0,2499.0,UPI,5.0,Returned
ORD03780,2025-01-04,C1189,Male,46,Mumbai,Bottom,Leggings,1,2999,15,2549.15,Net Banking,5.0,Delivered
ORD03781,2025-01-03,C1100,Female,54,Mumbai,Top,Crop Top,4,2999,0,11996.0,Net Banking,3.6,Delivered
ORD03782,2025-12-13,C1917,Female,18,Pune,Dress,Kurti,2,2999,5,5698.1,Net Banking,4.9,Delivered
ORD03783,2025-10-31,C1436,Female,21,Mumbai,Top,Crop Top,4,999,10,3596.4,Cash,4.8,Delivered
ORD03784,2025-08-30,C1085,Male,53,Chennai,Bottom,Jeans,3,1999,0,5997.0,UPI,4.8,Delivered
ORD03785,2025-02-05,C1724,Male,54,Delhi,Bottom,Leggings,1,499,10,449.1,Net Banking,4.6,Delivered
ORD03786,2025-12-26,C1883,Female,49,Bengaluru,Top,Shirt,4,1999,5,7596.2,Net Banking,4.7,Returned
ORD03787,2025-06-12,C1483,Female,18,Delhi,Dress,Maxi Dress,3,1999,10,5397.3,Card,4.1,Delivered
ORD03788,2025-05-15,C1678,Female,25,Chennai,Bottom,Leggings,3,2999,0,8997.0,Net Banking,4.1,Returned
ORD03789,2025-03-01,C1307,Male,42,Pune,Bottom,Jeans,2,1499,15,2548.3,Cash,3.7,Cancelled
ORD03790,2025-09-08,C1043,Male,43,Bengaluru,Dress,Floral Dress,4,2499,10,8996.4,Net Banking,4.0,Returned
ORD03791,2025-06-03,C1927,Female,26,Hyderabad,Dress,Maxi Dress,3,2499,10,6747.3,Cash,3.6,Delivered
ORD03792,2025-06-27,C1868,Male,22,Delhi,Shoes,Heels,1,1999,20,1599.2,UPI,3.6,Delivered
ORD03793,2025-05-10,C1898,Female,20,Delhi,Shoes,Sandals,4,2999,5,11396.2,Card,4.1,Returned
ORD03794,2025-01-03,C1455,Female,52,Pune,Dress,Maxi Dress,1,999,5,949.05,Net Banking,4.8,Cancelled
ORD03795,2025-04-23,C1436,Female,54,Bengaluru,Dress,Floral Dress,4,1999,0,7996.0,Card,4.9,Cancelled
ORD03796,2025-12-16,C1048,Female,34,Pune,Top,Crop Top,4,1499,15,5096.6,Net Banking,4.6,Delivered
ORD03797,2025-02-11,C1704,Female,40,Pune,Bottom,Jeans,1,2999,15,2549.15,UPI,4.1,Delivered
ORD03798,2025-07-08,C1371,Female,45,Pune,Shoes,Heels,3,799,20,1917.6,Net Banking,3.9,Returned
ORD03799,2025-02-17,C1618,Male,29,Hyderabad,Shoes,Sneakers,4,1499,15,5096.6,Card,3.7,Returned
ORD03800,2025-10-31,C1814,Male,25,Delhi,Accessories,Handbag,3,799,0,2397.0,Card,4.9,Returned
ORD03801,2025-04-11,C1432,Female,35,Chennai,Top,Crop Top,3,1999,15,5097.45,UPI,4.3,Cancelled
ORD03802,2025-10-27,C1827,Female,36,Chennai,Accessories,Handbag,2,2499,0,4998.0,Net Banking,4.0,Cancelled
ORD03803,2025-03-26,C1350,Female,26,Pune,Shoes,Sandals,1,499,5,474.05,Card,4.5,Returned
ORD03804,2025-03-18,C1366,Female,20,Pune,Dress,Kurti,1,2999,20,2399.2,Net Banking,4.3,Cancelled
ORD03805,2025-08-23,C1063,Male,41,Delhi,Top,Crop Top,1,2499,15,2124.15,Cash,4.6,Cancelled
ORD03806,2025-02-09,C1446,Female,27,Hyderabad,Dress,Maxi Dress,1,1499,15,1274.15,Net Banking,4.8,Returned
ORD03807,2025-07-04,C1249,Female,50,Bengaluru,Accessories,Watch,2,1499,0,2998.0,Card,3.7,Delivered
ORD03808,2025-07-04,C1047,Male,42,Hyderabad,Dress,Kurti,2,799,10,1438.2,Cash,4.8,Delivered
ORD03809,2025-11-29,C1882,Female,24,Hyderabad,Accessories,Watch,4,2999,5,11396.2,Card,4.7,Cancelled
ORD03810,2025-06-15,C1552,Female,50,Delhi,Bottom,Jeans,1,499,0,499.0,Card,4.2,Cancelled
ORD03811,2025-02-01,C1230,Female,44,Pune,Accessories,Handbag,1,2999,0,2999.0,Net Banking,3.9,Delivered
ORD03812,2025-01-03,C1291,Female,47,Hyderabad,Shoes,Heels,2,1499,10,2698.2,UPI,4.4,Cancelled
ORD03813,2025-03-06,C1500,Male,28,Bengaluru,Bottom,Trousers,2,499,10,898.2,Net Banking,4.2,Returned
ORD03814,2025-11-19,C1814,Male,25,Hyderabad,Bottom,Jeans,2,499,0,998.0,Cash,4.0,Returned
ORD03815,2025-01-01,C1554,Female,29,Bengaluru,Bottom,Leggings,4,799,20,2556.8,Cash,4.3,Delivered
ORD03816,2025-08-16,C1167,Female,38,Mumbai,Shoes,Sneakers,2,1999,10,3598.2,Card,4.7,Delivered
ORD03817,2025-07-09,C1919,Male,25,Mumbai,Bottom,Trousers,2,1999,10,3598.2,Cash,3.6,Delivered
ORD03818,2025-08-31,C1688,Female,18,Chennai,Bottom,Leggings,1,499,15,424.15,Cash,4.3,Delivered
ORD03819,2025-01-13,C1367,Male,36,Pune,Top,Crop Top,1,1999,10,1799.1,Card,3.6,Delivered
ORD03820,2025-07-11,C1069,Female,45,Hyderabad,Dress,Maxi Dress,3,2499,0,7497.0,Card,5.0,Delivered
ORD03821,2025-07-15,C1575,Female,46,Mumbai,Top,Shirt,4,2499,20,7996.8,Net Banking,3.7,Cancelled
ORD03822,2025-04-15,C1617,Male,42,Pune,Top,T-Shirt,2,2499,10,4498.2,Cash,3.8,Returned
ORD03823,2025-03-05,C1208,Female,31,Hyderabad,Top,Shirt,1,1499,0,1499.0,Cash,3.7,Cancelled
ORD03824,2025-08-09,C1398,Female,30,Bengaluru,Dress,Floral Dress,3,1999,0,5997.0,Cash,4.4,Delivered
ORD03825,2025-06-11,C1709,Female,41,Bengaluru,Shoes,Heels,2,499,10,898.2,UPI,4.9,Returned
ORD03826,2025-04-30,C1808,Male,52,Bengaluru,Dress,Kurti,3,499,10,1347.3,Net Banking,4.1,Returned
ORD03827,2025-03-21,C1829,Male,33,Mumbai,Top,T-Shirt,1,799,5,759.05,Card,3.5,Delivered
ORD03828,2025-11-09,C1743,Male,49,Pune,Accessories,Watch,1,2999,5,2849.05,Cash,4.0,Delivered
ORD03829,2025-07-14,C1439,Female,47,Pune,Dress,Maxi Dress,2,2999,20,4798.4,Net Banking,4.9,Cancelled
ORD03830,2025-09-02,C1751,Female,45,Mumbai,Top,Shirt,1,2499,5,2374.05,Net Banking,4.2,Cancelled
ORD03831,2025-10-12,C1793,Male,30,Mumbai,Dress,Maxi Dress,2,1499,5,2848.1,UPI,4.3,Cancelled
ORD03832,2025-05-31,C1475,Female,21,Chennai,Shoes,Sneakers,1,1999,20,1599.2,Net Banking,4.3,Returned
ORD03833,2025-09-17,C1676,Female,30,Bengaluru,Dress,Kurti,4,799,0,3196.0,Net Banking,3.5,Cancelled
ORD03834,2025-07-18,C1011,Male,42,Bengaluru,Top,Crop Top,1,1499,20,1199.2,UPI,4.9,Delivered
ORD03835,2025-10-06,C1688,Female,42,Delhi,Shoes,Sandals,1,999,5,949.05,UPI,4.1,Returned
ORD03836,2025-05-27,C1103,Female,46,Pune,Accessories,Handbag,4,1999,5,7596.2,Card,3.7,Delivered
ORD03837,2025-01-03,C1632,Female,34,Delhi,Dress,Kurti,1,1999,5,1899.05,Net Banking,3.9,Cancelled
ORD03838,2025-08-02,C1921,Female,52,Bengaluru,Accessories,Handbag,3,1999,5,5697.15,Net Banking,3.8,Cancelled
ORD03839,2025-12-10,C1516,Male,45,Chennai,Top,Shirt,1,799,0,799.0,Net Banking,3.8,Cancelled
ORD03840,2025-09-01,C1650,Female,32,Chennai,Shoes,Heels,1,999,20,799.2,UPI,4.8,Cancelled
ORD03841,2025-03-30,C1944,Female,33,Bengaluru,Shoes,Sandals,1,2999,5,2849.05,UPI,4.2,Delivered
ORD03842,2025-02-11,C1341,Female,49,Hyderabad,Shoes,Sandals,4,499,10,1796.4,UPI,5.0,Delivered
ORD03843,2025-03-03,C1860,Female,39,Bengaluru,Shoes,Sneakers,1,999,5,949.05,Card,5.0,Returned
ORD03844,2025-02-26,C1508,Male,46,Mumbai,Shoes,Sandals,3,2499,10,6747.3,UPI,3.9,Returned
ORD03845,2025-06-08,C1844,Male,46,Hyderabad,Accessories,Watch,4,1499,5,5696.2,Cash,3.5,Cancelled
ORD03846,2025-08-18,C1301,Female,42,Mumbai,Shoes,Heels,1,2999,0,2999.0,UPI,4.0,Cancelled
ORD03847,2025-06-25,C1646,Male,38,Delhi,Accessories,Scarf,4,1999,10,7196.4,Cash,4.8,Delivered
ORD03848,2025-04-02,C1586,Male,47,Mumbai,Bottom,Leggings,4,1499,15,5096.6,Card,3.8,Cancelled
ORD03849,2025-02-20,C1321,Female,24,Mumbai,Shoes,Heels,3,499,15,1272.45,Card,4.5,Returned
ORD03850,2025-05-02,C1630,Male,30,Hyderabad,Top,Crop Top,4,2499,20,7996.8,Net Banking,4.3,Delivered
ORD03851,2025-04-06,C1576,Female,45,Pune,Top,Shirt,3,1499,20,3597.6,UPI,4.6,Delivered
ORD03852,2025-01-27,C1572,Female,30,Bengaluru,Bottom,Leggings,3,1499,10,4047.3,UPI,4.5,Cancelled
ORD03853,2025-11-17,C1374,Male,43,Pune,Bottom,Trousers,2,1499,5,2848.1,UPI,4.2,Cancelled
ORD03854,2025-11-22,C1847,Male,55,Bengaluru,Dress,Floral Dress,4,1499,10,5396.4,UPI,4.8,Returned
ORD03855,2025-08-09,C1401,Female,55,Delhi,Accessories,Handbag,1,499,0,499.0,Cash,4.4,Returned
ORD03856,2025-09-23,C1890,Female,43,Mumbai,Bottom,Trousers,2,499,0,998.0,Net Banking,3.6,Cancelled
ORD03857,2025-06-11,C1185,Male,39,Chennai,Bottom,Trousers,2,2999,0,5998.0,Net Banking,4.9,Cancelled
ORD03858,2025-07-30,C1406,Female,43,Hyderabad,Top,T-Shirt,4,2999,5,11396.2,UPI,3.7,Delivered
ORD03859,2025-09-11,C1095,Male,34,Pune,Shoes,Sneakers,4,2999,0,11996.0,Card,4.8,Returned
ORD03860,2025-08-23,C1430,Female,33,Delhi,Dress,Floral Dress,4,999,5,3796.2,Cash,3.7,Cancelled
ORD03861,2025-06-13,C1996,Male,36,Bengaluru,Shoes,Heels,2,1499,10,2698.2,Net Banking,3.6,Cancelled
ORD03862,2025-07-11,C1717,Female,30,Chennai,Bottom,Jeans,1,1499,0,1499.0,Net Banking,3.7,Returned
ORD03863,2025-04-06,C1060,Female,22,Chennai,Bottom,Trousers,4,999,20,3196.8,Cash,4.9,Returned
ORD03864,2025-02-20,C1408,Female,32,Pune,Top,Crop Top,2,2999,5,5698.1,Card,3.6,Cancelled
ORD03865,2025-05-28,C1232,Male,27,Hyderabad,Top,Crop Top,4,1499,10,5396.4,Cash,3.9,Returned
ORD03866,2025-01-28,C1302,Female,47,Mumbai,Shoes,Sandals,4,1499,10,5396.4,Cash,4.8,Cancelled
ORD03867,2025-09-19,C1216,Female,24,Hyderabad,Shoes,Sandals,3,1999,15,5097.45,UPI,3.7,Returned
ORD03868,2025-08-15,C1572,Female,36,Mumbai,Shoes,Sandals,1,499,0,499.0,Card,4.4,Cancelled
ORD03869,2025-03-07,C1514,Male,45,Delhi,Accessories,Handbag,1,1499,10,1349.1,Cash,3.7,Cancelled
ORD03870,2025-01-01,C1350,Female,48,Hyderabad,Shoes,Sneakers,2,999,20,1598.4,UPI,4.4,Returned
ORD03871,2025-06-29,C1913,Female,40,Pune,Accessories,Scarf,3,799,10,2157.3,Card,4.5,Delivered
ORD03872,2025-08-28,C1708,Male,50,Pune,Bottom,Jeans,3,999,0,2997.0,Net Banking,4.6,Cancelled
ORD03873,2025-05-30,C1244,Female,46,Hyderabad,Top,T-Shirt,2,1999,10,3598.2,Cash,4.4,Returned
ORD03874,2025-03-25,C1075,Male,22,Mumbai,Accessories,Handbag,4,799,0,3196.0,Net Banking,3.7,Returned
ORD03875,2025-09-11,C1998,Male,47,Chennai,Top,T-Shirt,1,999,10,899.1,Net Banking,3.9,Delivered
ORD03876,2025-11-15,C1379,Male,43,Mumbai,Shoes,Sneakers,3,2999,0,8997.0,Net Banking,4.2,Cancelled
ORD03877,2025-12-03,C1894,Male,26,Bengaluru,Top,T-Shirt,4,1499,5,5696.2,Cash,4.9,Returned
ORD03878,2025-09-09,C1041,Female,50,Hyderabad,Top,T-Shirt,4,1999,20,6396.8,Card,3.6,Returned
ORD03879,2025-11-30,C1195,Female,30,Bengaluru,Accessories,Scarf,4,1499,10,5396.4,UPI,3.7,Cancelled
ORD03880,2025-10-28,C1558,Male,50,Delhi,Bottom,Leggings,3,999,0,2997.0,Net Banking,4.8,Cancelled
ORD03881,2025-01-10,C1103,Female,40,Pune,Accessories,Handbag,2,1499,5,2848.1,Cash,4.6,Cancelled
ORD03882,2025-10-06,C1851,Female,24,Delhi,Accessories,Watch,2,1499,10,2698.2,Cash,4.2,Cancelled
ORD03883,2025-04-27,C1072,Male,37,Bengaluru,Top,T-Shirt,2,499,15,848.3,Cash,4.4,Returned
ORD03884,2025-07-14,C1369,Male,27,Pune,Dress,Kurti,4,2499,0,9996.0,UPI,4.8,Delivered
ORD03885,2025-11-09,C1789,Female,51,Chennai,Dress,Floral Dress,4,1999,15,6796.6,Net Banking,4.0,Delivered
ORD03886,2025-04-27,C1525,Male,44,Mumbai,Dress,Maxi Dress,1,2499,5,2374.05,UPI,4.9,Cancelled
ORD03887,2025-04-17,C1174,Female,54,Chennai,Dress,Maxi Dress,2,1499,15,2548.3,Card,5.0,Cancelled
ORD03888,2025-09-21,C1692,Female,38,Mumbai,Shoes,Heels,4,2999,5,11396.2,UPI,3.8,Delivered
ORD03889,2025-03-10,C1879,Male,46,Delhi,Bottom,Jeans,3,2999,5,8547.15,Net Banking,4.3,Cancelled
ORD03890,2025-11-08,C1274,Male,55,Chennai,Top,Crop Top,1,999,10,899.1,Net Banking,3.9,Cancelled
ORD03891,2025-10-11,C1284,Male,54,Chennai,Bottom,Leggings,4,799,10,2876.4,Card,4.5,Returned
ORD03892,2025-04-28,C1681,Female,51,Delhi,Shoes,Sandals,1,2999,10,2699.1,UPI,4.2,Cancelled
ORD03893,2025-03-21,C1357,Male,25,Pune,Shoes,Sneakers,3,2499,0,7497.0,Card,4.8,Delivered
ORD03894,2025-10-24,C1107,Female,35,Chennai,Accessories,Watch,4,799,0,3196.0,Cash,4.2,Returned
ORD03895,2025-12-18,C1385,Male,23,Chennai,Shoes,Sneakers,4,2999,15,10196.6,Cash,4.6,Delivered
ORD03896,2025-04-05,C1401,Female,39,Bengaluru,Bottom,Jeans,3,499,0,1497.0,Net Banking,3.5,Cancelled
ORD03897,2025-08-23,C1903,Male,26,Hyderabad,Bottom,Leggings,3,1499,15,3822.45,Net Banking,4.0,Returned
ORD03898,2025-06-16,C1629,Male,27,Mumbai,Bottom,Jeans,1,999,0,999.0,Card,4.1,Delivered
ORD03899,2025-12-26,C1496,Male,44,Pune,Accessories,Watch,4,2999,5,11396.2,Net Banking,,Returned
ORD03900,2025-06-01,C1168,Male,49,Chennai,Top,Shirt,2,2999,0,5998.0,UPI,4.0,Cancelled
ORD03901,2025-07-13,C1114,Female,21,Bengaluru,Shoes,Sneakers,2,499,20,798.4,UPI,4.7,Delivered
ORD03902,2025-08-10,C1867,Female,21,Delhi,Shoes,Heels,1,1499,20,1199.2,UPI,3.6,Returned
ORD03903,2025-12-15,C1480,Female,45,Chennai,Dress,Floral Dress,4,2499,20,7996.8,Card,4.5,Delivered
ORD03904,2025-11-15,C1396,Male,53,Bengaluru,Accessories,Scarf,3,1499,15,3822.45,Cash,3.5,Cancelled
ORD03905,2025-09-19,C1224,Male,50,Chennai,Shoes,Sneakers,2,799,20,1278.4,Net Banking,4.8,Cancelled
ORD03906,2025-09-16,C1156,Female,31,Bengaluru,Accessories,Watch,4,1499,20,4796.8,Cash,4.3,Cancelled
ORD03907,2025-08-17,C1259,Male,32,Pune,Shoes,Sandals,4,1999,15,6796.6,UPI,5.0,Cancelled
ORD03908,2025-10-30,C1363,Male,25,Mumbai,Shoes,Sneakers,3,999,15,2547.45,Card,4.7,Returned
ORD03909,2025-09-25,C1990,Male,35,Pune,Shoes,Sneakers,1,499,10,449.1,Card,4.1,Cancelled
ORD03910,2025-03-02,C1656,Male,46,Pune,Top,Shirt,4,999,20,3196.8,Net Banking,4.5,Returned
ORD03911,2025-04-21,C1676,Male,41,Hyderabad,Dress,Kurti,3,2499,5,7122.15,Net Banking,4.5,Cancelled
ORD03912,2025-12-01,C1849,Male,41,Pune,Top,Shirt,1,2999,5,2849.05,UPI,3.7,Cancelled
ORD03913,2025-11-01,C1049,Female,45,Chennai,Top,Shirt,1,499,10,449.1,Cash,4.9,Returned
ORD03914,2025-10-07,C1066,Female,24,Hyderabad,Accessories,Watch,1,2999,10,2699.1,Card,4.5,Cancelled
ORD03915,2025-12-27,C1640,Male,28,Bengaluru,Bottom,Jeans,4,1999,20,6396.8,UPI,4.8,Delivered
ORD03916,2025-09-25,C1074,Female,37,Pune,Accessories,Scarf,4,2499,0,9996.0,Net Banking,4.5,Cancelled
ORD03917,2025-08-27,C1701,Male,35,Mumbai,Shoes,Sandals,4,499,0,1996.0,UPI,4.2,Returned
ORD03918,2025-06-26,C1567,Male,35,Chennai,Shoes,Sneakers,1,999,20,799.2,UPI,4.6,Returned
ORD03919,2025-06-15,C1718,Female,29,Delhi,Accessories,Scarf,4,1499,20,4796.8,UPI,5.0,Delivered
ORD03920,2025-09-24,C1885,Female,23,Bengaluru,Top,T-Shirt,2,499,10,898.2,Cash,3.6,Cancelled
ORD03921,2025-11-09,C1311,Female,44,Delhi,Accessories,Scarf,4,799,5,3036.2,UPI,4.5,Cancelled
ORD03922,2025-04-03,C1371,Male,54,Pune,Bottom,Trousers,3,2999,20,7197.6,UPI,4.9,Delivered
ORD03923,2025-03-10,C1148,Female,49,Chennai,Top,Shirt,2,799,10,1438.2,Net Banking,4.9,Delivered
ORD03924,2025-03-30,C1240,Female,41,Delhi,Accessories,Watch,3,2999,5,8547.15,Card,4.1,Cancelled
ORD03925,2025-01-03,C1120,Male,38,Chennai,Bottom,Leggings,2,499,5,948.1,Cash,4.3,Returned
ORD03926,2025-07-09,C1890,Male,31,Hyderabad,Shoes,Sandals,3,2999,0,8997.0,Cash,4.5,Returned
ORD03927,2025-04-21,C1624,Female,33,Pune,Top,T-Shirt,2,1499,10,2698.2,Net Banking,3.5,Returned
ORD03928,2025-05-01,C1257,Male,24,Chennai,Top,Shirt,2,2499,5,4748.1,Card,3.7,Cancelled
ORD03929,2025-06-16,C1965,Female,28,Hyderabad,Bottom,Trousers,4,2999,20,9596.8,UPI,4.8,Returned
ORD03930,2025-05-13,C1877,Female,38,Chennai,Top,T-Shirt,3,499,0,1497.0,UPI,4.1,Returned
ORD03931,2025-10-05,C1163,Female,29,Delhi,Accessories,Handbag,3,499,15,1272.45,Cash,4.8,Cancelled
ORD03932,2025-08-20,C1023,Female,28,Chennai,Shoes,Sandals,2,1999,5,3798.1,Cash,4.8,Cancelled
ORD03933,2025-07-08,C1360,Male,26,Bengaluru,Shoes,Sandals,2,1499,0,2998.0,Card,4.3,Delivered
ORD03934,2025-07-09,C1202,Male,46,Chennai,Dress,Maxi Dress,4,999,0,3996.0,UPI,3.6,Delivered
ORD03935,2025-07-14,C1871,Female,31,Chennai,Bottom,Jeans,3,1499,15,3822.45,Net Banking,4.9,Delivered
ORD03936,2025-12-20,C1994,Female,33,Hyderabad,Top,Shirt,4,499,20,1596.8,Card,3.5,Cancelled
ORD03937,2025-12-02,C1801,Male,42,Delhi,Accessories,Scarf,1,2999,5,2849.05,Net Banking,4.6,Cancelled
ORD03938,2025-05-28,C1340,Male,28,Chennai,Bottom,Jeans,4,2999,15,10196.6,Cash,3.9,Returned
ORD03939,2025-12-03,C1210,Female,44,Delhi,Top,T-Shirt,2,499,20,798.4,Cash,4.9,Delivered
ORD03940,2025-08-18,C1076,Female,20,Chennai,Accessories,Scarf,4,499,5,1896.2,Net Banking,4.3,Cancelled
ORD03941,2025-02-08,C1037,Female,51,Mumbai,Accessories,Scarf,2,1999,20,3198.4,Card,3.9,Cancelled
ORD03942,2025-07-13,C1015,Female,29,Bengaluru,Top,T-Shirt,4,799,20,2556.8,Cash,4.3,Cancelled
ORD03943,2025-11-21,C1012,Female,42,Hyderabad,Shoes,Sneakers,1,799,15,679.15,Cash,4.5,Cancelled
ORD03944,2025-07-16,C1628,Female,22,Mumbai,Shoes,Sneakers,3,2499,0,7497.0,Card,4.5,Returned
ORD03945,2025-09-23,C1958,Female,19,Hyderabad,Top,Crop Top,1,2499,20,1999.2,UPI,4.8,Delivered
ORD03946,2025-04-15,C1720,Female,19,Mumbai,Dress,Maxi Dress,1,999,20,799.2,Net Banking,4.6,Cancelled
ORD03947,2025-05-20,C1214,Female,26,Pune,Dress,Kurti,3,1999,20,4797.6,Card,3.9,Delivered
ORD03948,2025-10-14,C1800,Male,22,Chennai,Shoes,Sandals,4,1499,15,5096.6,UPI,3.8,Cancelled
ORD03949,2025-12-24,C1246,Male,55,Bengaluru,Accessories,Handbag,3,799,20,1917.6,Net Banking,4.8,Returned
ORD03950,2025-10-12,C1777,Male,22,Hyderabad,Shoes,Sandals,3,799,0,2397.0,Net Banking,4.3,Returned
ORD03951,2025-03-23,C1987,Female,40,Hyderabad,Shoes,Sneakers,1,2499,5,2374.05,Net Banking,3.7,Returned
ORD03952,2025-02-24,C1136,Male,49,Hyderabad,Shoes,Sneakers,2,499,5,948.1,UPI,4.5,Returned
ORD03953,2025-09-10,C1876,Female,51,Hyderabad,Dress,Maxi Dress,2,2499,5,4748.1,UPI,4.8,Delivered
ORD03954,2025-05-14,C1119,Female,40,Mumbai,Accessories,Watch,2,499,15,848.3,Net Banking,3.8,Delivered
ORD03955,2025-02-19,C1956,Male,19,Pune,Shoes,Sneakers,1,499,20,399.2,Net Banking,4.0,Cancelled
ORD03956,2025-03-28,C1159,Male,52,Chennai,Top,Shirt,1,799,15,679.15,UPI,4.8,Delivered
ORD03957,2025-10-17,C1668,Male,37,Pune,Top,Crop Top,4,499,5,1896.2,UPI,3.5,Returned
ORD03958,2025-01-19,C1958,Female,49,Mumbai,Shoes,Sandals,4,499,5,1896.2,Net Banking,4.7,Delivered
ORD03959,2025-10-20,C1978,Male,45,Chennai,Dress,Kurti,3,999,0,2997.0,Card,4.5,Cancelled
ORD03960,2025-07-25,C1727,Male,44,Mumbai,Bottom,Jeans,2,799,10,1438.2,Cash,3.5,Delivered
ORD03961,2025-01-19,C1899,Female,22,Chennai,Dress,Maxi Dress,3,1499,0,4497.0,Cash,4.2,Delivered
ORD03962,2025-04-14,C1056,Male,36,Pune,Top,T-Shirt,2,499,20,798.4,Net Banking,4.1,Returned
ORD03963,2025-08-03,C1424,Female,33,Mumbai,Dress,Kurti,2,999,20,1598.4,UPI,4.4,Delivered
ORD03964,2025-11-06,C1103,Female,50,Pune,Shoes,Sneakers,3,1499,10,4047.3,UPI,3.8,Delivered
ORD03965,2025-09-07,C1369,Male,23,Chennai,Accessories,Watch,1,1499,5,1424.05,Cash,4.5,Returned
ORD03966,2025-01-10,C1230,Female,41,Delhi,Accessories,Handbag,1,999,15,849.15,Cash,4.0,Returned
ORD03967,2025-11-27,C1936,Male,26,Mumbai,Bottom,Trousers,2,499,0,998.0,Card,4.3,Delivered
ORD03968,2025-11-06,C1007,Female,19,Hyderabad,Dress,Maxi Dress,3,499,20,1197.6,UPI,4.3,Returned
ORD03969,2025-10-24,C1947,Male,42,Bengaluru,Bottom,Jeans,4,999,0,3996.0,Net Banking,4.9,Cancelled
ORD03970,2025-11-28,C1163,Male,50,Chennai,Bottom,Jeans,3,1499,0,4497.0,Cash,4.8,Delivered
ORD03971,2025-11-22,C1571,Female,28,Pune,Accessories,Scarf,4,999,15,3396.6,Card,4.3,Delivered
ORD03972,2025-07-16,C1801,Female,32,Delhi,Bottom,Trousers,4,499,0,1996.0,Net Banking,4.7,Returned
ORD03973,2025-12-30,C1881,Female,25,Chennai,Bottom,Jeans,3,999,5,2847.15,Net Banking,4.6,Returned
ORD03974,2025-07-08,C1363,Male,53,Pune,Bottom,Jeans,1,2999,10,2699.1,UPI,4.0,Delivered
ORD03975,2025-08-29,C1200,Female,45,Delhi,Accessories,Handbag,4,2499,20,7996.8,Card,4.0,Returned
ORD03976,2025-01-20,C1976,Male,54,Hyderabad,Top,Crop Top,3,799,15,2037.45,Card,4.4,Returned
ORD03977,2025-08-15,C1042,Male,30,Bengaluru,Bottom,Jeans,1,999,15,849.15,UPI,4.5,Returned
ORD03978,2025-03-30,C1371,Male,39,Delhi,Bottom,Jeans,4,499,15,1696.6,Card,3.5,Cancelled
ORD03979,2025-04-06,C1191,Male,54,Delhi,Dress,Floral Dress,3,2499,0,7497.0,Cash,4.2,Delivered
ORD03980,2025-05-07,C1459,Male,40,Hyderabad,Shoes,Heels,3,2499,0,7497.0,Cash,3.6,Cancelled
ORD03981,2025-04-19,C1773,Female,24,Pune,Top,Crop Top,1,1499,5,1424.05,Card,4.4,Cancelled
ORD03982,2025-02-01,C1800,Female,36,Bengaluru,Shoes,Sandals,3,1499,0,4497.0,Cash,3.7,Cancelled
ORD03983,2025-07-02,C1391,Male,39,Pune,Shoes,Heels,4,999,15,3396.6,Cash,4.3,Returned
ORD03984,2025-10-21,C1594,Male,40,Bengaluru,Dress,Kurti,1,2499,10,2249.1,UPI,3.9,Cancelled
ORD03985,2025-06-26,C1643,Female,24,Delhi,Accessories,Handbag,4,499,0,1996.0,Card,3.7,Cancelled
ORD03986,2025-12-11,C1889,Female,39,Hyderabad,Top,Shirt,3,799,0,2397.0,UPI,3.9,Cancelled
ORD03987,2025-04-16,C1828,Male,39,Mumbai,Dress,Kurti,1,2999,10,2699.1,UPI,3.8,Returned
ORD03988,2025-01-28,C1232,Female,19,Pune,Shoes,Sneakers,1,2499,20,1999.2,Net Banking,3.8,Cancelled
ORD03989,2025-02-03,C1595,Male,19,Delhi,Shoes,Heels,4,1999,5,7596.2,UPI,4.5,Returned
ORD03990,2025-09-06,C1300,Female,40,Chennai,Dress,Kurti,4,499,20,1596.8,Cash,4.0,Delivered
ORD03991,2025-08-11,C1482,Male,53,Chennai,Shoes,Sandals,1,999,5,949.05,Cash,4.3,Delivered
ORD03992,2025-08-06,C1622,Female,47,Hyderabad,Dress,Kurti,3,2499,10,6747.3,Card,4.1,Cancelled
ORD03993,2025-04-22,C1171,Female,32,Bengaluru,Shoes,Sneakers,4,799,5,3036.2,UPI,4.6,Delivered
ORD03994,2025-06-14,C1699,Male,34,Pune,Accessories,Handbag,1,999,15,849.15,Card,4.1,Returned
ORD03995,2025-04-29,C1153,Female,42,Chennai,Top,T-Shirt,4,1499,20,4796.8,UPI,4.5,Cancelled
ORD03996,2025-08-30,C1811,Male,28,Chennai,Shoes,Sneakers,3,2999,0,8997.0,Cash,4.4,Delivered
ORD03997,2025-04-21,C1473,Male,52,Pune,Top,Shirt,2,1499,10,2698.2,UPI,4.6,Delivered
ORD03998,2025-06-26,C1880,Female,25,Bengaluru,Dress,Kurti,3,799,10,2157.3,Card,3.6,Returned
ORD03999,2025-03-29,C1025,Female,31,Delhi,Dress,Floral Dress,1,2499,10,2249.1,Net Banking,4.2,Cancelled
ORD04000,2025-06-15,C1954,Female,44,Delhi,Shoes,Sneakers,3,999,0,2997.0,Net Banking,3.9,Delivered
ORD04001,2025-06-17,C1606,Male,43,Bengaluru,Dress,Kurti,1,2999,15,2549.15,Card,4.3,Returned
ORD04002,2025-03-05,C1305,Female,48,Hyderabad,Dress,Floral Dress,3,799,20,1917.6,UPI,3.8,Returned
ORD04003,2025-12-14,C1811,Female,22,Hyderabad,Bottom,Leggings,1,1999,20,1599.2,UPI,5.0,Cancelled
ORD04004,2025-03-29,C1442,Male,47,Mumbai,Top,Shirt,3,1499,5,4272.15,Cash,4.3,Cancelled
ORD04005,2025-02-10,C1268,Male,23,Hyderabad,Shoes,Sneakers,4,799,15,2716.6,UPI,4.8,Delivered
ORD04006,2025-01-04,C1312,Female,18,Chennai,Shoes,Sneakers,2,1999,5,3798.1,Card,4.3,Delivered
ORD04007,2025-02-11,C1411,Female,49,Bengaluru,Accessories,Scarf,2,999,20,1598.4,Cash,3.7,Cancelled
ORD04008,2025-07-28,C1568,Male,31,Mumbai,Top,Crop Top,4,799,20,2556.8,Net Banking,4.5,Cancelled
ORD04009,2025-10-13,C1105,Male,41,Delhi,Top,Crop Top,2,2499,15,4248.3,Card,4.7,Cancelled
ORD04010,2025-01-18,C1954,Male,23,Mumbai,Accessories,Handbag,3,2499,20,5997.6,Net Banking,4.3,Returned
ORD04011,2025-06-09,C1074,Female,51,Bengaluru,Dress,Maxi Dress,1,2499,5,2374.05,Net Banking,3.9,Delivered
ORD04012,2025-08-30,C1163,Female,34,Hyderabad,Top,Crop Top,4,999,20,3196.8,UPI,5.0,Delivered
ORD04013,2025-09-04,C1549,Male,29,Hyderabad,Bottom,Trousers,1,799,20,639.2,Card,3.6,Returned
ORD04014,2025-11-21,C1580,Male,21,Hyderabad,Accessories,Scarf,2,1999,20,3198.4,Card,4.0,Delivered
ORD04015,2025-05-08,C1607,Female,33,Bengaluru,Shoes,Sandals,1,999,15,849.15,Card,4.4,Delivered
ORD04016,2025-08-01,C1101,Male,39,Bengaluru,Top,T-Shirt,4,799,10,2876.4,Card,4.7,Delivered
ORD04017,2025-12-14,C1589,Female,42,Bengaluru,Dress,Kurti,4,1499,20,4796.8,UPI,3.5,Delivered
ORD04018,2025-01-01,C1261,Female,46,Pune,Bottom,Trousers,1,2999,5,2849.05,Card,4.3,Delivered
ORD04019,2025-06-07,C1515,Female,43,Mumbai,Accessories,Handbag,4,799,10,2876.4,Card,4.3,Returned
ORD04020,2025-04-24,C1822,Male,46,Bengaluru,Accessories,Scarf,4,2499,0,9996.0,Net Banking,4.2,Delivered
ORD04021,2025-07-28,C1570,Male,45,Delhi,Shoes,Sneakers,3,2499,0,7497.0,Net Banking,4.6,Returned
ORD04022,2025-04-23,C1981,Female,43,Chennai,Dress,Kurti,4,1999,20,6396.8,Card,3.9,Cancelled
ORD04023,2025-09-17,C1278,Female,32,Delhi,Top,Shirt,3,1499,0,4497.0,Net Banking,4.9,Returned
ORD04024,2025-12-19,C1624,Female,39,Hyderabad,Shoes,Sandals,4,1999,10,7196.4,Card,4.3,Returned
ORD04025,2025-10-17,C1925,Male,30,Hyderabad,Dress,Kurti,2,1499,10,2698.2,Net Banking,4.0,Delivered
ORD04026,2025-06-29,C1852,Female,49,Chennai,Bottom,Jeans,3,999,10,2697.3,UPI,3.5,Delivered
ORD04027,2025-10-28,C1568,Male,43,Pune,Dress,Maxi Dress,2,1999,10,3598.2,UPI,4.7,Delivered
ORD04028,2025-01-02,C1228,Male,37,Mumbai,Shoes,Sandals,4,799,5,3036.2,Net Banking,4.4,Returned
ORD04029,2025-10-09,C1960,Male,50,Chennai,Dress,Kurti,2,1499,20,2398.4,Net Banking,4.8,Returned
ORD04030,2025-02-22,C1629,Female,18,Bengaluru,Bottom,Jeans,1,1999,15,1699.15,Card,4.7,Cancelled
ORD04031,2025-01-17,C1170,Female,41,Hyderabad,Top,Crop Top,1,799,5,759.05,Cash,4.4,Delivered
ORD04032,2025-07-06,C1327,Female,37,Hyderabad,Bottom,Jeans,1,1499,10,1349.1,Net Banking,4.2,Delivered
ORD04033,2025-01-02,C1803,Female,43,Pune,Top,Crop Top,1,499,15,424.15,Cash,4.5,Returned
ORD04034,2025-01-04,C1797,Male,45,Bengaluru,Shoes,Sneakers,3,499,0,1497.0,UPI,4.4,Returned
ORD04035,2025-07-27,C1021,Male,36,Delhi,Dress,Kurti,3,799,0,2397.0,Cash,4.2,Returned
ORD04036,2025-04-28,C1777,Female,46,Delhi,Accessories,Watch,1,1999,0,1999.0,Net Banking,3.9,Returned
ORD04037,2025-04-08,C1274,Male,44,Pune,Bottom,Leggings,4,2999,0,11996.0,Cash,4.1,Delivered
ORD04038,2025-10-29,C1975,Female,55,Bengaluru,Top,Crop Top,2,2999,10,5398.2,Net Banking,4.4,Cancelled
ORD04039,2025-09-22,C1569,Male,36,Pune,Dress,Kurti,1,1999,15,1699.15,Cash,4.6,Cancelled
ORD04040,2025-05-14,C1341,Male,26,Chennai,Dress,Floral Dress,4,799,10,2876.4,Net Banking,4.3,Delivered
ORD04041,2025-03-22,C1670,Male,19,Hyderabad,Accessories,Handbag,4,1999,0,7996.0,Cash,4.8,Returned
ORD04042,2025-06-15,C1338,Female,19,Pune,Top,T-Shirt,2,499,5,948.1,Net Banking,3.9,Delivered
ORD04043,2025-05-08,C1058,Female,31,Bengaluru,Bottom,Leggings,4,2999,20,9596.8,Cash,4.2,Returned
ORD04044,2025-07-09,C1111,Male,36,Pune,Accessories,Handbag,4,2499,0,9996.0,Card,4.5,Returned
ORD04045,2025-10-24,C1672,Male,26,Chennai,Shoes,Heels,4,1499,15,5096.6,Card,4.4,Returned
ORD04046,2025-08-04,C1482,Female,39,Bengaluru,Accessories,Watch,4,799,15,2716.6,UPI,3.6,Delivered
ORD04047,2025-03-25,C1551,Female,37,Mumbai,Dress,Kurti,3,999,10,2697.3,Card,4.5,Returned
ORD04048,2025-05-01,C1691,Female,42,Bengaluru,Accessories,Watch,4,1999,10,7196.4,Cash,4.9,Cancelled
ORD04049,2025-09-03,C1530,Female,32,Hyderabad,Accessories,Watch,4,1999,0,7996.0,UPI,4.3,Returned
ORD04050,2025-11-16,C1292,Male,36,Delhi,Dress,Kurti,2,999,20,1598.4,Cash,3.6,Returned
ORD04051,2025-06-03,C1279,Female,27,Bengaluru,Bottom,Jeans,4,499,15,1696.6,Net Banking,3.7,Delivered
ORD04052,2025-03-25,C1562,Female,35,Pune,Dress,Kurti,3,999,15,2547.45,Net Banking,4.7,Returned
ORD04053,2025-07-15,C1816,Male,33,Bengaluru,Dress,Kurti,2,1999,0,3998.0,Card,4.9,Cancelled
ORD04054,2025-11-08,C1705,Male,19,Hyderabad,Dress,Floral Dress,3,1499,20,3597.6,Cash,4.9,Cancelled
ORD04055,2025-02-24,C1195,Male,29,Delhi,Shoes,Heels,4,499,15,1696.6,Net Banking,4.0,Returned
ORD04056,2025-02-17,C1781,Female,48,Pune,Accessories,Watch,3,2999,15,7647.45,Net Banking,4.7,Delivered
ORD04057,2025-07-26,C1923,Male,32,Hyderabad,Shoes,Heels,4,2499,20,7996.8,Net Banking,4.1,Delivered
ORD04058,2025-07-29,C1132,Female,51,Bengaluru,Accessories,Handbag,2,499,5,948.1,Cash,3.7,Delivered
ORD04059,2025-05-22,C1580,Female,46,Pune,Accessories,Watch,4,1499,10,5396.4,Cash,4.7,Delivered
ORD04060,2025-10-16,C1665,Female,36,Pune,Shoes,Heels,3,2999,5,8547.15,Card,4.7,Delivered
ORD04061,2025-02-09,C1717,Male,51,Hyderabad,Shoes,Heels,2,499,20,798.4,Card,4.5,Returned
ORD04062,2025-01-10,C1363,Male,42,Delhi,Accessories,Handbag,1,499,20,399.2,UPI,3.7,Returned
ORD04063,2025-01-20,C1949,Male,28,Mumbai,Bottom,Leggings,4,1999,15,6796.6,Card,4.4,Delivered
ORD04064,2025-03-04,C1950,Female,47,Delhi,Bottom,Jeans,3,499,10,1347.3,Cash,4.8,Cancelled
ORD04065,2025-02-17,C1667,Male,48,Bengaluru,Top,Shirt,4,1999,15,6796.6,Card,5.0,Delivered
ORD04066,2025-03-21,C1020,Male,53,Delhi,Top,T-Shirt,3,1499,20,3597.6,Cash,4.0,Returned
ORD04067,2025-12-09,C1967,Male,54,Chennai,Shoes,Heels,4,499,15,1696.6,Cash,4.8,Delivered
ORD04068,2025-06-07,C1064,Female,33,Chennai,Shoes,Heels,1,499,5,474.05,Card,3.6,Cancelled
ORD04069,2025-08-08,C1378,Female,36,Bengaluru,Shoes,Heels,2,799,10,1438.2,UPI,4.5,Delivered
ORD04070,2025-03-30,C1446,Female,37,Chennai,Dress,Floral Dress,3,2499,15,6372.45,UPI,4.2,Delivered
ORD04071,2025-02-28,C1914,Female,31,Delhi,Accessories,Scarf,2,2499,20,3998.4,Card,4.8,Returned
ORD04072,2025-09-30,C1684,Female,18,Bengaluru,Bottom,Jeans,3,2499,15,6372.45,UPI,3.7,Delivered
ORD04073,2025-05-06,C1756,Female,20,Bengaluru,Accessories,Watch,4,2999,10,10796.4,Cash,4.8,Cancelled
ORD04074,2025-10-02,C1905,Male,34,Pune,Dress,Kurti,3,499,10,1347.3,Cash,4.5,Cancelled
ORD04075,2025-01-31,C1411,Male,45,Pune,Bottom,Leggings,4,2499,10,8996.4,UPI,3.6,Cancelled
ORD04076,2025-05-03,C1809,Male,32,Pune,Bottom,Trousers,4,799,15,2716.6,Cash,3.7,Cancelled
ORD04077,2025-05-19,C1913,Male,53,Pune,Bottom,Leggings,3,799,20,1917.6,Cash,4.7,Returned
ORD04078,2025-07-01,C1956,Male,48,Hyderabad,Dress,Floral Dress,2,2999,5,5698.1,Net Banking,3.7,Delivered
ORD04079,2025-05-03,C1777,Female,31,Mumbai,Dress,Maxi Dress,2,1999,0,3998.0,Card,4.8,Returned
ORD04080,2025-07-08,C1723,Female,42,Mumbai,Top,T-Shirt,3,2499,10,6747.3,Cash,4.7,Cancelled
ORD04081,2025-08-15,C1559,Male,32,Hyderabad,Shoes,Heels,4,2999,10,10796.4,Card,4.6,Cancelled
ORD04082,2025-06-29,C1081,Female,46,Hyderabad,Accessories,Watch,2,499,0,998.0,Net Banking,4.4,Cancelled
ORD04083,2025-04-03,C1743,Male,46,Hyderabad,Top,Crop Top,1,2499,20,1999.2,Card,4.0,Delivered
ORD04084,2025-10-29,C1877,Female,43,Chennai,Dress,Kurti,4,2999,10,10796.4,UPI,4.4,Returned
ORD04085,2025-07-13,C1655,Female,18,Mumbai,Bottom,Leggings,4,799,10,2876.4,Card,4.5,Returned
ORD04086,2025-06-18,C1054,Male,26,Pune,Dress,Kurti,4,999,20,3196.8,Net Banking,4.2,Returned
ORD04087,2025-08-25,C1294,Male,55,Pune,Top,T-Shirt,3,1499,20,3597.6,Net Banking,4.9,Returned
ORD04088,2025-01-22,C1152,Female,34,Delhi,Accessories,Watch,4,1499,5,5696.2,UPI,4.4,Cancelled
ORD04089,2025-10-05,C1668,Male,25,Pune,Shoes,Sneakers,1,1999,15,1699.15,Card,3.6,Delivered
ORD04090,2025-11-29,C1073,Female,34,Mumbai,Top,Shirt,4,799,20,2556.8,Net Banking,4.5,Delivered
ORD04091,2025-01-15,C1500,Male,40,Mumbai,Shoes,Heels,4,999,15,3396.6,Net Banking,3.6,Returned
ORD04092,2025-02-24,C1976,Male,18,Chennai,Shoes,Heels,2,2499,0,4998.0,UPI,4.3,Delivered
ORD04093,2025-10-19,C1957,Male,21,Bengaluru,Shoes,Sneakers,2,799,0,1598.0,Cash,4.0,Delivered
ORD04094,2025-01-13,C1822,Female,27,Hyderabad,Shoes,Heels,3,799,0,2397.0,Card,4.3,Delivered
ORD04095,2025-06-03,C1391,Female,35,Bengaluru,Shoes,Heels,2,799,5,1518.1,UPI,4.8,Delivered
ORD04096,2025-11-26,C1242,Female,47,Hyderabad,Shoes,Sneakers,4,499,15,1696.6,Card,4.2,Delivered
ORD04097,2025-11-08,C1026,Female,48,Hyderabad,Bottom,Jeans,1,499,0,499.0,UPI,4.2,Cancelled
ORD04098,2025-07-20,C1277,Female,45,Chennai,Dress,Kurti,1,1499,0,1499.0,Cash,4.6,Cancelled
ORD04099,2025-04-26,C1824,Male,43,Chennai,Bottom,Leggings,3,1499,20,3597.6,Net Banking,3.5,Cancelled
ORD04100,2025-02-12,C1853,Male,55,Hyderabad,Bottom,Trousers,3,2999,15,7647.45,Card,4.9,Cancelled
ORD04101,2025-04-22,C1789,Male,52,Pune,Shoes,Sandals,3,1999,15,5097.45,Cash,4.0,Returned
ORD04102,2025-10-06,C1178,Male,47,Pune,Top,T-Shirt,3,799,0,2397.0,UPI,3.9,Delivered
ORD04103,2025-06-27,C1207,Female,36,Chennai,Top,Shirt,4,999,10,3596.4,UPI,3.9,Returned
ORD04104,2025-03-14,C1839,Male,21,Mumbai,Top,Crop Top,2,999,0,1998.0,Cash,3.7,Cancelled
ORD04105,2025-04-26,C1701,Male,19,Hyderabad,Top,T-Shirt,4,2999,5,11396.2,UPI,5.0,Cancelled
ORD04106,2025-12-22,C1080,Male,28,Delhi,Bottom,Trousers,1,1999,20,1599.2,UPI,4.6,Returned
ORD04107,2025-12-15,C1848,Female,48,Mumbai,Bottom,Trousers,2,499,15,848.3,UPI,5.0,Delivered
ORD04108,2025-01-01,C1578,Male,47,Bengaluru,Top,Shirt,1,2499,15,2124.15,Net Banking,4.3,Delivered
ORD04109,2025-09-05,C1206,Female,25,Pune,Bottom,Jeans,1,999,5,949.05,UPI,4.9,Returned
ORD04110,2025-06-07,C1103,Female,48,Mumbai,Dress,Maxi Dress,4,1999,15,6796.6,Cash,3.9,Cancelled
ORD04111,2025-04-06,C1351,Male,38,Bengaluru,Bottom,Leggings,3,799,15,2037.45,Net Banking,3.9,Returned
ORD04112,2025-04-24,C1696,Female,23,Bengaluru,Accessories,Scarf,4,2499,15,8496.6,Net Banking,4.7,Delivered
ORD04113,2025-01-16,C1102,Female,19,Hyderabad,Top,Crop Top,2,2499,5,4748.1,Cash,4.5,Cancelled
ORD04114,2025-02-19,C1635,Female,32,Mumbai,Dress,Kurti,4,2999,0,11996.0,Card,4.0,Delivered
ORD04115,2025-08-03,C1077,Male,41,Chennai,Bottom,Leggings,4,799,10,2876.4,Cash,4.6,Cancelled
ORD04116,2025-12-16,C1835,Male,45,Mumbai,Top,T-Shirt,3,499,15,1272.45,UPI,3.7,Returned
ORD04117,2025-10-22,C1547,Male,40,Pune,Shoes,Heels,1,2499,5,2374.05,Card,3.5,Returned
ORD04118,2025-09-28,C1062,Female,46,Hyderabad,Top,Shirt,2,1499,5,2848.1,Card,4.0,Returned
ORD04119,2025-08-06,C1474,Female,27,Pune,Shoes,Sneakers,3,2499,10,6747.3,Net Banking,3.6,Cancelled
ORD04120,2025-06-04,C1133,Male,26,Bengaluru,Bottom,Jeans,1,1999,15,1699.15,Card,3.9,Cancelled
ORD04121,2025-11-23,C1176,Female,24,Bengaluru,Bottom,Trousers,4,499,20,1596.8,Card,4.6,Cancelled
ORD04122,2025-03-21,C1386,Male,46,Bengaluru,Accessories,Handbag,3,999,10,2697.3,Card,4.3,Delivered
ORD04123,2025-10-14,C1933,Female,43,Bengaluru,Dress,Floral Dress,3,1999,0,5997.0,Card,3.7,Returned
ORD04124,2025-05-10,C1267,Female,45,Delhi,Dress,Maxi Dress,1,1999,15,1699.15,Card,5.0,Delivered
ORD04125,2025-02-28,C1422,Male,22,Bengaluru,Bottom,Leggings,4,1999,10,7196.4,Cash,4.9,Delivered
ORD04126,2025-06-02,C1335,Female,47,Pune,Shoes,Sneakers,2,999,5,1898.1,Cash,4.4,Delivered
ORD04127,2025-01-23,C1496,Female,44,Delhi,Dress,Maxi Dress,4,999,10,3596.4,Net Banking,4.6,Cancelled
ORD04128,2025-08-22,C1446,Male,49,Hyderabad,Bottom,Jeans,2,1999,5,3798.1,Card,3.7,Delivered
ORD04129,2025-03-07,C1942,Female,41,Mumbai,Bottom,Trousers,3,1999,5,5697.15,Cash,4.5,Cancelled
ORD04130,2025-07-06,C1826,Male,37,Pune,Accessories,Handbag,4,2999,0,11996.0,Net Banking,4.5,Returned
ORD04131,2025-11-27,C1784,Male,20,Chennai,Bottom,Leggings,4,499,10,1796.4,UPI,3.6,Returned
ORD04132,2025-09-17,C1839,Male,38,Hyderabad,Shoes,Sneakers,1,2499,5,2374.05,Cash,4.7,Returned
ORD04133,2025-09-01,C1075,Male,46,Bengaluru,Accessories,Scarf,1,2499,0,2499.0,UPI,3.7,Returned
ORD04134,2025-10-30,C1098,Female,36,Delhi,Shoes,Sandals,3,799,20,1917.6,Net Banking,3.5,Cancelled
ORD04135,2025-10-03,C1609,Male,28,Hyderabad,Bottom,Jeans,1,2499,5,2374.05,UPI,3.5,Returned
ORD04136,2025-01-17,C1158,Male,47,Bengaluru,Bottom,Jeans,4,999,20,3196.8,Cash,4.6,Returned
ORD04137,2025-09-26,C1014,Male,33,Hyderabad,Top,Shirt,3,1999,15,5097.45,Net Banking,4.9,Returned
ORD04138,2025-07-06,C1593,Male,25,Hyderabad,Shoes,Sneakers,4,499,0,1996.0,UPI,4.3,Delivered
ORD04139,2025-03-20,C1559,Female,51,Chennai,Top,T-Shirt,1,999,5,949.05,Net Banking,4.2,Cancelled
ORD04140,2025-02-06,C1062,Male,45,Hyderabad,Top,Crop Top,2,499,5,948.1,Card,3.5,Delivered
ORD04141,2025-07-07,C1275,Male,40,Chennai,Top,Crop Top,4,1499,15,5096.6,UPI,3.8,Cancelled
ORD04142,2025-03-10,C1634,Male,37,Mumbai,Accessories,Handbag,4,499,5,1896.2,Net Banking,4.2,Delivered
ORD04143,2025-07-19,C1205,Female,35,Hyderabad,Bottom,Trousers,2,999,20,1598.4,Cash,3.8,Returned
ORD04144,2025-04-28,C1962,Male,41,Delhi,Accessories,Handbag,1,1999,5,1899.05,Cash,4.7,Returned
ORD04145,2025-11-28,C1528,Male,45,Pune,Top,Crop Top,2,999,15,1698.3,UPI,4.5,Returned
ORD04146,2025-11-22,C1153,Female,23,Delhi,Bottom,Trousers,4,999,5,3796.2,UPI,3.5,Cancelled
ORD04147,2025-11-18,C1674,Male,20,Mumbai,Accessories,Watch,1,1499,15,1274.15,Net Banking,4.3,Cancelled
ORD04148,2025-10-05,C1082,Male,53,Hyderabad,Accessories,Scarf,1,999,10,899.1,UPI,4.8,Returned
ORD04149,2025-09-05,C1276,Female,20,Pune,Top,Crop Top,3,999,20,2397.6,Card,4.0,Returned
ORD04150,2025-09-10,C1672,Male,19,Pune,Top,Crop Top,4,999,20,3196.8,UPI,4.8,Returned
ORD04151,2025-04-18,C1987,Female,46,Delhi,Shoes,Sneakers,1,1999,15,1699.15,Card,3.9,Cancelled
ORD04152,2025-08-04,C1512,Male,53,Delhi,Accessories,Handbag,3,999,10,2697.3,Net Banking,4.8,Cancelled
ORD04153,2025-04-19,C1389,Male,35,Chennai,Dress,Floral Dress,1,999,20,799.2,Card,3.7,Returned
ORD04154,2025-01-03,C1138,Female,25,Hyderabad,Accessories,Scarf,3,2999,15,7647.45,UPI,4.5,Returned
ORD04155,2025-01-26,C1636,Female,48,Chennai,Shoes,Sneakers,3,2499,10,6747.3,Net Banking,4.7,Delivered
ORD04156,2025-05-05,C1975,Male,52,Mumbai,Bottom,Trousers,4,1499,10,5396.4,Cash,4.2,Returned
ORD04157,2025-12-12,C1058,Male,44,Mumbai,Top,Crop Top,1,1999,0,1999.0,Cash,4.8,Cancelled
ORD04158,2025-03-10,C1046,Male,28,Mumbai,Shoes,Heels,1,1999,0,1999.0,UPI,4.7,Returned
ORD04159,2025-08-10,C1568,Male,50,Bengaluru,Accessories,Watch,3,1499,5,4272.15,Net Banking,3.8,Returned
ORD04160,2025-07-31,C1570,Female,42,Hyderabad,Shoes,Heels,3,999,5,2847.15,Cash,4.0,Delivered
ORD04161,2025-12-03,C1410,Female,50,Bengaluru,Shoes,Heels,3,1999,15,5097.45,UPI,4.3,Delivered
ORD04162,2025-07-27,C1656,Female,39,Mumbai,Dress,Floral Dress,1,799,10,719.1,Card,4.0,Returned
ORD04163,2025-11-17,C1999,Female,36,Bengaluru,Shoes,Sandals,3,799,20,1917.6,UPI,3.9,Returned
ORD04164,2025-07-17,C1217,Male,48,Pune,Dress,Kurti,3,999,0,2997.0,Net Banking,4.0,Cancelled
ORD04165,2025-10-30,C1403,Male,30,Hyderabad,Bottom,Trousers,1,2999,0,2999.0,Net Banking,4.3,Returned
ORD04166,2025-10-22,C1537,Male,30,Mumbai,Accessories,Watch,3,1999,10,5397.3,Card,3.7,Returned
ORD04167,2025-02-11,C1532,Male,24,Chennai,Dress,Kurti,4,2999,15,10196.6,Net Banking,4.6,Returned
ORD04168,2025-10-07,C1638,Male,55,Hyderabad,Shoes,Heels,2,1499,0,2998.0,Cash,4.7,Cancelled
ORD04169,2025-10-21,C1788,Female,48,Delhi,Top,Shirt,1,999,5,949.05,Card,4.5,Cancelled
ORD04170,2025-04-19,C1732,Female,23,Bengaluru,Bottom,Leggings,4,2499,20,7996.8,UPI,4.3,Cancelled
ORD04171,2025-06-11,C1536,Male,52,Delhi,Accessories,Scarf,4,2999,15,10196.6,Card,4.1,Delivered
ORD04172,2025-08-17,C1857,Male,19,Delhi,Accessories,Watch,3,799,0,2397.0,Card,4.9,Cancelled
ORD04173,2025-09-08,C1306,Male,26,Chennai,Dress,Floral Dress,4,499,10,1796.4,Cash,4.0,Returned
ORD04174,2025-10-17,C1891,Male,28,Bengaluru,Accessories,Watch,4,1499,20,4796.8,UPI,4.0,Delivered
ORD04175,2025-09-24,C1711,Male,40,Hyderabad,Dress,Maxi Dress,2,1499,5,2848.1,Cash,3.7,Delivered
ORD04176,2025-03-30,C1206,Male,41,Chennai,Top,Crop Top,2,2999,10,5398.2,UPI,4.0,Cancelled
ORD04177,2025-02-22,C1784,Female,29,Chennai,Top,Shirt,3,999,15,2547.45,Net Banking,3.6,Returned
ORD04178,2025-09-21,C1841,Female,30,Mumbai,Top,Shirt,1,2999,10,2699.1,Net Banking,4.4,Cancelled
ORD04179,2025-01-18,C1132,Male,20,Bengaluru,Dress,Floral Dress,2,499,15,848.3,UPI,3.9,Cancelled
ORD04180,2025-04-17,C1286,Female,18,Mumbai,Shoes,Heels,2,2999,10,5398.2,Net Banking,3.9,Delivered
ORD04181,2025-07-26,C1653,Male,55,Hyderabad,Top,Crop Top,3,1499,10,4047.3,Net Banking,3.6,Delivered
ORD04182,2025-02-15,C1275,Male,40,Pune,Top,Shirt,2,499,10,898.2,Net Banking,4.6,Delivered
ORD04183,2025-12-04,C1319,Female,28,Bengaluru,Top,Crop Top,4,1999,10,7196.4,UPI,3.6,Cancelled
ORD04184,2025-03-20,C1898,Male,34,Pune,Top,Crop Top,2,999,10,1798.2,Cash,4.5,Cancelled
ORD04185,2025-03-01,C1231,Male,18,Delhi,Bottom,Jeans,1,2999,15,2549.15,Cash,4.8,Cancelled
ORD04186,2025-03-26,C1201,Female,21,Hyderabad,Accessories,Scarf,2,1499,10,2698.2,Net Banking,4.8,Delivered
ORD04187,2025-07-03,C1411,Male,50,Delhi,Bottom,Leggings,2,799,10,1438.2,UPI,4.0,Cancelled
ORD04188,2025-08-13,C1304,Female,55,Hyderabad,Top,Crop Top,3,799,20,1917.6,UPI,4.3,Delivered
ORD04189,2025-04-14,C1929,Male,47,Hyderabad,Bottom,Trousers,3,1499,5,4272.15,Card,4.7,Returned
ORD04190,2025-07-09,C1026,Male,47,Delhi,Shoes,Sneakers,3,499,10,1347.3,UPI,3.9,Returned
ORD04191,2025-11-10,C1649,Male,43,Delhi,Shoes,Sandals,4,999,10,3596.4,Net Banking,4.3,Cancelled
ORD04192,2025-04-04,C1043,Female,33,Pune,Shoes,Sandals,2,799,5,1518.1,UPI,3.8,Returned
ORD04193,2025-08-08,C1873,Female,24,Chennai,Top,Crop Top,1,1999,0,1999.0,Card,4.8,Returned
ORD04194,2025-03-17,C1853,Male,27,Hyderabad,Top,Shirt,1,2999,0,2999.0,Net Banking,4.8,Delivered
ORD04195,2025-03-03,C1276,Male,26,Chennai,Top,T-Shirt,2,799,20,1278.4,Cash,4.1,Returned
ORD04196,2025-05-28,C1245,Male,27,Mumbai,Bottom,Jeans,2,999,20,1598.4,Card,3.7,Cancelled
ORD04197,2025-09-27,C1960,Male,52,Chennai,Dress,Floral Dress,1,499,5,474.05,Card,3.7,Returned
ORD04198,2025-10-18,C1098,Male,39,Mumbai,Top,Shirt,1,2499,20,1999.2,Card,4.8,Cancelled
ORD04199,2025-04-05,C1602,Female,51,Delhi,Bottom,Leggings,1,2499,15,2124.15,Net Banking,5.0,Cancelled
ORD04200,2025-11-02,C1889,Female,47,Hyderabad,Shoes,Heels,3,499,20,1197.6,Cash,4.6,Delivered
ORD04201,2025-11-25,C1476,Male,21,Bengaluru,Shoes,Sneakers,3,499,20,1197.6,Card,3.8,Delivered
ORD04202,2025-06-21,C1433,Female,28,Bengaluru,Shoes,Sneakers,2,1499,5,2848.1,UPI,4.9,Returned
ORD04203,2025-11-03,C1684,Female,46,Bengaluru,Top,Shirt,2,1999,5,3798.1,Card,3.9,Cancelled
ORD04204,2025-05-24,C1442,Male,28,Mumbai,Top,Crop Top,3,799,20,1917.6,Card,3.7,Delivered
ORD04205,2025-06-16,C1180,Male,31,Delhi,Accessories,Handbag,2,1999,0,3998.0,UPI,3.8,Returned
ORD04206,2025-05-30,C1941,Male,24,Delhi,Top,Shirt,1,2999,20,2399.2,Cash,4.8,Delivered
ORD04207,2025-03-21,C1257,Female,42,Bengaluru,Top,Shirt,3,799,5,2277.15,UPI,4.4,Cancelled
ORD04208,2025-08-01,C1930,Male,30,Mumbai,Accessories,Handbag,2,2999,10,5398.2,Net Banking,3.6,Returned
ORD04209,2025-04-30,C1212,Female,50,Chennai,Dress,Maxi Dress,2,2999,10,5398.2,Cash,4.3,Cancelled
ORD04210,2025-10-24,C1654,Female,39,Hyderabad,Dress,Kurti,1,999,5,949.05,Net Banking,4.6,Returned
ORD04211,2025-09-02,C1132,Male,29,Chennai,Accessories,Watch,1,1999,5,1899.05,Card,4.0,Delivered
ORD04212,2025-02-05,C1570,Female,37,Hyderabad,Dress,Maxi Dress,1,1999,15,1699.15,Cash,4.8,Returned
ORD04213,2025-11-14,C1100,Female,53,Mumbai,Shoes,Heels,4,2499,10,8996.4,Cash,3.8,Cancelled
ORD04214,2025-12-07,C1858,Male,47,Chennai,Shoes,Heels,1,1999,15,1699.15,UPI,4.4,Cancelled
ORD04215,2025-11-22,C1684,Female,24,Pune,Top,Shirt,2,2499,10,4498.2,UPI,4.7,Returned
ORD04216,2025-03-15,C1432,Female,46,Bengaluru,Bottom,Trousers,4,799,10,2876.4,UPI,5.0,Cancelled
ORD04217,2025-06-04,C1495,Male,33,Mumbai,Accessories,Watch,1,2499,10,2249.1,Net Banking,4.4,Returned
ORD04218,2025-03-21,C1024,Female,38,Delhi,Top,Shirt,3,2999,5,8547.15,Card,5.0,Delivered
ORD04219,2025-01-31,C1712,Male,48,Pune,Shoes,Sandals,1,999,5,949.05,Cash,3.9,Delivered
ORD04220,2025-12-13,C1863,Female,52,Mumbai,Bottom,Jeans,1,499,20,399.2,UPI,3.6,Cancelled
ORD04221,2025-07-06,C1167,Female,35,Hyderabad,Bottom,Jeans,1,2499,5,2374.05,Net Banking,3.7,Returned
ORD04222,2025-11-17,C1684,Female,36,Delhi,Shoes,Sandals,4,499,15,1696.6,Card,4.2,Cancelled
ORD04223,2025-01-16,C1471,Male,20,Chennai,Shoes,Sandals,2,499,15,848.3,UPI,5.0,Cancelled
ORD04224,2025-01-05,C1380,Female,37,Mumbai,Dress,Floral Dress,2,999,10,1798.2,UPI,4.3,Delivered
ORD04225,2025-01-14,C1286,Female,55,Pune,Accessories,Watch,3,2499,20,5997.6,UPI,4.5,Cancelled
ORD04226,2025-05-31,C1939,Male,19,Delhi,Dress,Maxi Dress,2,2499,5,4748.1,Card,4.5,Delivered
ORD04227,2025-01-31,C1469,Male,35,Chennai,Shoes,Heels,1,999,0,999.0,Card,3.7,Delivered
ORD04228,2025-07-06,C1745,Female,53,Delhi,Dress,Maxi Dress,3,2999,0,8997.0,UPI,3.8,Returned
ORD04229,2025-05-17,C1118,Female,51,Mumbai,Shoes,Sneakers,4,1499,10,5396.4,Cash,4.5,Delivered
ORD04230,2025-03-09,C1953,Female,48,Pune,Bottom,Leggings,1,1999,10,1799.1,Card,3.7,Delivered
ORD04231,2025-03-04,C1120,Male,45,Mumbai,Bottom,Jeans,4,499,0,1996.0,Net Banking,4.9,Delivered
ORD04232,2025-01-19,C1402,Male,44,Delhi,Bottom,Jeans,3,1999,5,5697.15,UPI,3.9,Cancelled
ORD04233,2025-03-04,C1869,Male,49,Mumbai,Bottom,Trousers,4,799,10,2876.4,Net Banking,4.0,Delivered
ORD04234,2025-01-17,C1558,Female,38,Chennai,Top,T-Shirt,1,1499,5,1424.05,Card,4.0,Returned
ORD04235,2025-08-08,C1690,Male,38,Mumbai,Dress,Kurti,4,2499,0,9996.0,Card,4.6,Returned
ORD04236,2025-02-08,C1853,Male,35,Pune,Dress,Floral Dress,1,1999,20,1599.2,UPI,4.4,Cancelled
ORD04237,2025-12-29,C1113,Male,29,Hyderabad,Accessories,Scarf,1,799,20,639.2,Net Banking,4.2,Returned
ORD04238,2025-05-16,C1651,Male,37,Chennai,Dress,Maxi Dress,3,1999,5,5697.15,Cash,4.7,Delivered
ORD04239,2025-09-30,C1959,Female,43,Bengaluru,Top,Shirt,4,999,5,3796.2,Cash,4.2,Cancelled
ORD04240,2025-03-29,C1579,Male,47,Mumbai,Dress,Floral Dress,1,999,0,999.0,Cash,4.9,Delivered
ORD04241,2025-09-22,C1239,Female,47,Bengaluru,Dress,Kurti,4,1499,15,5096.6,UPI,4.2,Delivered
ORD04242,2025-04-25,C1648,Female,23,Chennai,Shoes,Sneakers,2,999,0,1998.0,Card,4.3,Delivered
ORD04243,2025-04-03,C1687,Male,45,Bengaluru,Dress,Maxi Dress,4,1999,5,7596.2,UPI,3.6,Cancelled
ORD04244,2025-03-19,C1603,Female,25,Chennai,Shoes,Sandals,2,499,0,998.0,Card,,Returned
ORD04245,2025-02-14,C1871,Male,53,Delhi,Shoes,Sneakers,4,1999,15,6796.6,UPI,4.7,Cancelled
ORD04246,2025-12-02,C1687,Female,43,Bengaluru,Top,Crop Top,1,2499,20,1999.2,Card,3.8,Returned
ORD04247,2025-10-26,C1609,Female,20,Bengaluru,Dress,Kurti,4,799,5,3036.2,Net Banking,3.8,Cancelled
ORD04248,2025-06-24,C1362,Male,51,Chennai,Shoes,Sandals,4,1499,0,5996.0,UPI,4.7,Cancelled
ORD04249,2025-04-22,C1044,Female,29,Delhi,Dress,Maxi Dress,1,2499,20,1999.2,UPI,3.6,Cancelled
ORD04250,2025-06-01,C1319,Male,55,Hyderabad,Accessories,Scarf,1,999,10,899.1,Cash,4.8,Delivered
ORD04251,2025-07-10,C1013,Male,55,,Top,Shirt,2,1499,0,2998.0,UPI,4.1,Returned
ORD04252,2025-06-08,C1625,Male,44,Bengaluru,Shoes,Sneakers,1,2999,20,2399.2,Cash,3.7,Cancelled
ORD04253,2025-05-23,C1577,Male,25,Bengaluru,Dress,Floral Dress,2,2999,0,5998.0,Net Banking,4.2,Returned
ORD04254,2025-09-10,C1347,Male,24,Delhi,Bottom,Leggings,1,2499,0,2499.0,Net Banking,3.9,Returned
ORD04255,2025-10-14,C1403,Male,30,Hyderabad,Top,T-Shirt,3,499,20,1197.6,UPI,3.9,Delivered
ORD04256,2025-07-04,C1903,Female,48,Delhi,Shoes,Heels,3,1999,15,5097.45,Card,4.2,Returned
ORD04257,2025-11-03,C1956,Male,49,Pune,Dress,Maxi Dress,2,999,15,1698.3,UPI,3.9,Delivered
ORD04258,2025-10-04,C1091,Male,25,Pune,Dress,Maxi Dress,1,2999,0,2999.0,Card,3.8,Cancelled
ORD04259,2025-02-19,C1832,Female,18,Hyderabad,Top,T-Shirt,2,2999,5,5698.1,UPI,3.9,Cancelled
ORD04260,2025-07-01,C1116,Female,43,Pune,Shoes,Heels,4,2499,20,7996.8,UPI,4.3,Returned
ORD04261,2025-04-25,C1802,Female,43,Chennai,Shoes,Heels,3,999,20,2397.6,UPI,3.6,Returned
ORD04262,2025-02-23,C1019,Female,35,Chennai,Top,T-Shirt,2,1499,15,2548.3,UPI,3.7,Delivered
ORD04263,2025-07-31,C1364,Female,55,Mumbai,Shoes,Sneakers,2,1999,10,3598.2,UPI,4.8,Cancelled
ORD04264,2025-07-25,C1924,Female,54,Mumbai,Accessories,Scarf,3,1499,20,3597.6,Card,4.3,Cancelled
ORD04265,2025-02-02,C1545,Male,29,Mumbai,Accessories,Watch,3,999,5,2847.15,Cash,4.8,Cancelled
ORD04266,2025-04-25,C1749,Male,46,Mumbai,Shoes,Heels,1,2999,10,2699.1,Net Banking,4.0,Cancelled
ORD04267,2025-04-25,C1796,Female,37,Bengaluru,Dress,Kurti,1,1999,10,1799.1,Net Banking,4.2,Delivered
ORD04268,2025-10-21,C1016,Male,28,Delhi,Dress,Kurti,2,2499,10,4498.2,Card,3.8,Cancelled
ORD04269,2025-12-04,C1080,Female,22,Mumbai,Shoes,Sandals,3,799,5,2277.15,UPI,3.9,Returned
ORD04270,2025-07-29,C1045,Male,19,Bengaluru,Shoes,Heels,1,2999,20,2399.2,Net Banking,4.9,Returned
ORD04271,2025-03-08,C1752,Female,44,Delhi,Accessories,Scarf,4,1999,5,7596.2,Card,4.6,Cancelled
ORD04272,2025-06-03,C1739,Female,39,Pune,Top,Crop Top,3,999,0,2997.0,Card,4.4,Cancelled
ORD04273,2025-07-13,C1971,Female,19,Hyderabad,Accessories,Watch,2,1999,5,3798.1,UPI,4.6,Returned
ORD04274,2025-07-27,C1812,Female,32,Mumbai,Bottom,Trousers,4,499,5,1896.2,Card,4.4,Delivered
ORD04275,2025-11-04,C1817,Male,20,Delhi,Bottom,Trousers,2,499,15,848.3,Net Banking,3.5,Cancelled
ORD04276,2025-11-23,C1820,Male,33,Delhi,Shoes,Sneakers,1,999,0,999.0,Cash,4.3,Delivered
ORD04277,2025-02-14,C1520,Male,30,Bengaluru,Top,Crop Top,2,1999,10,3598.2,UPI,4.0,Returned
ORD04278,2025-06-07,C1227,Male,20,Mumbai,Shoes,Sandals,3,799,10,2157.3,Cash,3.5,Cancelled
ORD04279,2025-08-17,C1887,Female,39,Pune,Dress,Kurti,1,1499,20,1199.2,UPI,4.1,Returned
ORD04280,2025-11-30,C1225,Female,46,Mumbai,Top,Crop Top,3,1499,15,3822.45,Card,4.6,Returned
ORD04281,2025-07-02,C1782,Male,45,Chennai,Dress,Maxi Dress,2,999,15,1698.3,Card,3.9,Delivered
ORD04282,2025-09-18,C1902,Male,34,Chennai,Accessories,Watch,4,1499,0,5996.0,Card,4.5,Returned
ORD04283,2025-12-23,C1460,Female,49,Bengaluru,Bottom,Trousers,3,499,15,1272.45,Card,4.3,Delivered
ORD04284,2025-09-10,C1685,Female,23,Hyderabad,Shoes,Sneakers,3,2999,15,7647.45,Net Banking,3.5,Returned
ORD04285,2025-07-31,C1692,Male,39,Hyderabad,Dress,Kurti,1,499,20,399.2,Net Banking,3.7,Delivered
ORD04286,2025-09-03,C1391,Female,34,Pune,Shoes,Sandals,2,2499,20,3998.4,Card,4.2,Delivered
ORD04287,2025-04-09,C1462,Female,18,Mumbai,Bottom,Leggings,1,999,10,899.1,Card,3.7,Returned
ORD04288,2025-12-08,C1385,Female,41,Bengaluru,Bottom,Trousers,4,999,5,3796.2,Card,4.4,Returned
ORD04289,2025-06-06,C1598,Male,46,Delhi,Bottom,Leggings,3,2499,10,6747.3,Cash,3.5,Returned
ORD04290,2025-01-26,C1876,Female,46,Pune,Top,Shirt,3,2499,5,7122.15,Cash,3.8,Returned
ORD04291,2025-12-24,C1205,Male,22,Hyderabad,Bottom,Leggings,4,999,20,3196.8,Net Banking,4.8,Returned
ORD04292,2025-09-19,C1553,Female,27,Hyderabad,Accessories,Handbag,4,499,10,1796.4,Net Banking,4.8,Delivered
ORD04293,2025-03-09,C1842,Female,33,Hyderabad,Bottom,Trousers,2,999,10,1798.2,Cash,3.8,Returned
ORD04294,2025-05-13,C1839,Male,37,Chennai,Bottom,Jeans,3,499,5,1422.15,Net Banking,4.4,Cancelled
ORD04295,2025-05-11,C1960,Male,49,Mumbai,Accessories,Watch,1,1999,15,1699.15,Cash,4.1,Returned
ORD04296,2025-04-10,C1491,Male,39,Bengaluru,Shoes,Sneakers,1,999,15,849.15,UPI,4.3,Returned
ORD04297,2025-02-13,C1240,Female,30,Pune,Top,T-Shirt,4,799,15,2716.6,Cash,4.9,Delivered
ORD04298,2025-03-03,C1434,Male,37,Chennai,Top,T-Shirt,1,1499,15,1274.15,Net Banking,4.1,Cancelled
ORD04299,2025-02-08,C1514,Male,29,Delhi,Accessories,Scarf,4,1499,15,5096.6,Net Banking,3.8,Cancelled
ORD04300,2025-10-10,C1433,Female,20,Chennai,Top,T-Shirt,3,1499,15,3822.45,Net Banking,4.5,Delivered
ORD04301,2025-10-20,C1367,Female,27,Delhi,Shoes,Heels,1,2499,10,2249.1,Net Banking,4.3,Cancelled
ORD04302,2025-11-02,C1514,Male,19,Hyderabad,Bottom,Trousers,2,799,10,1438.2,Card,5.0,Returned
ORD04303,2025-03-07,C1292,Female,24,Pune,Dress,Floral Dress,4,799,10,2876.4,Cash,4.0,Returned
ORD04304,2025-10-17,C1341,Male,46,Pune,Accessories,Handbag,2,499,20,798.4,UPI,3.7,Returned
ORD04305,2025-11-07,C1202,Male,31,Pune,Dress,Maxi Dress,4,1499,15,5096.6,Net Banking,5.0,Returned
ORD04306,2025-03-24,C1357,Female,18,Mumbai,Bottom,Jeans,2,799,15,1358.3,Cash,4.8,Delivered
ORD04307,2025-03-24,C1345,Female,43,Bengaluru,Top,Crop Top,2,2999,0,5998.0,Cash,3.5,Cancelled
ORD04308,2025-08-18,C1482,Male,32,Pune,Dress,Maxi Dress,3,2999,20,7197.6,Net Banking,4.6,Delivered
ORD04309,2025-01-22,C1068,Female,31,Delhi,Bottom,Leggings,2,999,20,1598.4,Cash,3.8,Returned
ORD04310,2025-09-21,C1702,Male,45,Hyderabad,Shoes,Sneakers,4,2999,15,10196.6,Net Banking,4.4,Delivered
ORD04311,2025-10-24,C1519,Male,19,Chennai,Shoes,Sandals,3,2499,10,6747.3,Net Banking,4.6,Delivered
ORD04312,2025-11-21,C1027,Female,19,Delhi,Top,Shirt,4,2999,5,11396.2,Card,4.3,Cancelled
ORD04313,2025-03-31,C1272,Female,34,Mumbai,Bottom,Jeans,2,2999,0,5998.0,Cash,3.6,Delivered
ORD04314,2025-10-24,C1755,Male,50,Bengaluru,Shoes,Sandals,4,1999,5,7596.2,Card,3.6,Delivered
ORD04315,2025-10-31,C1629,Male,55,Hyderabad,Dress,Floral Dress,1,799,20,639.2,UPI,3.7,Delivered
ORD04316,2025-09-08,C1436,Male,45,Hyderabad,Bottom,Jeans,3,1999,10,5397.3,UPI,4.9,Cancelled
ORD04317,2025-01-16,C1006,Female,35,Bengaluru,Shoes,Sandals,1,799,0,799.0,UPI,4.0,Delivered
ORD04318,2025-07-03,C1505,Female,30,Mumbai,Top,T-Shirt,3,799,5,2277.15,UPI,4.1,Cancelled
ORD04319,2025-11-20,C1756,Male,54,Pune,Dress,Floral Dress,3,999,20,2397.6,Net Banking,4.0,Cancelled
ORD04320,2025-01-25,C1616,Male,33,Bengaluru,Dress,Kurti,4,2999,20,9596.8,Cash,4.7,Delivered
ORD04321,2025-07-08,C1587,Female,52,Chennai,Shoes,Sandals,4,999,20,3196.8,Card,3.7,Returned
ORD04322,2025-01-07,C1109,Male,39,Chennai,Dress,Kurti,1,499,15,424.15,Card,4.7,Cancelled
ORD04323,2025-07-06,C1646,Male,35,Hyderabad,Shoes,Sneakers,4,999,5,3796.2,Net Banking,4.4,Delivered
ORD04324,2025-03-01,C1380,Male,39,Mumbai,Top,T-Shirt,1,2999,20,2399.2,UPI,4.1,Returned
ORD04325,2025-12-13,C1574,Male,37,Hyderabad,Top,T-Shirt,3,1499,5,4272.15,Net Banking,4.9,Delivered
ORD04326,2025-02-19,C1699,Female,54,Chennai,Bottom,Leggings,3,1999,10,5397.3,Card,4.0,Delivered
ORD04327,2025-12-11,C1976,Female,24,Pune,Bottom,Jeans,3,2999,15,7647.45,Card,4.6,Returned
ORD04328,2025-11-26,C1794,Male,43,Bengaluru,Top,Crop Top,1,2499,0,2499.0,Net Banking,3.9,Returned
ORD04329,2025-06-20,C1692,Female,51,Chennai,Dress,Kurti,3,799,0,2397.0,UPI,5.0,Returned
ORD04330,2025-09-21,C1693,Male,38,Hyderabad,Top,Crop Top,3,799,20,1917.6,Cash,3.5,Returned
ORD04331,2025-08-20,C1482,Male,23,Mumbai,Accessories,Handbag,1,799,15,679.15,UPI,3.5,Returned
ORD04332,2025-04-16,C1708,Male,47,Delhi,Accessories,Scarf,4,1999,10,7196.4,Net Banking,4.3,Cancelled
ORD04333,2025-12-01,C1120,Female,18,Delhi,Dress,Floral Dress,3,499,20,1197.6,UPI,4.0,Cancelled
ORD04334,2025-01-18,C1002,Male,35,Hyderabad,Dress,Kurti,1,799,15,679.15,Cash,3.6,Returned
ORD04335,2025-09-17,C1947,Male,18,Chennai,Dress,Kurti,2,2499,5,4748.1,Cash,4.5,Cancelled
ORD04336,2025-07-17,C1149,Female,41,Bengaluru,Bottom,Jeans,3,999,5,2847.15,UPI,4.5,Returned
ORD04337,2025-02-01,C1064,Male,30,Chennai,Bottom,Jeans,2,2499,20,3998.4,Card,4.3,Delivered
ORD04338,2025-02-26,C1113,Male,37,Hyderabad,Bottom,Jeans,3,499,15,1272.45,Card,4.7,Delivered
ORD04339,2025-03-11,C1953,Female,22,Mumbai,Bottom,Trousers,1,1999,15,1699.15,UPI,4.6,Returned
ORD04340,2025-11-23,C1061,Male,22,Pune,Shoes,Sandals,3,1999,0,5997.0,Card,4.9,Cancelled
ORD04341,2025-07-15,C1345,Female,42,Chennai,Top,T-Shirt,1,499,15,424.15,Net Banking,4.2,Delivered
ORD04342,2025-05-31,C1246,Female,36,Bengaluru,Top,T-Shirt,2,1499,20,2398.4,Card,4.0,Delivered
ORD04343,2025-06-10,C1204,Male,39,Chennai,Accessories,Handbag,4,999,20,3196.8,Cash,4.5,Delivered
ORD04344,2025-08-12,C1556,Male,43,Mumbai,Accessories,Scarf,3,799,20,1917.6,Cash,4.5,Returned
ORD04345,2025-08-28,C1293,Male,21,Delhi,Shoes,Sneakers,1,499,20,399.2,UPI,4.2,Returned
ORD04346,2025-10-10,C1319,Female,41,Mumbai,Shoes,Sandals,1,999,10,899.1,Net Banking,4.0,Returned
ORD04347,2025-04-12,C1131,Female,27,Delhi,Top,Crop Top,3,799,5,2277.15,Net Banking,3.6,Cancelled
ORD04348,2025-03-21,C1632,Male,47,Mumbai,Top,Crop Top,1,2499,5,2374.05,Net Banking,3.5,Returned
ORD04349,2025-06-09,C1640,Female,49,Hyderabad,Dress,Kurti,2,2499,10,4498.2,UPI,3.7,Delivered
ORD04350,2025-07-10,C1232,Male,31,Pune,Dress,Maxi Dress,3,2999,15,7647.45,Card,3.7,Returned
ORD04351,2025-02-03,C1288,Female,37,Delhi,Dress,Floral Dress,1,499,0,499.0,Card,3.7,Delivered
ORD04352,2025-12-13,C1028,Female,39,Chennai,Bottom,Jeans,4,2499,15,8496.6,Card,4.3,Cancelled
ORD04353,2025-06-06,C1576,Female,43,Hyderabad,Top,Shirt,4,499,5,1896.2,Net Banking,4.1,Cancelled
ORD04354,2025-12-10,C1605,Female,37,Pune,Accessories,Scarf,4,2499,5,9496.2,UPI,4.0,Delivered
ORD04355,2025-11-13,C1637,Female,46,Mumbai,Bottom,Jeans,4,2499,15,8496.6,Net Banking,4.7,Cancelled
ORD04356,2025-01-21,C1453,Male,24,Hyderabad,Shoes,Sneakers,2,1999,15,3398.3,Cash,4.3,Returned
ORD04357,2025-02-18,C1067,Male,48,Pune,Bottom,Jeans,3,2499,5,7122.15,Cash,3.7,Delivered
ORD04358,2025-03-12,C1215,Male,37,Mumbai,Top,Crop Top,3,1999,5,5697.15,Card,3.9,Delivered
ORD04359,2025-08-30,C1314,Female,44,Hyderabad,Shoes,Sneakers,4,1499,20,4796.8,Net Banking,4.8,Delivered
ORD04360,2025-10-24,C1338,Male,25,Pune,Shoes,Sneakers,1,1999,20,1599.2,Cash,4.7,Returned
ORD04361,2025-04-11,C1506,Male,38,Chennai,Accessories,Watch,2,799,20,1278.4,Cash,3.6,Cancelled
ORD04362,2025-07-26,C1890,Male,37,Delhi,Shoes,Sneakers,2,1499,10,2698.2,Cash,3.7,Cancelled
ORD04363,2025-08-25,C1662,Female,40,Pune,Shoes,Sandals,2,1499,0,2998.0,UPI,4.7,Returned
ORD04364,2025-11-20,C1314,Female,21,Pune,Shoes,Sandals,1,499,15,424.15,Card,4.3,Cancelled
ORD04365,2025-04-29,C1452,Male,43,Bengaluru,Shoes,Heels,3,799,10,2157.3,Net Banking,4.0,Delivered
ORD04366,2025-10-03,C1536,Male,44,Pune,Bottom,Leggings,4,2999,15,10196.6,Card,3.7,Cancelled
ORD04367,2025-08-17,C1474,Female,55,Bengaluru,Shoes,Sandals,4,2499,5,9496.2,Net Banking,3.9,Cancelled
ORD04368,2025-05-05,C1657,Male,51,Hyderabad,Bottom,Leggings,2,1499,5,2848.1,UPI,4.5,Returned
ORD04369,2025-04-20,C1810,Female,35,Chennai,Shoes,Heels,3,2999,10,8097.3,Cash,3.7,Returned
ORD04370,2025-11-04,C1802,Male,48,Bengaluru,Shoes,Sandals,4,2499,0,9996.0,UPI,4.6,Returned
ORD04371,2025-04-11,C1106,Female,24,Mumbai,Bottom,Leggings,2,499,0,998.0,Net Banking,3.6,Delivered
ORD04372,2025-10-11,C1365,Female,46,Chennai,Bottom,Trousers,2,499,5,948.1,Card,4.4,Returned
ORD04373,2025-02-23,C1510,Female,36,Chennai,Dress,Maxi Dress,3,999,5,2847.15,Cash,4.0,Returned
ORD04374,2025-05-19,C1221,Female,37,Mumbai,Bottom,Jeans,4,999,5,3796.2,Card,4.6,Delivered
ORD04375,2025-08-03,C1299,Female,20,Bengaluru,Dress,Floral Dress,2,499,10,898.2,Card,3.6,Returned
ORD04376,2025-09-20,C1472,Female,21,Hyderabad,Bottom,Jeans,1,2999,0,2999.0,Net Banking,4.6,Returned
ORD04377,2025-05-03,C1164,Male,54,Delhi,Top,Shirt,2,999,0,1998.0,Net Banking,3.6,Cancelled
ORD04378,2025-08-05,C1745,Female,20,Bengaluru,Accessories,Handbag,2,499,10,898.2,Net Banking,4.6,Cancelled
ORD04379,2025-12-09,C1359,Male,31,Bengaluru,Dress,Kurti,3,1999,20,4797.6,Cash,3.9,Cancelled
ORD04380,2025-12-13,C1174,Male,52,Hyderabad,Bottom,Jeans,1,2499,0,2499.0,Net Banking,4.7,Returned
ORD04381,2025-07-30,C1147,Male,29,Pune,Shoes,Sandals,1,999,0,999.0,Cash,4.9,Delivered
ORD04382,2025-04-02,C1911,Female,19,Delhi,Shoes,Heels,1,1999,15,1699.15,Net Banking,4.2,Returned
ORD04383,2025-04-02,C1183,Male,49,Pune,Top,T-Shirt,3,2499,5,7122.15,Cash,3.9,Delivered
ORD04384,2025-03-15,C1574,Female,34,Hyderabad,Dress,Kurti,1,1499,15,1274.15,Cash,3.8,Cancelled
ORD04385,2025-07-23,C1033,Male,49,Bengaluru,Accessories,Handbag,4,1499,10,5396.4,Net Banking,3.7,Cancelled
ORD04386,2025-02-23,C1065,Male,20,Chennai,Accessories,Watch,2,1999,20,3198.4,Cash,3.6,Delivered
ORD04387,2025-03-26,C1151,Male,47,Bengaluru,Accessories,Handbag,2,1999,5,3798.1,Cash,4.0,Delivered
ORD04388,2025-05-16,C1285,Female,53,Delhi,Bottom,Leggings,1,1499,5,1424.05,Net Banking,4.4,Delivered
ORD04389,2025-07-07,C1332,Female,26,Bengaluru,Bottom,Jeans,2,1499,0,2998.0,Card,4.1,Delivered
ORD04390,2025-06-02,C1686,Female,22,Chennai,Accessories,Scarf,4,499,5,1896.2,Net Banking,3.7,Cancelled
ORD04391,2025-03-18,C1988,Female,41,Delhi,Dress,Maxi Dress,4,2499,15,8496.6,Cash,3.6,Delivered
ORD04392,2025-08-27,C1887,Male,28,Hyderabad,Accessories,Scarf,1,2999,10,2699.1,Net Banking,3.8,Returned
ORD04393,2025-03-28,C1243,Female,29,Delhi,Dress,Maxi Dress,1,799,10,719.1,Net Banking,4.1,Cancelled
ORD04394,2025-07-02,C1893,Male,23,Hyderabad,Bottom,Leggings,4,499,10,1796.4,UPI,4.3,Returned
ORD04395,2025-09-06,C1619,Male,25,Pune,Bottom,Leggings,2,799,5,1518.1,Net Banking,4.5,Cancelled
ORD04396,2025-12-15,C1465,Male,55,Pune,Bottom,Jeans,2,999,20,1598.4,Net Banking,4.6,Cancelled
ORD04397,2025-06-28,C1252,Female,22,Hyderabad,Bottom,Jeans,2,799,20,1278.4,Net Banking,3.7,Returned
ORD04398,2025-09-06,C1165,Male,34,Delhi,Shoes,Heels,1,1499,15,1274.15,Card,4.1,Returned
ORD04399,2025-12-06,C1289,Male,50,Mumbai,Shoes,Sneakers,4,1999,20,6396.8,Card,3.8,Returned
ORD04400,2025-11-21,C1590,Male,42,Bengaluru,Accessories,Handbag,4,2999,0,11996.0,Net Banking,4.0,Returned
ORD04401,2025-06-21,C1244,Male,19,Pune,Accessories,Handbag,1,1499,20,1199.2,Card,4.1,Delivered
ORD04402,2025-12-04,C1833,Male,35,Bengaluru,Shoes,Heels,1,1999,5,1899.05,UPI,4.5,Cancelled
ORD04403,2025-02-14,C1271,Male,25,Mumbai,Top,Crop Top,1,799,5,759.05,Net Banking,4.2,Returned
ORD04404,2025-03-31,C1646,Male,44,Chennai,Shoes,Sneakers,4,2999,20,9596.8,Cash,3.8,Cancelled
ORD04405,2025-03-06,C1625,Male,33,Bengaluru,Bottom,Leggings,2,1499,15,2548.3,Card,4.6,Delivered
ORD04406,2025-11-12,C1848,Female,50,Pune,Bottom,Jeans,4,799,20,2556.8,Net Banking,3.6,Delivered
ORD04407,2025-02-01,C1269,Male,31,Mumbai,Accessories,Handbag,1,1999,20,1599.2,Net Banking,4.3,Cancelled
ORD04408,2025-03-07,C1190,Female,41,Hyderabad,Top,Shirt,2,999,10,1798.2,Cash,4.0,Delivered
ORD04409,2025-12-30,C1723,Female,29,Mumbai,Shoes,Heels,2,2999,5,5698.1,Card,4.5,Delivered
ORD04410,2025-02-19,C1401,Male,29,Hyderabad,Bottom,Leggings,2,799,10,1438.2,Net Banking,3.6,Returned
ORD04411,2025-12-26,C1799,Male,45,Pune,Bottom,Jeans,1,2499,15,2124.15,Net Banking,4.0,Delivered
ORD04412,2025-08-06,C1436,Male,39,Bengaluru,Bottom,Trousers,3,499,5,1422.15,Cash,3.8,Delivered
ORD04413,2025-09-03,C1067,Male,50,Pune,Accessories,Watch,4,2499,10,8996.4,Card,4.9,Delivered
ORD04414,2025-12-30,C1089,Female,43,Delhi,Dress,Maxi Dress,2,799,20,1278.4,Cash,3.7,Delivered
ORD04415,2025-02-02,C1993,Female,47,Chennai,Shoes,Sneakers,4,1999,20,6396.8,Net Banking,4.0,Cancelled
ORD04416,2025-07-31,C1599,Female,43,Pune,Bottom,Leggings,1,1999,15,1699.15,Card,5.0,Delivered
ORD04417,2025-06-27,C1702,Male,36,Mumbai,Top,Shirt,3,999,20,2397.6,Net Banking,4.6,Cancelled
ORD04418,2025-06-01,C1621,Male,44,Mumbai,Dress,Kurti,3,799,10,2157.3,Net Banking,5.0,Delivered
ORD04419,2025-05-20,C1151,Male,27,Pune,Dress,Maxi Dress,4,1499,10,5396.4,Card,4.6,Cancelled
ORD04420,2025-04-09,C1996,Male,54,Pune,Bottom,Jeans,1,2999,20,2399.2,Card,4.8,Returned
ORD04421,2025-12-05,C1180,Female,52,Mumbai,Shoes,Sneakers,1,1499,10,1349.1,Cash,3.7,Delivered
ORD04422,2025-01-13,C1305,Female,31,Chennai,Accessories,Scarf,2,799,5,1518.1,Cash,4.2,Delivered
ORD04423,2025-12-29,C1301,Male,22,Chennai,Top,Shirt,4,2499,5,9496.2,Net Banking,5.0,Delivered
ORD04424,2025-04-11,C1777,Female,34,Bengaluru,Accessories,Scarf,1,1499,5,1424.05,UPI,4.9,Cancelled
ORD04425,2025-03-27,C1331,Female,24,Bengaluru,Bottom,Leggings,2,799,20,1278.4,Net Banking,4.9,Cancelled
ORD04426,2025-03-10,C1583,Female,39,Hyderabad,Accessories,Handbag,2,499,15,848.3,UPI,4.9,Delivered
ORD04427,2025-08-02,C1586,Male,54,Chennai,Accessories,Watch,3,1499,0,4497.0,UPI,4.5,Returned
ORD04428,2025-06-04,C1329,Male,44,Delhi,Top,Shirt,3,1999,20,4797.6,UPI,3.8,Delivered
ORD04429,2025-12-21,C1297,Female,23,Bengaluru,Top,Crop Top,4,499,5,1896.2,UPI,4.1,Returned
ORD04430,2025-01-11,C1495,Male,42,Bengaluru,Dress,Maxi Dress,3,799,5,2277.15,UPI,4.2,Delivered
ORD04431,2025-07-11,C1986,Male,22,Mumbai,Shoes,Sandals,3,1499,0,4497.0,UPI,4.1,Returned
ORD04432,2025-07-18,C1636,Female,26,Hyderabad,Accessories,Scarf,3,2999,0,8997.0,Net Banking,4.5,Returned
ORD04433,2025-11-10,C1200,Male,24,Chennai,Top,T-Shirt,3,499,20,1197.6,Net Banking,4.1,Returned
ORD04434,2025-05-13,C1503,Female,18,Pune,Accessories,Scarf,4,999,20,3196.8,Card,4.1,Cancelled
ORD04435,2025-06-17,C1818,Male,34,Bengaluru,Bottom,Leggings,2,499,15,848.3,UPI,5.0,Returned
ORD04436,2025-11-05,C1893,Female,26,Bengaluru,Dress,Maxi Dress,2,1999,10,3598.2,Net Banking,3.6,Returned
ORD04437,2025-10-25,C1301,Male,34,Mumbai,Bottom,Leggings,4,1499,20,4796.8,Cash,4.4,Cancelled
ORD04438,2025-01-29,C1223,Female,38,Mumbai,Dress,Kurti,3,1499,5,4272.15,Card,4.1,Delivered
ORD04439,2025-09-06,C1524,Male,37,Mumbai,Dress,Floral Dress,2,1999,20,3198.4,Cash,5.0,Cancelled
ORD04440,2025-08-27,C1419,Male,50,Delhi,Bottom,Trousers,1,2999,20,2399.2,Net Banking,4.2,Cancelled
ORD04441,2025-12-21,C1416,Male,44,Bengaluru,Accessories,Handbag,2,999,10,1798.2,Card,3.8,Cancelled
ORD04442,2025-08-12,C1379,Male,39,Hyderabad,Shoes,Sneakers,1,1499,0,1499.0,Cash,4.9,Returned
ORD04443,2025-10-18,C1533,Female,50,Chennai,Top,Crop Top,3,999,0,2997.0,Card,4.1,Cancelled
ORD04444,2025-08-25,C1720,Male,51,Delhi,Bottom,Trousers,4,799,0,3196.0,Cash,4.4,Cancelled
ORD04445,2025-11-12,C1306,Male,23,Delhi,Bottom,Jeans,4,1999,5,7596.2,UPI,4.6,Returned
ORD04446,2025-01-17,C1593,Female,47,Bengaluru,Top,T-Shirt,3,999,10,2697.3,Card,4.6,Returned
ORD04447,2025-01-12,C1971,Female,28,Chennai,Top,Crop Top,3,1499,10,4047.3,Net Banking,3.5,Cancelled
ORD04448,2025-08-09,C1389,Male,21,Bengaluru,Shoes,Sneakers,2,999,10,1798.2,Net Banking,4.9,Cancelled
ORD04449,2025-07-22,C1720,Female,24,Hyderabad,Accessories,Watch,3,499,0,1497.0,Cash,4.4,Delivered
ORD04450,2025-01-22,C1278,Male,22,Bengaluru,Shoes,Sneakers,2,999,15,1698.3,UPI,3.7,Cancelled
ORD04451,2025-06-12,C1090,Male,19,Pune,Top,Crop Top,2,799,0,1598.0,Card,4.4,Cancelled
ORD04452,2025-05-12,C1924,Female,29,Hyderabad,Bottom,Jeans,1,2999,0,2999.0,UPI,4.0,Cancelled
ORD04453,2025-04-07,C1710,Male,34,Hyderabad,Bottom,Leggings,3,799,5,2277.15,Net Banking,4.2,Returned
ORD04454,2025-05-25,C1290,Male,42,Mumbai,Shoes,Sandals,3,999,15,2547.45,Card,4.9,Delivered
ORD04455,2025-10-20,C1940,Male,31,Chennai,Top,Crop Top,3,2499,15,6372.45,Cash,4.0,Cancelled
ORD04456,2025-03-02,C1432,Male,43,Chennai,Top,T-Shirt,2,999,0,1998.0,Cash,3.8,Cancelled
ORD04457,2025-10-17,C1248,Female,25,Bengaluru,Bottom,Trousers,1,799,10,719.1,Net Banking,4.5,Cancelled
ORD04458,2025-12-29,C1645,Male,47,Pune,Top,T-Shirt,3,2499,5,7122.15,Card,4.9,Delivered
ORD04459,2025-08-11,C1681,Male,54,Mumbai,Accessories,Handbag,1,2999,15,2549.15,Card,4.5,Delivered
ORD04460,2025-02-13,C1677,Male,52,Pune,Accessories,Watch,4,2499,20,7996.8,Card,3.7,Delivered
ORD04461,2025-01-04,C1788,Male,40,Bengaluru,Accessories,Scarf,2,1499,20,2398.4,Cash,4.5,Delivered
ORD04462,2025-11-07,C1671,Male,40,Delhi,Bottom,Leggings,3,999,0,2997.0,Net Banking,4.9,Cancelled
ORD04463,2025-12-26,C1401,Male,37,Pune,Top,Crop Top,4,799,20,2556.8,Card,5.0,Delivered
ORD04464,2025-02-06,C1486,Female,22,Delhi,Accessories,Scarf,3,1999,5,5697.15,Cash,3.6,Delivered
ORD04465,2025-07-06,C1785,Female,26,Hyderabad,Accessories,Handbag,1,2499,5,2374.05,Net Banking,4.4,Cancelled
ORD04466,2025-02-15,C1025,Female,48,Mumbai,Top,Crop Top,3,799,20,1917.6,Card,4.9,Delivered
ORD04467,2025-06-01,C1553,Male,29,Chennai,Accessories,Handbag,4,1499,10,5396.4,Cash,4.7,Cancelled
ORD04468,2025-06-26,C1741,Female,29,Pune,Shoes,Heels,2,799,20,1278.4,UPI,4.0,Delivered
ORD04469,2025-06-07,C1563,Female,49,Hyderabad,Dress,Kurti,3,2499,10,6747.3,Card,4.0,Delivered
ORD04470,2025-12-20,C1562,Female,18,Mumbai,Shoes,Heels,1,999,0,999.0,Card,4.7,Delivered
ORD04471,2025-01-28,C1137,Female,34,Chennai,Dress,Kurti,4,1499,10,5396.4,Card,4.4,Cancelled
ORD04472,2025-02-24,C1740,Male,32,Chennai,Dress,Floral Dress,2,799,0,1598.0,Net Banking,4.5,Delivered
ORD04473,2025-11-01,C1349,Female,38,Delhi,Accessories,Handbag,1,799,20,639.2,UPI,4.2,Delivered
ORD04474,2025-11-07,C1436,Male,31,Chennai,Shoes,Sneakers,4,499,0,1996.0,UPI,4.2,Delivered
ORD04475,2025-09-30,C1637,Male,25,Mumbai,Top,Shirt,1,1499,15,1274.15,Net Banking,4.1,Returned
ORD04476,2025-07-06,C1590,Female,53,Mumbai,Shoes,Sneakers,1,2999,5,2849.05,Cash,3.8,Returned
ORD04477,2025-11-03,C1957,Female,20,Hyderabad,Bottom,Leggings,2,499,20,798.4,Cash,4.9,Returned
ORD04478,2025-08-07,C1866,Male,46,Hyderabad,Dress,Maxi Dress,4,999,5,3796.2,Card,4.6,Returned
ORD04479,2025-09-12,C1447,Female,55,Delhi,Shoes,Heels,3,1999,15,5097.45,Cash,4.9,Cancelled
ORD04480,2025-07-07,C1963,Male,43,Bengaluru,Shoes,Heels,1,999,0,999.0,Net Banking,4.3,Returned
ORD04481,2025-06-10,C1631,Male,39,Bengaluru,Bottom,Jeans,1,999,20,799.2,Net Banking,4.5,Delivered
ORD04482,2025-09-13,C1632,Female,20,Chennai,Bottom,Jeans,4,999,15,3396.6,UPI,4.9,Returned
ORD04483,2025-12-27,C1800,Male,50,Delhi,Shoes,Heels,1,2499,15,2124.15,UPI,3.8,Cancelled
ORD04484,2025-11-19,C1654,Male,19,Chennai,Bottom,Jeans,4,799,15,2716.6,Card,4.0,Delivered
ORD04485,2025-03-31,C1594,Female,34,Chennai,Bottom,Jeans,1,799,5,759.05,Net Banking,4.3,Delivered
ORD04486,2025-05-31,C1523,Female,34,Hyderabad,Shoes,Heels,2,999,0,1998.0,Net Banking,4.8,Cancelled
ORD04487,2025-05-22,C1378,Male,52,Delhi,Dress,Maxi Dress,1,799,20,639.2,Card,4.9,Cancelled
ORD04488,2025-11-05,C1698,Male,45,Hyderabad,Top,Shirt,3,1999,20,4797.6,Cash,4.4,Delivered
ORD04489,2025-08-31,C1667,Female,23,Mumbai,Bottom,Trousers,3,799,5,2277.15,UPI,,Cancelled
ORD04490,2025-08-23,C1255,Male,25,Pune,Dress,Floral Dress,1,1499,10,1349.1,Cash,4.6,Cancelled
ORD04491,2025-11-09,C1735,Male,21,Delhi,Shoes,Sneakers,2,1499,0,2998.0,UPI,4.3,Returned
ORD04492,2025-08-20,C1921,Female,21,Pune,Bottom,Trousers,4,2499,0,9996.0,Cash,4.4,Cancelled
ORD04493,2025-05-20,C1172,Male,19,Chennai,Shoes,Heels,2,999,10,1798.2,Cash,4.0,Delivered
ORD04494,2025-04-06,C1558,Female,38,Delhi,Dress,Kurti,3,2999,0,8997.0,UPI,4.8,Returned
ORD04495,2025-07-11,C1318,Male,39,Pune,Accessories,Watch,2,999,10,1798.2,UPI,3.6,Cancelled
ORD04496,2025-01-02,C1856,Female,55,Bengaluru,Top,Shirt,3,2999,15,7647.45,UPI,4.6,Cancelled
ORD04497,2025-07-06,C1835,Male,28,Hyderabad,Shoes,Sneakers,4,1999,10,7196.4,Cash,3.7,Cancelled
ORD04498,2025-07-06,C1551,Male,49,Bengaluru,Top,Shirt,3,2999,10,8097.3,UPI,4.4,Cancelled
ORD04499,2025-12-03,C1113,Female,42,Hyderabad,Shoes,Sandals,2,799,15,1358.3,Cash,4.4,Cancelled
ORD04500,2025-09-12,C1434,Male,19,Pune,Dress,Maxi Dress,1,2999,20,2399.2,Card,4.5,Cancelled
ORD04501,2025-11-16,C1781,Female,41,Hyderabad,Top,Shirt,1,2499,5,2374.05,Net Banking,3.5,Cancelled
ORD04502,2025-04-10,C1575,Female,45,,Dress,Maxi Dress,4,799,10,2876.4,Card,4.4,Returned
ORD04503,2025-10-04,C1753,Female,51,Bengaluru,Bottom,Trousers,3,1999,0,5997.0,UPI,3.9,Delivered
ORD04504,2025-04-29,C1239,Female,38,Chennai,Accessories,Scarf,1,2499,0,2499.0,Card,3.7,Delivered
ORD04505,2025-11-19,C1926,Female,18,Chennai,Top,T-Shirt,3,799,5,2277.15,Net Banking,3.9,Delivered
ORD04506,2025-05-06,C1763,Female,20,Hyderabad,Top,Shirt,4,2999,20,9596.8,UPI,4.1,Delivered
ORD04507,2025-04-03,C1900,Male,37,Delhi,Top,T-Shirt,1,2999,20,2399.2,Cash,4.9,Cancelled
ORD04508,2025-10-15,C1100,Female,34,Hyderabad,Top,Shirt,1,1999,15,1699.15,Cash,4.3,Returned
ORD04509,2025-10-30,C1017,Male,29,Hyderabad,Dress,Floral Dress,3,799,10,2157.3,Cash,5.0,Delivered
ORD04510,2025-10-04,C1819,Male,24,Mumbai,Top,Shirt,1,1499,0,1499.0,Net Banking,4.6,Returned
ORD04511,2025-01-31,C1859,Female,48,Hyderabad,Bottom,Jeans,3,499,5,1422.15,Card,5.0,Returned
ORD04512,2025-09-24,C1117,Male,44,Hyderabad,Dress,Maxi Dress,2,799,5,1518.1,Card,4.9,Delivered
ORD04513,2025-12-19,C1498,Female,53,Delhi,Dress,Floral Dress,3,2999,5,8547.15,Cash,4.4,Returned
ORD04514,2025-01-28,C1427,Male,20,Hyderabad,Top,T-Shirt,1,1499,15,1274.15,Card,3.5,Delivered
ORD04515,2025-11-22,C1651,Female,31,Bengaluru,Top,Shirt,1,1499,15,1274.15,Card,4.1,Cancelled
ORD04516,2025-02-21,C1107,Male,35,Delhi,Top,T-Shirt,2,2499,10,4498.2,Net Banking,3.6,Cancelled
ORD04517,2025-02-12,C1862,Female,50,Hyderabad,Accessories,Watch,1,1999,5,1899.05,Cash,4.7,Returned
ORD04518,2025-06-30,C1301,Female,27,Chennai,Bottom,Trousers,3,2499,20,5997.6,UPI,4.2,Returned
ORD04519,2025-07-04,C1421,Male,54,Delhi,Shoes,Heels,3,799,0,2397.0,UPI,4.2,Returned
ORD04520,2025-06-06,C1430,Female,49,Delhi,Shoes,Heels,1,2999,10,2699.1,UPI,4.0,Returned
ORD04521,2025-10-01,C1682,Female,37,Bengaluru,Bottom,Jeans,3,799,20,1917.6,Cash,4.6,Delivered
ORD04522,2025-02-12,C1487,Female,27,Pune,Accessories,Scarf,2,499,10,898.2,Card,3.9,Cancelled
ORD04523,2025-09-13,C1348,Female,51,Mumbai,Dress,Floral Dress,4,2499,20,7996.8,Card,4.4,Returned
ORD04524,2025-07-05,C1257,Male,28,Delhi,Shoes,Heels,2,2499,15,4248.3,UPI,4.6,Delivered
ORD04525,2025-05-21,C1775,Male,29,Delhi,Bottom,Jeans,2,2999,20,4798.4,Net Banking,4.5,Delivered
ORD04526,2025-02-05,C1613,Female,40,Mumbai,Top,T-Shirt,4,799,0,3196.0,Net Banking,4.2,Delivered
ORD04527,2025-11-06,C1570,Female,47,Mumbai,Dress,Maxi Dress,2,799,5,1518.1,Card,4.4,Returned
ORD04528,2025-04-07,C1990,Female,41,Delhi,Top,T-Shirt,1,1999,10,1799.1,Card,4.9,Returned
ORD04529,2025-07-09,C1900,Male,21,Hyderabad,Top,T-Shirt,1,1999,20,1599.2,Cash,3.9,Cancelled
ORD04530,2025-11-05,C1635,Female,29,Hyderabad,Accessories,Scarf,1,1999,0,1999.0,UPI,4.9,Returned
ORD04531,2025-04-08,C1205,Female,39,Mumbai,Accessories,Handbag,3,799,0,2397.0,Cash,4.1,Delivered
ORD04532,2025-08-16,C1130,Male,35,Pune,Top,Shirt,4,2499,0,9996.0,Card,4.7,Delivered
ORD04533,2025-01-17,C1886,Male,23,Chennai,Bottom,Jeans,3,2999,5,8547.15,Net Banking,4.7,Delivered
ORD04534,2025-04-27,C1003,Female,28,Delhi,Dress,Maxi Dress,2,799,5,1518.1,Cash,3.9,Returned
ORD04535,2025-02-12,C1932,Male,41,Bengaluru,Accessories,Handbag,1,1499,0,1499.0,Net Banking,4.8,Cancelled
ORD04536,2025-09-15,C1856,Male,48,Mumbai,Dress,Floral Dress,2,999,0,1998.0,Cash,4.4,Returned
ORD04537,2025-10-26,C1643,Male,40,Mumbai,Accessories,Watch,2,499,15,848.3,Card,4.1,Delivered
ORD04538,2025-02-24,C1436,Female,40,Pune,Dress,Kurti,4,1499,20,4796.8,UPI,4.4,Cancelled
ORD04539,2025-03-15,C1477,Female,42,Pune,Dress,Floral Dress,3,999,10,2697.3,UPI,5.0,Cancelled
ORD04540,2025-08-30,C1376,Male,19,Pune,Top,T-Shirt,1,1499,5,1424.05,UPI,4.0,Delivered
ORD04541,2025-09-01,C1658,Male,53,Delhi,Shoes,Heels,3,1499,10,4047.3,Net Banking,3.9,Cancelled
ORD04542,2025-07-18,C1232,Male,29,Pune,Dress,Kurti,3,2999,10,8097.3,Card,4.3,Cancelled
ORD04543,2025-08-31,C1995,Male,39,Pune,Dress,Kurti,2,799,15,1358.3,UPI,3.8,Delivered
ORD04544,2025-02-14,C1053,Male,42,Mumbai,Accessories,Scarf,1,2499,5,2374.05,Card,4.9,Returned
ORD04545,2025-10-13,C1740,Male,40,Mumbai,Dress,Maxi Dress,1,1499,15,1274.15,Card,4.5,Cancelled
ORD04546,2025-12-27,C1688,Female,49,Bengaluru,Top,Shirt,3,2999,15,7647.45,Card,4.0,Delivered
ORD04547,2025-11-01,C1975,Male,31,Bengaluru,Shoes,Sandals,1,999,10,899.1,Cash,4.0,Delivered
ORD04548,2025-05-11,C1447,Female,46,Bengaluru,Bottom,Trousers,3,799,5,2277.15,Card,4.2,Delivered
ORD04549,2025-11-26,C1450,Male,35,Delhi,Shoes,Sandals,4,1499,0,5996.0,Cash,4.2,Delivered
ORD04550,2025-08-07,C1266,Male,41,Delhi,Top,Shirt,2,2499,0,4998.0,Net Banking,4.0,Cancelled
ORD04551,2025-12-02,C1949,Female,20,Chennai,Dress,Maxi Dress,3,799,15,2037.45,Card,3.6,Returned
ORD04552,2025-01-24,C1125,Female,42,Delhi,Accessories,Scarf,4,799,0,3196.0,Card,3.7,Cancelled
ORD04553,2025-11-24,C1748,Female,35,Mumbai,Accessories,Watch,2,499,0,998.0,Cash,4.7,Delivered
ORD04554,2025-11-24,C1476,Male,51,Bengaluru,Dress,Maxi Dress,1,2499,10,2249.1,UPI,3.8,Cancelled
ORD04555,2025-09-15,C1660,Male,45,Delhi,Accessories,Handbag,3,1999,10,5397.3,Cash,4.8,Returned
ORD04556,2025-10-17,C1790,Female,34,Mumbai,Accessories,Watch,3,2999,20,7197.6,Cash,4.2,Cancelled
ORD04557,2025-09-29,C1171,Female,38,Bengaluru,Bottom,Jeans,1,2499,10,2249.1,Cash,3.8,Cancelled
ORD04558,2025-11-25,C1894,Female,48,Mumbai,Shoes,Sandals,3,499,15,1272.45,Cash,4.3,Delivered
ORD04559,2025-07-26,C1986,Female,51,Chennai,Dress,Kurti,1,999,20,799.2,Cash,3.5,Returned
ORD04560,2025-07-31,C1493,Male,54,Hyderabad,Dress,Floral Dress,2,2499,5,4748.1,Card,4.7,Returned
ORD04561,2025-01-05,C1741,Male,41,Hyderabad,Bottom,Jeans,2,1499,0,2998.0,Net Banking,3.5,Delivered
ORD04562,2025-04-15,C1834,Male,20,Hyderabad,Bottom,Jeans,4,999,15,3396.6,Card,3.6,Returned
ORD04563,2025-07-28,C1280,Male,48,Mumbai,Dress,Floral Dress,1,499,10,449.1,Cash,4.0,Delivered
ORD04564,2025-01-08,C1396,Male,27,Chennai,Dress,Floral Dress,4,1499,10,5396.4,Cash,4.3,Delivered
ORD04565,2025-05-08,C1972,Female,19,Hyderabad,Dress,Floral Dress,4,499,5,1896.2,Net Banking,4.8,Delivered
ORD04566,2025-10-10,C1476,Female,32,Bengaluru,Accessories,Watch,4,2999,15,10196.6,Card,4.4,Cancelled
ORD04567,2025-09-09,C1316,Female,21,Pune,Dress,Maxi Dress,2,1499,10,2698.2,UPI,4.4,Delivered
ORD04568,2025-11-01,C1705,Female,21,Pune,Shoes,Sandals,4,1499,10,5396.4,Card,3.6,Delivered
ORD04569,2025-07-13,C1096,Male,51,Delhi,Bottom,Trousers,4,1499,0,5996.0,Card,4.3,Returned
ORD04570,2025-03-18,C1768,Male,26,Chennai,Dress,Floral Dress,4,499,0,1996.0,UPI,3.7,Delivered
ORD04571,2025-02-19,C1865,Male,25,Pune,Shoes,Sandals,2,2999,20,4798.4,UPI,3.6,Cancelled
ORD04572,2025-02-27,C1005,Female,47,Bengaluru,Shoes,Sandals,2,2999,10,5398.2,Net Banking,4.6,Delivered
ORD04573,2025-08-06,C1234,Male,53,Mumbai,Dress,Floral Dress,3,1999,10,5397.3,Card,3.6,Returned
ORD04574,2025-10-30,C1959,Female,50,Chennai,Dress,Kurti,4,999,5,3796.2,Net Banking,4.9,Delivered
ORD04575,2025-09-06,C1020,Male,38,Delhi,Shoes,Heels,2,499,0,998.0,Cash,4.8,Cancelled
ORD04576,2025-03-22,C1922,Male,51,Chennai,Shoes,Heels,3,499,5,1422.15,Card,4.6,Returned
ORD04577,2025-11-13,C1857,Female,18,Mumbai,Bottom,Trousers,1,999,15,849.15,Cash,4.9,Delivered
ORD04578,2025-07-11,C1183,Male,25,Chennai,Bottom,Trousers,2,1499,5,2848.1,Net Banking,3.9,Cancelled
ORD04579,2025-04-10,C1157,Male,27,Pune,Bottom,Leggings,4,1499,0,5996.0,Net Banking,4.8,Delivered
ORD04580,2025-09-26,C1425,Female,45,Chennai,Top,Crop Top,2,499,5,948.1,Net Banking,3.7,Returned
ORD04581,2025-10-11,C1011,Female,30,Hyderabad,Bottom,Trousers,2,799,20,1278.4,UPI,4.6,Delivered
ORD04582,2025-07-17,C1427,Female,46,Bengaluru,Bottom,Trousers,4,799,0,3196.0,Card,4.5,Cancelled
ORD04583,2025-11-30,C1319,Male,20,Delhi,Shoes,Sneakers,2,2999,20,4798.4,Net Banking,4.8,Delivered
ORD04584,2025-06-14,C1653,Female,37,Bengaluru,Shoes,Heels,3,2999,10,8097.3,Cash,5.0,Returned
ORD04585,2025-04-12,C1260,Male,47,Hyderabad,Shoes,Sandals,1,799,15,679.15,Card,3.7,Cancelled
ORD04586,2025-03-30,C1825,Female,42,Bengaluru,Top,Crop Top,4,2999,5,11396.2,Cash,3.7,Returned
ORD04587,2025-11-01,C1788,Female,45,Chennai,Accessories,Scarf,3,799,15,2037.45,Cash,4.8,Returned
ORD04588,2025-03-21,C1658,Male,37,Mumbai,Bottom,Trousers,1,799,0,799.0,Net Banking,4.6,Returned
ORD04589,2025-10-11,C1176,Male,26,Mumbai,Bottom,Trousers,3,999,5,2847.15,Cash,4.3,Returned
ORD04590,2025-03-24,C1135,Female,41,Bengaluru,Top,T-Shirt,3,1499,15,3822.45,Cash,4.3,Returned
ORD04591,2025-04-24,C1861,Male,25,Mumbai,Accessories,Scarf,2,2499,0,4998.0,Card,5.0,Cancelled
ORD04592,2025-07-07,C1688,Female,48,Pune,Shoes,Sandals,4,499,20,1596.8,UPI,3.6,Returned
ORD04593,2025-07-14,C1857,Male,31,Pune,Dress,Floral Dress,1,999,20,799.2,Cash,3.7,Delivered
ORD04594,2025-10-07,C1473,Female,39,Pune,Accessories,Watch,2,1999,0,3998.0,UPI,3.7,Returned
ORD04595,2025-08-13,C1839,Male,25,Delhi,Top,Crop Top,4,2499,10,8996.4,UPI,3.5,Delivered
ORD04596,2025-05-16,C1301,Male,18,Pune,Accessories,Scarf,1,499,0,499.0,Card,4.5,Returned
ORD04597,2025-06-21,C1406,Female,27,Bengaluru,Shoes,Sneakers,2,2999,0,5998.0,Net Banking,4.5,Cancelled
ORD04598,2025-04-12,C1956,Male,43,Bengaluru,Top,Crop Top,1,2999,20,2399.2,Net Banking,3.8,Cancelled
ORD04599,2025-02-01,C1469,Female,32,Hyderabad,Top,Crop Top,1,499,10,449.1,Net Banking,3.9,Delivered
ORD04600,2025-05-30,C1137,Male,19,Bengaluru,Bottom,Jeans,3,2999,5,8547.15,Cash,4.1,Cancelled
ORD04601,2025-09-17,C1893,Male,44,Bengaluru,Shoes,Sneakers,3,799,20,1917.6,Cash,4.6,Cancelled
ORD04602,2025-05-26,C1672,Female,34,Mumbai,Top,Crop Top,3,999,0,2997.0,Cash,4.0,Returned
ORD04603,2025-06-20,C1836,Female,54,Hyderabad,Bottom,Jeans,4,2999,5,11396.2,Card,4.5,Delivered
ORD04604,2025-11-30,C1960,Female,27,Pune,Bottom,Leggings,3,2499,10,6747.3,UPI,3.5,Delivered
ORD04605,2025-08-31,C1456,Female,35,Delhi,Dress,Maxi Dress,4,499,0,1996.0,Card,4.6,Cancelled
ORD04606,2025-07-16,C1955,Male,45,Hyderabad,Dress,Kurti,3,1499,20,3597.6,Card,4.3,Delivered
ORD04607,2025-01-05,C1033,Male,40,Chennai,Top,Crop Top,3,2999,5,8547.15,Cash,4.9,Delivered
ORD04608,2025-04-16,C1465,Female,31,Pune,Accessories,Watch,2,2999,10,5398.2,Card,4.1,Returned
ORD04609,2025-03-04,C1226,Male,25,Pune,Top,Shirt,3,1999,15,5097.45,Net Banking,4.7,Returned
ORD04610,2025-04-11,C1421,Male,36,Hyderabad,Dress,Maxi Dress,2,2499,5,4748.1,Card,4.0,Delivered
ORD04611,2025-04-23,C1566,Female,53,Bengaluru,Bottom,Jeans,3,1499,20,3597.6,UPI,4.0,Returned
ORD04612,2025-12-23,C1685,Male,21,Delhi,Dress,Floral Dress,3,2499,20,5997.6,Cash,3.8,Cancelled
ORD04613,2025-08-06,C1804,Female,30,Chennai,Top,Shirt,4,799,15,2716.6,Card,3.8,Delivered
ORD04614,2025-10-09,C1430,Female,53,Delhi,Shoes,Sneakers,2,499,20,798.4,Card,4.4,Cancelled
ORD04615,2025-12-03,C1450,Male,21,Chennai,Shoes,Heels,3,499,10,1347.3,Net Banking,3.8,Cancelled
ORD04616,2025-12-17,C1955,Male,52,Delhi,Bottom,Jeans,4,1499,20,4796.8,Net Banking,4.4,Cancelled
ORD04617,2025-10-20,C1242,Male,24,Pune,Bottom,Trousers,3,999,0,2997.0,UPI,4.1,Returned
ORD04618,2025-03-06,C1101,Male,43,Chennai,Shoes,Sandals,3,999,0,2997.0,UPI,3.8,Cancelled
ORD04619,2025-03-04,C1563,Female,28,Mumbai,Top,Shirt,2,799,5,1518.1,UPI,4.5,Returned
ORD04620,2025-05-04,C1818,Female,23,Chennai,Bottom,Leggings,1,799,0,799.0,Cash,4.8,Cancelled
ORD04621,2025-04-12,C1030,Male,47,Chennai,Bottom,Trousers,3,999,10,2697.3,Cash,4.9,Returned
ORD04622,2025-05-31,C1920,Female,40,Pune,Shoes,Sandals,4,1499,10,5396.4,Card,3.7,Delivered
ORD04623,2025-04-24,C1879,Male,45,Mumbai,Shoes,Sneakers,2,2999,5,5698.1,UPI,4.8,Returned
ORD04624,2025-07-26,C1895,Male,47,Pune,Shoes,Sandals,3,1499,20,3597.6,Card,4.7,Returned
ORD04625,2025-07-17,C1589,Female,19,Hyderabad,Dress,Maxi Dress,4,1499,15,5096.6,Cash,3.6,Cancelled
ORD04626,2025-07-29,C1381,Female,31,Mumbai,Top,Shirt,1,499,15,424.15,Net Banking,4.3,Returned
ORD04627,2025-12-11,C1278,Male,34,Mumbai,Shoes,Heels,1,2499,10,2249.1,Net Banking,3.6,Cancelled
ORD04628,2025-07-18,C1051,Male,18,Pune,Bottom,Trousers,2,999,20,1598.4,Card,4.7,Delivered
ORD04629,2025-10-10,C1124,Male,55,Chennai,Accessories,Watch,1,1499,5,1424.05,Card,4.3,Returned
ORD04630,2025-04-23,C1572,Male,52,Bengaluru,Dress,Kurti,1,1999,20,1599.2,Card,4.4,Delivered
ORD04631,2025-08-27,C1754,Female,47,Bengaluru,Shoes,Heels,1,499,20,399.2,UPI,4.9,Delivered
ORD04632,2025-06-13,C1767,Male,26,Bengaluru,Accessories,Handbag,4,2499,15,8496.6,Card,4.5,Returned
ORD04633,2025-03-28,C1522,Male,43,Bengaluru,Accessories,Handbag,3,799,20,1917.6,Cash,4.4,Cancelled
ORD04634,2025-11-11,C1786,Female,36,Hyderabad,Dress,Maxi Dress,4,799,0,3196.0,Card,3.8,Delivered
ORD04635,2025-08-07,C1819,Male,40,Delhi,Top,Shirt,2,2499,15,4248.3,Card,4.5,Returned
ORD04636,2025-03-07,C1328,Female,45,Chennai,Shoes,Sandals,3,499,0,1497.0,Cash,4.8,Delivered
ORD04637,2025-06-18,C1257,Male,44,Mumbai,Shoes,Sneakers,1,1499,5,1424.05,UPI,4.2,Cancelled
ORD04638,2025-04-14,C1290,Female,18,Chennai,Top,Shirt,1,799,10,719.1,Net Banking,3.5,Returned
ORD04639,2025-06-01,C1438,Female,37,Chennai,Accessories,Watch,4,999,15,3396.6,Cash,4.0,Cancelled
ORD04640,2025-12-04,C1181,Male,26,Delhi,Top,T-Shirt,4,799,20,2556.8,Cash,5.0,Cancelled
ORD04641,2025-06-29,C1059,Male,22,Delhi,Accessories,Watch,4,999,0,3996.0,UPI,4.8,Delivered
ORD04642,2025-12-06,C1425,Female,44,Hyderabad,Bottom,Trousers,4,999,0,3996.0,Net Banking,4.3,Cancelled
ORD04643,2025-09-09,C1080,Male,37,Pune,Top,Crop Top,4,2999,10,10796.4,Card,3.9,Returned
ORD04644,2025-07-08,C1795,Female,26,Hyderabad,Top,Crop Top,2,999,0,1998.0,Net Banking,3.5,Returned
ORD04645,2025-01-22,C1897,Female,49,Chennai,Shoes,Heels,4,2999,5,11396.2,UPI,4.9,Delivered
ORD04646,2025-09-07,C1465,Female,37,Pune,Accessories,Handbag,2,1499,15,2548.3,UPI,4.8,Cancelled
ORD04647,2025-02-27,C1532,Male,21,Pune,Accessories,Watch,2,1999,15,3398.3,Card,4.9,Cancelled
ORD04648,2025-12-17,C1116,Female,30,Chennai,Bottom,Jeans,2,999,20,1598.4,Card,3.8,Delivered
ORD04649,2025-08-12,C1719,Female,24,Hyderabad,Top,T-Shirt,1,1499,15,1274.15,Cash,4.1,Returned
ORD04650,2025-10-09,C1524,Female,40,Hyderabad,Accessories,Scarf,4,2499,20,7996.8,Net Banking,4.2,Cancelled
ORD04651,2025-11-03,C1088,Female,36,Bengaluru,Bottom,Leggings,4,499,0,1996.0,UPI,3.9,Cancelled
ORD04652,2025-11-23,C1734,Female,24,Pune,Accessories,Handbag,4,1999,5,7596.2,Card,4.7,Delivered
ORD04653,2025-10-05,C1994,Female,27,Pune,Shoes,Sandals,4,1499,20,4796.8,UPI,4.8,Delivered
ORD04654,2025-06-12,C1937,Male,34,Pune,Top,Shirt,3,499,5,1422.15,UPI,5.0,Returned
ORD04655,2025-04-25,C1221,Female,29,Hyderabad,Top,T-Shirt,4,1499,10,5396.4,Cash,4.8,Cancelled
ORD04656,2025-11-19,C1771,Female,22,Pune,Bottom,Leggings,4,499,5,1896.2,Cash,4.6,Cancelled
ORD04657,2025-04-16,C1534,Female,52,Bengaluru,Accessories,Handbag,4,499,10,1796.4,Net Banking,4.7,Delivered
ORD04658,2025-02-28,C1972,Male,39,Delhi,Top,Crop Top,4,1499,15,5096.6,Cash,4.1,Returned
ORD04659,2025-04-12,C1956,Male,37,Hyderabad,Dress,Maxi Dress,2,2999,0,5998.0,Cash,4.0,Delivered
ORD04660,2025-10-23,C1944,Male,37,Pune,Dress,Floral Dress,1,499,20,399.2,UPI,4.6,Delivered
ORD04661,2025-05-09,C1187,Male,49,Chennai,Bottom,Jeans,4,499,5,1896.2,Card,4.1,Delivered
ORD04662,2025-05-30,C1905,Female,25,Hyderabad,Dress,Floral Dress,3,2999,5,8547.15,Net Banking,4.0,Returned
ORD04663,2025-12-04,C1834,Female,27,Chennai,Top,T-Shirt,4,2999,15,10196.6,Card,4.4,Delivered
ORD04664,2025-10-05,C1785,Male,23,Chennai,Dress,Floral Dress,4,799,15,2716.6,Cash,4.8,Delivered
ORD04665,2025-08-04,C1241,Male,32,Mumbai,Shoes,Heels,1,2499,15,2124.15,Cash,4.5,Cancelled
ORD04666,2025-11-15,C1921,Female,38,Pune,Dress,Kurti,3,1999,15,5097.45,Net Banking,4.7,Returned
ORD04667,2025-08-06,C1324,Female,50,Bengaluru,Top,Shirt,1,999,10,899.1,Card,4.2,Delivered
ORD04668,2025-12-13,C1905,Female,25,Mumbai,Shoes,Sandals,3,2499,15,6372.45,UPI,4.2,Cancelled
ORD04669,2025-09-10,C1388,Female,18,Chennai,Accessories,Scarf,2,2999,20,4798.4,Net Banking,4.7,Cancelled
ORD04670,2025-08-06,C1793,Male,35,Delhi,Dress,Floral Dress,2,799,15,1358.3,Cash,4.4,Delivered
ORD04671,2025-01-06,C1224,Female,50,Chennai,Shoes,Sandals,3,799,0,2397.0,UPI,4.5,Returned
ORD04672,2025-11-02,C1089,Female,52,Chennai,Bottom,Leggings,3,2999,20,7197.6,Cash,4.0,Cancelled
ORD04673,2025-01-04,C1214,Male,28,Bengaluru,Accessories,Watch,3,1999,5,5697.15,Net Banking,4.5,Cancelled
ORD04674,2025-09-09,C1544,Female,36,Delhi,Shoes,Sneakers,2,1499,10,2698.2,Net Banking,4.1,Cancelled
ORD04675,2025-08-03,C1294,Male,19,Hyderabad,Shoes,Heels,2,499,20,798.4,UPI,3.7,Delivered
ORD04676,2025-05-13,C1077,Male,28,Bengaluru,Top,T-Shirt,2,999,15,1698.3,Net Banking,4.1,Returned
ORD04677,2025-06-11,C1378,Female,32,Pune,Top,Crop Top,3,2499,0,7497.0,Cash,4.4,Cancelled
ORD04678,2025-12-03,C1259,Female,46,Bengaluru,Top,Crop Top,4,1499,5,5696.2,UPI,3.7,Delivered
ORD04679,2025-03-15,C1261,Female,51,Chennai,Accessories,Handbag,1,1499,0,1499.0,Net Banking,3.6,Returned
ORD04680,2025-11-05,C1858,Female,48,Hyderabad,Dress,Kurti,4,2499,20,7996.8,Card,3.9,Cancelled
ORD04681,2025-04-11,C1539,Female,45,Hyderabad,Top,Crop Top,2,799,20,1278.4,Card,3.8,Cancelled
ORD04682,2025-08-18,C1215,Female,52,Pune,Shoes,Sandals,2,999,20,1598.4,Net Banking,3.7,Returned
ORD04683,2025-11-22,C1617,Male,48,Hyderabad,Top,Crop Top,2,799,10,1438.2,Net Banking,3.6,Delivered
ORD04684,2025-07-12,C1964,Female,43,Pune,Bottom,Jeans,1,1999,20,1599.2,Card,4.3,Delivered
ORD04685,2025-03-20,C1736,Male,44,Chennai,Bottom,Jeans,3,499,20,1197.6,Net Banking,4.1,Delivered
ORD04686,2025-08-16,C1825,Female,46,Chennai,Accessories,Handbag,1,1499,15,1274.15,Card,4.2,Cancelled
ORD04687,2025-01-24,C1367,Female,34,Bengaluru,Accessories,Watch,1,1999,0,1999.0,Card,5.0,Delivered
ORD04688,2025-12-09,C1434,Male,34,Mumbai,Dress,Maxi Dress,2,2499,15,4248.3,Net Banking,3.9,Delivered
ORD04689,2025-10-12,C1709,Female,49,Mumbai,Dress,Kurti,2,799,5,1518.1,Net Banking,3.9,Returned
ORD04690,2025-10-02,C1843,Female,43,Pune,Dress,Kurti,3,2999,20,7197.6,Card,3.7,Delivered
ORD04691,2025-08-30,C1186,Female,47,Bengaluru,Accessories,Watch,1,1499,5,1424.05,Card,4.9,Cancelled
ORD04692,2025-12-05,C1716,Female,20,Pune,Accessories,Watch,4,2999,5,11396.2,Net Banking,4.7,Delivered
ORD04693,2025-12-31,C1711,Female,51,Pune,Accessories,Scarf,3,2999,5,8547.15,UPI,4.3,Cancelled
ORD04694,2025-12-24,C1999,Female,38,Chennai,Accessories,Scarf,4,1499,20,4796.8,UPI,3.7,Returned
ORD04695,2025-04-25,C1353,Female,41,Delhi,Dress,Maxi Dress,1,999,20,799.2,Card,4.6,Returned
ORD04696,2025-07-20,C1102,Male,49,Bengaluru,Bottom,Jeans,4,2999,10,10796.4,Net Banking,4.4,Returned
ORD04697,2025-07-13,C1747,Male,38,Mumbai,Top,T-Shirt,2,799,15,1358.3,Card,4.0,Delivered
ORD04698,2025-07-06,C1759,Male,48,Bengaluru,Dress,Floral Dress,4,499,5,1896.2,Net Banking,4.2,Cancelled
ORD04699,2025-06-13,C1110,Female,40,Mumbai,Shoes,Sandals,2,2999,20,4798.4,Net Banking,4.5,Cancelled
ORD04700,2025-02-06,C1158,Male,49,Delhi,Accessories,Scarf,1,499,15,424.15,UPI,4.3,Delivered
ORD04701,2025-06-27,C1950,Male,55,Chennai,Dress,Maxi Dress,1,999,10,899.1,Card,4.3,Delivered
ORD04702,2025-04-19,C1185,Male,24,Delhi,Bottom,Leggings,3,999,15,2547.45,Cash,4.0,Returned
ORD04703,2025-07-25,C1577,Male,31,Pune,Dress,Floral Dress,3,2499,0,7497.0,Card,4.9,Cancelled
ORD04704,2025-01-22,C1493,Male,40,Chennai,Dress,Maxi Dress,4,1999,10,7196.4,Net Banking,4.4,Cancelled
ORD04705,2025-04-17,C1421,Male,22,Mumbai,Bottom,Trousers,1,499,15,424.15,Net Banking,4.7,Returned
ORD04706,2025-01-13,C1703,Female,54,Hyderabad,Dress,Kurti,1,499,15,424.15,Card,4.7,Cancelled
ORD04707,2025-09-23,C1596,Female,26,Hyderabad,Top,T-Shirt,3,999,5,2847.15,Card,4.3,Delivered
ORD04708,2025-09-15,C1367,Male,38,Bengaluru,Top,Crop Top,3,499,10,1347.3,UPI,3.7,Cancelled
ORD04709,2025-07-29,C1054,Female,52,Delhi,Top,Crop Top,1,1999,0,1999.0,Net Banking,3.7,Returned
ORD04710,2025-01-08,C1608,Male,52,Bengaluru,Bottom,Trousers,1,1999,10,1799.1,Cash,3.9,Returned
ORD04711,2025-07-10,C1259,Female,37,Hyderabad,Shoes,Sneakers,2,1499,0,2998.0,Net Banking,4.5,Delivered
ORD04712,2025-01-25,C1853,Female,43,Pune,Bottom,Leggings,4,799,5,3036.2,Cash,3.5,Returned
ORD04713,2025-12-11,C1797,Male,39,Pune,Shoes,Sneakers,3,499,0,1497.0,Net Banking,3.7,Returned
ORD04714,2025-07-04,C1029,Female,19,Hyderabad,Bottom,Leggings,4,2999,0,11996.0,Cash,4.8,Cancelled
ORD04715,2025-10-22,C1217,Female,54,Chennai,Bottom,Trousers,4,1499,10,5396.4,Card,4.2,Cancelled
ORD04716,2025-03-19,C1897,Male,30,Delhi,Dress,Kurti,3,1499,10,4047.3,Card,3.8,Delivered
ORD04717,2025-01-14,C1141,Female,45,Delhi,Accessories,Scarf,4,2999,0,11996.0,Net Banking,4.4,Delivered
ORD04718,2025-02-21,C1076,Male,26,Bengaluru,Bottom,Jeans,3,2499,5,7122.15,Net Banking,3.8,Cancelled
ORD04719,2025-10-10,C1111,Male,33,Pune,Top,T-Shirt,4,1499,5,5696.2,Card,5.0,Delivered
ORD04720,2025-01-07,C1212,Female,42,Mumbai,Bottom,Leggings,2,799,15,1358.3,Card,4.3,Cancelled
ORD04721,2025-08-02,C1327,Female,53,Bengaluru,Top,Crop Top,4,999,5,3796.2,Net Banking,4.7,Cancelled
ORD04722,2025-07-04,C1929,Female,31,Hyderabad,Dress,Kurti,3,1999,0,5997.0,UPI,3.5,Returned
ORD04723,2025-12-17,C1556,Female,47,Hyderabad,Shoes,Heels,1,499,10,449.1,UPI,3.9,Cancelled
ORD04724,2025-02-24,C1818,Female,51,Hyderabad,Dress,Maxi Dress,4,1999,10,7196.4,UPI,4.4,Returned
ORD04725,2025-11-02,C1673,Female,34,Pune,Dress,Maxi Dress,3,1499,15,3822.45,Net Banking,3.6,Delivered
ORD04726,2025-07-22,C1400,Female,52,Hyderabad,Dress,Floral Dress,4,999,15,3396.6,Cash,4.8,Returned
ORD04727,2025-09-12,C1435,Female,41,Hyderabad,Bottom,Trousers,3,799,15,2037.45,Cash,3.8,Cancelled
ORD04728,2025-03-09,C1238,Male,45,Mumbai,Accessories,Handbag,2,2499,5,4748.1,Card,3.9,Returned
ORD04729,2025-07-20,C1099,Female,42,Mumbai,Shoes,Heels,3,1999,0,5997.0,Card,4.3,Returned
ORD04730,2025-04-16,C1205,Male,41,Pune,Top,Crop Top,3,1999,0,5997.0,Card,4.5,Delivered
ORD04731,2025-01-03,C1167,Female,50,Delhi,Top,Shirt,4,499,0,1996.0,Net Banking,4.9,Delivered
ORD04732,2025-08-17,C1174,Male,32,Hyderabad,Bottom,Leggings,4,2999,20,9596.8,UPI,4.7,Returned
ORD04733,2025-06-27,C1534,Female,51,Delhi,Shoes,Sneakers,4,1999,5,7596.2,Card,4.8,Delivered
ORD04734,2025-09-28,C1458,Female,46,Delhi,Top,Crop Top,3,2499,15,6372.45,UPI,4.0,Returned
ORD04735,2025-02-23,C1763,Female,40,Bengaluru,Top,Crop Top,4,799,20,2556.8,Cash,4.4,Returned
ORD04736,2025-05-05,C1758,Female,34,Mumbai,Shoes,Sandals,1,1499,0,1499.0,Cash,4.3,Delivered
ORD04737,2025-06-10,C1079,Male,36,Pune,Dress,Kurti,1,1999,10,1799.1,Cash,3.9,Delivered
ORD04738,2025-02-04,C1985,Female,23,Chennai,Accessories,Watch,2,999,20,1598.4,Net Banking,3.9,Delivered
ORD04739,2025-05-06,C1504,Female,29,Pune,Shoes,Heels,1,999,10,899.1,UPI,4.0,Returned
ORD04740,2025-02-25,C1388,Female,22,Delhi,Shoes,Sandals,1,999,15,849.15,Net Banking,4.9,Delivered
ORD04741,2025-11-13,C1090,Male,35,Pune,Top,Shirt,4,1999,10,7196.4,Net Banking,3.5,Cancelled
ORD04742,2025-09-04,C1657,Male,37,Delhi,Dress,Floral Dress,1,1499,0,1499.0,UPI,4.4,Returned
ORD04743,2025-11-30,C1367,Female,52,Mumbai,Accessories,Watch,1,999,20,799.2,Net Banking,4.8,Delivered
ORD04744,2025-07-21,C1436,Male,51,Pune,Shoes,Sandals,1,2999,15,2549.15,Cash,3.8,Delivered
ORD04745,2025-03-13,C1878,Female,28,Mumbai,Accessories,Scarf,1,1499,20,1199.2,UPI,4.0,Cancelled
ORD04746,2025-07-17,C1282,Female,39,Pune,Accessories,Handbag,4,499,10,1796.4,Card,4.6,Delivered
ORD04747,2025-03-05,C1690,Male,50,Pune,Dress,Maxi Dress,1,999,10,899.1,Net Banking,4.6,Delivered
ORD04748,2025-07-13,C1244,Male,47,Mumbai,Top,T-Shirt,1,799,15,679.15,Card,4.5,Delivered
ORD04749,2025-04-17,C1149,Female,20,Delhi,Shoes,Sneakers,4,1999,10,7196.4,UPI,3.6,Returned
ORD04750,2025-03-26,C1428,Female,34,Hyderabad,Shoes,Sneakers,3,799,10,2157.3,Card,4.8,Delivered
ORD04751,2025-02-19,C1199,Female,55,Bengaluru,Bottom,Jeans,4,799,10,2876.4,Cash,4.8,Delivered
ORD04752,2025-11-09,C1575,Female,28,Bengaluru,Shoes,Sneakers,4,2999,0,11996.0,Cash,4.6,Delivered
ORD04753,2025-07-18,C1297,Male,22,Hyderabad,Bottom,Jeans,3,2499,5,7122.15,UPI,3.7,Cancelled
ORD04754,2025-11-25,C1779,Male,41,Delhi,Top,Shirt,3,1499,10,4047.3,Card,4.6,Returned
ORD04755,2025-10-22,C1674,Male,28,Mumbai,Dress,Floral Dress,4,799,20,2556.8,Cash,4.6,Delivered
ORD04756,2025-10-21,C1307,Female,53,Hyderabad,Bottom,Leggings,2,1999,20,3198.4,Card,4.0,Delivered
ORD04757,2025-11-02,C1277,Female,47,Delhi,Bottom,Jeans,4,999,15,3396.6,Net Banking,4.0,Returned
ORD04758,2025-11-13,C1687,Female,45,Mumbai,Bottom,Jeans,2,1999,20,3198.4,Card,4.5,Returned
ORD04759,2025-02-11,C1752,Male,23,Mumbai,Shoes,Heels,4,999,15,3396.6,Card,3.6,Cancelled
ORD04760,2025-04-18,C1656,Female,29,Pune,Dress,Floral Dress,2,2499,20,3998.4,Cash,4.2,Returned
ORD04761,2025-08-21,C1295,Male,45,Hyderabad,Accessories,Handbag,3,999,10,2697.3,Card,4.6,Cancelled
ORD04762,2025-11-16,C1877,Male,39,Chennai,Top,Shirt,2,999,10,1798.2,Card,3.8,Returned
ORD04763,2025-05-27,C1808,Female,44,Pune,Top,T-Shirt,3,499,15,1272.45,Net Banking,3.8,Cancelled
ORD04764,2025-07-03,C1487,Female,44,Pune,Accessories,Scarf,2,2499,10,4498.2,UPI,4.2,Cancelled
ORD04765,2025-03-25,C1183,Male,26,Mumbai,Dress,Kurti,1,499,5,474.05,Cash,4.7,Returned
ORD04766,2025-04-25,C1139,Male,27,Hyderabad,Dress,Floral Dress,1,2999,15,2549.15,Cash,4.4,Returned
ORD04767,2025-11-18,C1136,Female,26,Pune,Dress,Maxi Dress,2,799,15,1358.3,Cash,4.7,Returned
ORD04768,2025-05-17,C1329,Male,43,Bengaluru,Bottom,Jeans,4,499,10,1796.4,Net Banking,4.5,Returned
ORD04769,2025-11-24,C1361,Male,31,Mumbai,Accessories,Scarf,1,2999,0,2999.0,Net Banking,4.5,Cancelled
ORD04770,2025-07-01,C1812,Female,44,Hyderabad,Bottom,Jeans,2,799,15,1358.3,UPI,3.8,Delivered
ORD04771,2025-02-14,C1035,Female,46,Pune,Top,Crop Top,4,2999,20,9596.8,Net Banking,4.6,Delivered
ORD04772,2025-03-12,C1464,Female,45,Chennai,Top,T-Shirt,1,999,10,899.1,Card,4.0,Cancelled
ORD04773,2025-01-12,C1692,Male,18,Hyderabad,Shoes,Sneakers,2,799,10,1438.2,Net Banking,4.1,Cancelled
ORD04774,2025-08-12,C1507,Female,54,Hyderabad,Accessories,Handbag,3,499,15,1272.45,Card,4.5,Cancelled
ORD04775,2025-12-16,C1471,Female,42,Pune,Accessories,Handbag,1,2499,20,1999.2,Card,3.9,Delivered
ORD04776,2025-07-05,C1344,Male,49,Delhi,Dress,Kurti,1,499,5,474.05,Net Banking,3.9,Delivered
ORD04777,2025-08-31,C1035,Male,50,Hyderabad,Shoes,Sneakers,3,799,5,2277.15,Net Banking,3.7,Returned
ORD04778,2025-10-04,C1853,Female,31,Pune,Shoes,Sandals,4,2999,20,9596.8,UPI,4.1,Returned
ORD04779,2025-02-13,C1312,Female,47,Mumbai,Top,T-Shirt,1,2499,15,2124.15,Net Banking,4.0,Cancelled
ORD04780,2025-06-24,C1362,Female,49,Pune,Bottom,Trousers,3,2499,5,7122.15,UPI,3.6,Delivered
ORD04781,2025-01-22,C1570,Female,53,Bengaluru,Dress,Kurti,2,1499,10,2698.2,Net Banking,4.4,Cancelled
ORD04782,2025-04-07,C1102,Female,54,Delhi,Top,Shirt,3,799,10,2157.3,Cash,4.9,Delivered
ORD04783,2025-08-06,C1142,Male,50,Pune,Dress,Floral Dress,3,2499,20,5997.6,UPI,4.1,Cancelled
ORD04784,2025-06-04,C1763,Male,36,Pune,Bottom,Jeans,1,999,0,999.0,Cash,4.7,Delivered
ORD04785,2025-12-12,C1272,Female,35,Chennai,Accessories,Watch,1,2499,0,2499.0,Card,4.6,Cancelled
ORD04786,2025-03-29,C1823,Female,37,Bengaluru,Shoes,Sneakers,4,999,0,3996.0,Card,4.8,Returned
ORD04787,2025-04-02,C1292,Female,31,Hyderabad,Bottom,Trousers,2,2499,20,3998.4,Net Banking,4.6,Delivered
ORD04788,2025-08-21,C1289,Female,26,Delhi,Bottom,Jeans,3,499,20,1197.6,Card,,Cancelled
ORD04789,2025-08-10,C1515,Male,19,Hyderabad,Shoes,Sandals,3,2999,5,8547.15,UPI,4.2,Cancelled
ORD04790,2025-07-16,C1399,Male,34,Mumbai,Accessories,Handbag,2,799,10,1438.2,UPI,4.7,Cancelled
ORD04791,2025-08-28,C1601,Male,45,Chennai,Shoes,Sneakers,2,499,20,798.4,Card,4.6,Returned
ORD04792,2025-06-24,C1664,Male,33,Pune,Dress,Kurti,3,1999,0,5997.0,Net Banking,3.6,Delivered
ORD04793,2025-08-31,C1001,Female,21,Delhi,Top,Crop Top,3,799,5,2277.15,Card,4.2,Returned
ORD04794,2025-02-14,C1504,Male,20,Chennai,Shoes,Heels,4,799,10,2876.4,UPI,3.8,Returned
ORD04795,2025-04-06,C1344,Female,54,Bengaluru,Top,T-Shirt,2,499,0,998.0,Cash,3.8,Returned
ORD04796,2025-07-02,C1093,Female,50,Mumbai,Bottom,Jeans,2,799,0,1598.0,Cash,4.9,Cancelled
ORD04797,2025-07-08,C1309,Male,19,Hyderabad,Bottom,Jeans,2,1499,15,2548.3,UPI,3.8,Delivered
ORD04798,2025-07-15,C1655,Female,30,Chennai,Bottom,Trousers,1,799,0,799.0,Net Banking,4.0,Returned
ORD04799,2025-12-28,C1200,Female,23,Chennai,Shoes,Sneakers,2,1499,10,2698.2,Cash,4.1,Returned
ORD04800,2025-12-18,C1221,Female,50,Chennai,Top,T-Shirt,2,799,5,1518.1,Cash,4.8,Cancelled
ORD04801,2025-12-31,C1261,Female,40,Bengaluru,Top,Crop Top,4,2999,20,9596.8,Net Banking,4.4,Returned
ORD04802,2025-11-08,C1508,Male,42,Delhi,Accessories,Handbag,2,999,5,1898.1,UPI,3.7,Returned
ORD04803,2025-01-21,C1159,Female,34,Bengaluru,Bottom,Jeans,2,799,0,1598.0,Card,4.0,Delivered
ORD04804,2025-09-12,C1649,Male,30,Chennai,Shoes,Heels,1,499,15,424.15,Cash,3.8,Cancelled
ORD04805,2025-03-06,C1389,Female,30,Bengaluru,Dress,Maxi Dress,1,2999,0,2999.0,Cash,4.5,Delivered
ORD04806,2025-05-14,C1700,Female,36,Mumbai,Shoes,Sneakers,1,799,15,679.15,Net Banking,4.9,Returned
ORD04807,2025-06-06,C1399,Female,29,Bengaluru,Shoes,Sandals,4,1999,15,6796.6,Net Banking,4.2,Cancelled
ORD04808,2025-03-09,C1499,Male,24,Bengaluru,Top,T-Shirt,1,2499,5,2374.05,UPI,3.8,Delivered
ORD04809,2025-02-06,C1303,Female,24,Hyderabad,Shoes,Sandals,4,499,20,1596.8,Cash,4.4,Delivered
ORD04810,2025-08-01,C1756,Male,31,Hyderabad,Bottom,Trousers,4,999,15,3396.6,Cash,4.9,Cancelled
ORD04811,2025-09-21,C1901,Male,28,Hyderabad,Bottom,Trousers,2,1499,0,2998.0,Net Banking,4.7,Cancelled
ORD04812,2025-01-06,C1579,Female,42,Pune,Bottom,Trousers,4,499,10,1796.4,Cash,4.7,Cancelled
ORD04813,2025-08-20,C1540,Male,53,Hyderabad,Top,Crop Top,2,799,10,1438.2,Cash,4.9,Delivered
ORD04814,2025-04-24,C1292,Female,22,Pune,Shoes,Sandals,1,799,0,799.0,Card,4.7,Delivered
ORD04815,2025-09-28,C1640,Female,54,Delhi,Top,Shirt,2,499,5,948.1,UPI,4.9,Cancelled
ORD04816,2025-04-11,C1046,Male,33,Delhi,Top,Crop Top,2,499,15,848.3,Card,3.7,Delivered
ORD04817,2025-05-04,C1641,Female,48,Mumbai,Top,Crop Top,3,499,0,1497.0,Net Banking,4.5,Cancelled
ORD04818,2025-03-22,C1251,Female,18,Chennai,Top,Shirt,4,1499,15,5096.6,Cash,4.9,Delivered
ORD04819,2025-06-05,C1261,Female,50,Bengaluru,Top,Crop Top,4,2999,15,10196.6,Cash,4.0,Returned
ORD04820,2025-07-15,C1540,Male,37,Chennai,Bottom,Jeans,1,1499,5,1424.05,Cash,4.7,Cancelled
ORD04821,2025-03-14,C1051,Male,55,Hyderabad,Accessories,Scarf,1,1999,20,1599.2,UPI,4.6,Delivered
ORD04822,2025-11-28,C1223,Male,36,Pune,Top,T-Shirt,1,1999,10,1799.1,UPI,3.9,Delivered
ORD04823,2025-06-22,C1001,Female,35,Hyderabad,Shoes,Sandals,4,799,5,3036.2,Cash,3.5,Delivered
ORD04824,2025-10-30,C1170,Male,27,Chennai,Bottom,Leggings,2,2999,5,5698.1,Cash,4.2,Cancelled
ORD04825,2025-12-17,C1984,Female,29,Delhi,Bottom,Jeans,4,499,15,1696.6,UPI,4.4,Cancelled
ORD04826,2025-05-04,C1518,Male,30,Bengaluru,Accessories,Watch,1,2499,15,2124.15,UPI,3.8,Cancelled
ORD04827,2025-07-30,C1949,Male,29,Bengaluru,Bottom,Leggings,3,499,0,1497.0,Cash,3.9,Cancelled
ORD04828,2025-10-01,C1215,Female,23,Bengaluru,Bottom,Jeans,3,799,10,2157.3,Card,4.9,Returned
ORD04829,2025-05-23,C1731,Female,44,Hyderabad,Shoes,Sandals,1,2999,0,2999.0,Cash,4.1,Returned
ORD04830,2025-02-21,C1794,Male,29,Hyderabad,Dress,Floral Dress,2,2499,20,3998.4,UPI,3.6,Returned
ORD04831,2025-10-10,C1376,Male,25,Pune,Accessories,Scarf,3,2499,0,7497.0,UPI,4.8,Returned
ORD04832,2025-06-22,C1649,Female,50,Mumbai,Shoes,Sneakers,2,799,10,1438.2,UPI,3.9,Delivered
ORD04833,2025-06-22,C1439,Male,23,Bengaluru,Bottom,Jeans,1,2999,5,2849.05,Net Banking,4.5,Returned
ORD04834,2025-10-26,C1184,Female,51,Chennai,Shoes,Sneakers,2,1499,0,2998.0,Cash,4.1,Returned
ORD04835,2025-11-12,C1203,Male,37,Bengaluru,Accessories,Scarf,4,499,20,1596.8,Net Banking,3.6,Cancelled
ORD04836,2025-01-01,C1642,Male,29,Hyderabad,Dress,Maxi Dress,1,499,10,449.1,Card,4.2,Delivered
ORD04837,2025-03-30,C1318,Male,37,Chennai,Top,T-Shirt,1,2499,10,2249.1,Card,4.8,Delivered
ORD04838,2025-11-17,C1602,Female,27,Delhi,Bottom,Leggings,3,1499,20,3597.6,Net Banking,4.2,Delivered
ORD04839,2025-10-30,C1462,Female,51,Chennai,Bottom,Trousers,1,2999,0,2999.0,Card,4.9,Delivered
ORD04840,2025-07-06,C1091,Male,30,Chennai,Bottom,Leggings,1,499,10,449.1,UPI,3.7,Delivered
ORD04841,2025-01-03,C1396,Male,42,Chennai,Dress,Maxi Dress,4,2999,15,10196.6,Net Banking,3.6,Cancelled
ORD04842,2025-03-11,C1815,Male,51,Bengaluru,Bottom,Leggings,3,2999,20,7197.6,Card,4.5,Cancelled
ORD04843,2025-10-21,C1402,Male,32,Delhi,Bottom,Trousers,1,1999,0,1999.0,Cash,4.3,Returned
ORD04844,2025-06-08,C1510,Female,28,Pune,Dress,Maxi Dress,3,1499,5,4272.15,Card,4.8,Cancelled
ORD04845,2025-10-26,C1076,Female,18,Chennai,Shoes,Sneakers,4,799,0,3196.0,Cash,4.6,Cancelled
ORD04846,2025-02-04,C1915,Male,22,Bengaluru,Bottom,Jeans,4,2499,5,9496.2,UPI,4.8,Cancelled
ORD04847,2025-12-24,C1558,Female,53,Hyderabad,Shoes,Heels,4,799,15,2716.6,Card,3.7,Returned
ORD04848,2025-07-07,C1710,Female,23,Mumbai,Accessories,Watch,1,2999,10,2699.1,Net Banking,4.2,Returned
ORD04849,2025-08-08,C1323,Female,42,Bengaluru,Shoes,Heels,4,2999,10,10796.4,Net Banking,3.7,Delivered
ORD04850,2025-09-11,C1018,Male,51,Chennai,Bottom,Leggings,1,499,0,499.0,UPI,3.7,Cancelled
ORD04851,2025-09-09,C1646,Male,44,Mumbai,Bottom,Trousers,2,2999,10,5398.2,Cash,4.4,Cancelled
ORD04852,2025-01-15,C1728,Male,30,Delhi,Bottom,Jeans,3,1499,15,3822.45,Cash,3.6,Cancelled
ORD04853,2025-12-09,C1707,Male,18,Delhi,Dress,Kurti,4,499,20,1596.8,Card,4.1,Returned
ORD04854,2025-03-05,C1707,Male,22,Chennai,Top,T-Shirt,4,1999,10,7196.4,Card,3.8,Delivered
ORD04855,2025-01-04,C1048,Male,49,Bengaluru,Accessories,Scarf,2,499,20,798.4,Cash,3.5,Cancelled
ORD04856,2025-06-23,C1443,Female,18,Mumbai,Bottom,Trousers,1,499,10,449.1,Cash,3.6,Returned
ORD04857,2025-06-16,C1625,Male,27,Chennai,Accessories,Watch,1,2499,20,1999.2,Net Banking,3.6,Cancelled
ORD04858,2025-11-06,C1879,Male,54,Pune,Accessories,Scarf,1,999,15,849.15,Card,3.8,Cancelled
ORD04859,2025-08-01,C1081,Female,30,Bengaluru,Shoes,Heels,2,1499,5,2848.1,Net Banking,4.1,Cancelled
ORD04860,2025-11-03,C1420,Female,29,Chennai,Shoes,Sneakers,4,2499,15,8496.6,Net Banking,4.0,Cancelled
ORD04861,2025-08-25,C1947,Male,34,Pune,Dress,Maxi Dress,3,2499,20,5997.6,Card,4.4,Returned
ORD04862,2025-01-20,C1811,Female,39,Delhi,Bottom,Jeans,4,2999,15,10196.6,UPI,3.6,Returned
ORD04863,2025-10-02,C1545,Female,46,Hyderabad,Shoes,Sneakers,3,999,20,2397.6,Cash,3.6,Delivered
ORD04864,2025-02-01,C1448,Female,23,Delhi,Dress,Floral Dress,1,1999,5,1899.05,Card,4.3,Delivered
ORD04865,2025-10-03,C1879,Female,31,Hyderabad,Dress,Floral Dress,3,2999,20,7197.6,Card,4.7,Cancelled
ORD04866,2025-09-01,C1545,Female,30,Delhi,Dress,Maxi Dress,1,999,15,849.15,Net Banking,3.8,Delivered
ORD04867,2025-09-14,C1676,Male,33,Delhi,Top,Shirt,2,1499,5,2848.1,Cash,3.8,Returned
ORD04868,2025-04-02,C1855,Male,20,Hyderabad,Bottom,Leggings,3,2999,5,8547.15,Cash,4.9,Returned
ORD04869,2025-12-07,C1192,Male,48,Hyderabad,Accessories,Watch,4,499,15,1696.6,UPI,4.2,Cancelled
ORD04870,2025-08-27,C1019,Female,25,Pune,Accessories,Handbag,3,1499,15,3822.45,UPI,4.1,Delivered
ORD04871,2025-03-10,C1070,Male,20,Mumbai,Bottom,Leggings,2,999,15,1698.3,UPI,4.5,Returned
ORD04872,2025-01-29,C1783,Female,37,Delhi,Shoes,Sandals,3,999,0,2997.0,UPI,3.5,Returned
ORD04873,2025-03-22,C1508,Female,45,Mumbai,Shoes,Heels,2,499,10,898.2,Card,4.6,Delivered
ORD04874,2025-10-15,C1217,Male,38,Mumbai,Top,T-Shirt,4,999,20,3196.8,Net Banking,4.4,Delivered
ORD04875,2025-12-26,C1758,Male,47,Mumbai,Dress,Kurti,2,2499,15,4248.3,UPI,4.6,Cancelled
ORD04876,2025-03-14,C1232,Female,48,Delhi,Top,T-Shirt,3,1999,20,4797.6,Net Banking,3.8,Returned
ORD04877,2025-06-16,C1209,Male,35,Pune,Shoes,Sandals,3,1499,15,3822.45,Cash,4.8,Cancelled
ORD04878,2025-10-09,C1745,Male,49,Bengaluru,Bottom,Jeans,4,2499,20,7996.8,Cash,4.4,Returned
ORD04879,2025-08-13,C1562,Female,43,Delhi,Bottom,Leggings,3,1999,10,5397.3,Cash,4.5,Delivered
ORD04880,2025-05-16,C1395,Male,53,Delhi,Accessories,Handbag,3,799,15,2037.45,UPI,4.4,Returned
ORD04881,2025-04-17,C1334,Male,23,Hyderabad,Bottom,Jeans,2,2499,20,3998.4,Net Banking,4.2,Returned
ORD04882,2025-10-14,C1923,Female,49,Bengaluru,Accessories,Watch,2,999,0,1998.0,Cash,3.9,Returned
ORD04883,2025-01-10,C1197,Male,51,Hyderabad,Shoes,Sneakers,4,2499,0,9996.0,Net Banking,4.9,Delivered
ORD04884,2025-09-16,C1813,Female,46,Chennai,Shoes,Heels,4,499,15,1696.6,Cash,4.5,Cancelled
ORD04885,2025-06-16,C1481,Female,43,Mumbai,Top,T-Shirt,3,2499,0,7497.0,Card,4.5,Delivered
ORD04886,2025-09-30,C1738,Female,38,Pune,Shoes,Sneakers,3,2999,15,7647.45,Cash,4.0,Delivered
ORD04887,2025-04-30,C1729,Male,50,Chennai,Dress,Floral Dress,1,999,0,999.0,Net Banking,4.5,Cancelled
ORD04888,2025-02-25,C1942,Female,45,Bengaluru,Dress,Kurti,4,2499,20,7996.8,UPI,4.1,Delivered
ORD04889,2025-08-26,C1037,Male,39,Delhi,Shoes,Sneakers,3,1999,5,5697.15,Card,4.4,Delivered
ORD04890,2025-07-17,C1979,Female,39,Mumbai,Shoes,Heels,1,2499,5,2374.05,Cash,3.9,Cancelled
ORD04891,2025-02-28,C1388,Male,26,Pune,Shoes,Sandals,4,2999,5,11396.2,Card,4.9,Delivered
ORD04892,2025-09-14,C1051,Male,27,Pune,Shoes,Sandals,1,499,5,474.05,Cash,4.5,Cancelled
ORD04893,2025-12-18,C1322,Female,41,Bengaluru,Accessories,Handbag,1,2499,20,1999.2,Net Banking,3.9,Delivered
ORD04894,2025-11-07,C1069,Male,26,Chennai,Bottom,Trousers,2,799,20,1278.4,UPI,3.8,Cancelled
ORD04895,2025-05-08,C1366,Male,51,Delhi,Top,Shirt,4,1999,10,7196.4,Net Banking,4.4,Cancelled
ORD04896,2025-08-21,C1913,Female,50,Delhi,Accessories,Watch,2,799,20,1278.4,Cash,5.0,Returned
ORD04897,2025-11-17,C1147,Female,37,Bengaluru,Top,Shirt,1,2499,5,2374.05,Cash,4.2,Returned
ORD04898,2025-01-15,C1587,Female,47,Hyderabad,Accessories,Scarf,1,1999,0,1999.0,Card,4.1,Delivered
ORD04899,2025-06-19,C1514,Female,29,Delhi,Shoes,Sneakers,4,999,15,3396.6,Cash,4.6,Returned
ORD04900,2025-03-13,C1703,Male,55,Mumbai,Shoes,Sneakers,1,799,20,639.2,Net Banking,4.5,Returned
ORD04901,2025-02-10,C1146,Male,20,Mumbai,Accessories,Handbag,1,1999,20,1599.2,UPI,3.6,Returned
ORD04902,2025-05-23,C1032,Female,36,Pune,Dress,Floral Dress,3,499,5,1422.15,Net Banking,4.1,Cancelled
ORD04903,2025-10-03,C1880,Female,49,Bengaluru,Bottom,Jeans,2,1499,0,2998.0,Cash,3.5,Delivered
ORD04904,2025-08-09,C1027,Female,33,Delhi,Accessories,Handbag,1,799,5,759.05,Net Banking,3.7,Cancelled
ORD04905,2025-09-30,C1317,Female,35,Chennai,Bottom,Jeans,2,1499,15,2548.3,Card,4.9,Delivered
ORD04906,2025-12-06,C1827,Female,34,Mumbai,Dress,Floral Dress,2,799,5,1518.1,Net Banking,4.3,Cancelled
ORD04907,2025-10-03,C1178,Male,45,Chennai,Shoes,Heels,2,499,10,898.2,Cash,4.3,Returned
ORD04908,2025-04-16,C1095,Male,23,Mumbai,Accessories,Scarf,4,1999,5,7596.2,Cash,3.7,Returned
ORD04909,2025-04-16,C1021,Female,52,Pune,Accessories,Scarf,2,2499,20,3998.4,Cash,3.8,Delivered
ORD04910,2025-01-30,C1468,Female,29,Delhi,Top,Shirt,4,499,15,1696.6,Cash,4.2,Cancelled
ORD04911,2025-02-05,C1105,Male,25,Delhi,Bottom,Leggings,4,999,20,3196.8,Net Banking,4.9,Cancelled
ORD04912,2025-03-22,C1396,Female,38,Hyderabad,Shoes,Sneakers,1,2499,0,2499.0,Net Banking,3.7,Delivered
ORD04913,2025-04-20,C1725,Male,18,Hyderabad,Accessories,Watch,4,1999,10,7196.4,UPI,4.1,Delivered
ORD04914,2025-04-08,C1697,Male,48,Delhi,Bottom,Trousers,3,1999,15,5097.45,UPI,3.7,Delivered
ORD04915,2025-04-05,C1113,Male,29,Mumbai,Shoes,Sandals,1,1999,5,1899.05,Net Banking,4.1,Delivered
ORD04916,2025-08-01,C1956,Female,54,Bengaluru,Accessories,Scarf,1,1499,5,1424.05,UPI,4.2,Returned
ORD04917,2025-07-27,C1678,Female,32,Chennai,Accessories,Watch,1,2499,0,2499.0,Card,4.3,Returned
ORD04918,2025-03-30,C1074,Male,25,Hyderabad,Shoes,Sneakers,2,1999,10,3598.2,Net Banking,4.7,Delivered
ORD04919,2025-01-29,C1367,Male,26,Chennai,Dress,Floral Dress,1,1999,5,1899.05,Card,3.8,Delivered
ORD04920,2025-01-26,C1541,Male,36,Bengaluru,Accessories,Scarf,2,1999,10,3598.2,Net Banking,4.1,Delivered
ORD04921,2025-10-02,C1185,Female,47,Delhi,Shoes,Sneakers,1,2999,0,2999.0,UPI,3.9,Delivered
ORD04922,2025-01-30,C1753,Female,50,Hyderabad,Shoes,Sneakers,1,2999,15,2549.15,Cash,4.1,Returned
ORD04923,2025-01-11,C1244,Female,21,Mumbai,Shoes,Sneakers,2,1499,5,2848.1,Cash,3.7,Returned
ORD04924,2025-02-01,C1955,Female,27,Delhi,Dress,Maxi Dress,2,799,15,1358.3,UPI,4.7,Cancelled
ORD04925,2025-06-03,C1390,Female,42,Bengaluru,Shoes,Sandals,3,2999,10,8097.3,Net Banking,4.1,Cancelled
ORD04926,2025-06-06,C1008,Male,18,Pune,Bottom,Leggings,1,999,5,949.05,UPI,4.6,Delivered
ORD04927,2025-02-19,C1017,Female,33,Hyderabad,Shoes,Heels,2,1499,20,2398.4,Card,3.9,Delivered
ORD04928,2025-04-25,C1492,Female,28,Chennai,Top,T-Shirt,3,2999,20,7197.6,Card,4.5,Delivered
ORD04929,2025-03-02,C1482,Female,43,Delhi,Top,Shirt,3,499,0,1497.0,Net Banking,4.0,Cancelled
ORD04930,2025-06-29,C1612,Male,25,Hyderabad,Shoes,Heels,1,499,0,499.0,Net Banking,3.6,Delivered
ORD04931,2025-04-16,C1980,Female,50,Chennai,Bottom,Leggings,2,1999,5,3798.1,UPI,4.4,Returned
ORD04932,2025-04-26,C1088,Female,40,Chennai,Dress,Floral Dress,4,1999,15,6796.6,Cash,4.9,Cancelled
ORD04933,2025-06-23,C1471,Female,24,Chennai,Accessories,Handbag,1,1999,15,1699.15,Card,4.1,Delivered
ORD04934,2025-10-03,C1287,Female,34,Bengaluru,Accessories,Handbag,2,799,15,1358.3,Cash,3.6,Delivered
ORD04935,2025-09-17,C1375,Female,24,Hyderabad,Dress,Kurti,2,2499,20,3998.4,Cash,3.6,Delivered
ORD04936,2025-08-21,C1047,Male,48,Bengaluru,Accessories,Handbag,2,1499,10,2698.2,Card,5.0,Delivered
ORD04937,2025-04-09,C1411,Male,40,Delhi,Shoes,Sandals,1,499,0,499.0,Net Banking,4.1,Delivered
ORD04938,2025-07-18,C1168,Female,47,Delhi,Top,Shirt,2,499,0,998.0,Net Banking,4.3,Cancelled
ORD04939,2025-09-16,C1444,Female,18,Hyderabad,Accessories,Scarf,1,1499,0,1499.0,Cash,4.0,Returned
ORD04940,2025-10-23,C1132,Male,19,Bengaluru,Shoes,Sneakers,1,2999,20,2399.2,Cash,3.8,Cancelled
ORD04941,2025-01-12,C1599,Female,38,Mumbai,Shoes,Heels,2,999,20,1598.4,Card,4.7,Cancelled
ORD04942,2025-03-10,C1513,Female,55,Pune,Shoes,Sneakers,1,999,20,799.2,Net Banking,4.8,Delivered
ORD04943,2025-06-12,C1675,Female,55,Bengaluru,Shoes,Heels,4,1999,15,6796.6,Cash,3.8,Cancelled
ORD04944,2025-10-21,C1680,Male,39,Delhi,Top,T-Shirt,1,1499,20,1199.2,Card,4.8,Delivered
ORD04945,2025-12-29,C1565,Female,41,Bengaluru,Dress,Floral Dress,3,1999,0,5997.0,Card,4.5,Returned
ORD04946,2025-06-28,C1863,Male,36,Hyderabad,Bottom,Trousers,1,2499,0,2499.0,Card,4.3,Delivered
ORD04947,2025-08-15,C1518,Male,36,Pune,Accessories,Handbag,4,2499,5,9496.2,Net Banking,4.9,Cancelled
ORD04948,2025-08-31,C1088,Female,46,Chennai,Top,T-Shirt,1,1999,0,1999.0,UPI,4.1,Delivered
ORD04949,2025-09-09,C1892,Male,45,Pune,Dress,Floral Dress,3,499,5,1422.15,Net Banking,3.6,Returned
ORD04950,2025-02-03,C1514,Female,51,Pune,Bottom,Leggings,3,499,15,1272.45,UPI,4.4,Delivered
ORD04951,2025-12-18,C1653,Male,25,Delhi,Dress,Floral Dress,1,799,5,759.05,UPI,3.6,Returned
ORD04952,2025-11-25,C1584,Male,24,Delhi,Dress,Floral Dress,1,2499,5,2374.05,UPI,4.8,Cancelled
ORD04953,2025-11-27,C1459,Female,36,Delhi,Top,Shirt,4,799,10,2876.4,Net Banking,3.9,Delivered
ORD04954,2025-02-20,C1382,Male,31,Bengaluru,Accessories,Scarf,3,1499,20,3597.6,Cash,4.4,Cancelled
ORD04955,2025-09-21,C1472,Male,29,Chennai,Shoes,Heels,4,499,20,1596.8,UPI,3.7,Cancelled
ORD04956,2025-03-04,C1580,Female,52,Chennai,Top,T-Shirt,2,2999,15,5098.3,Net Banking,4.0,Cancelled
ORD04957,2025-10-25,C1121,Female,54,Hyderabad,Dress,Floral Dress,4,1499,15,5096.6,Card,4.5,Cancelled
ORD04958,2025-08-06,C1712,Female,40,Bengaluru,Shoes,Heels,1,2499,20,1999.2,Cash,4.7,Cancelled
ORD04959,2025-08-26,C1502,Female,48,Mumbai,Shoes,Heels,4,1499,10,5396.4,UPI,4.4,Delivered
ORD04960,2025-04-09,C1671,Male,48,Mumbai,Shoes,Heels,1,2499,15,2124.15,Card,4.3,Cancelled
ORD04961,2025-12-07,C1736,Male,45,Bengaluru,Top,Shirt,4,2999,10,10796.4,Net Banking,4.5,Returned
ORD04962,2025-07-08,C1267,Female,18,Chennai,Shoes,Sneakers,4,799,20,2556.8,Cash,4.9,Delivered
ORD04963,2025-01-02,C1653,Female,50,Bengaluru,Dress,Maxi Dress,2,799,0,1598.0,Card,3.9,Cancelled
ORD04964,2025-06-27,C1341,Female,43,Hyderabad,Accessories,Scarf,1,799,5,759.05,Card,4.4,Delivered
ORD04965,2025-10-26,C1743,Male,18,Bengaluru,Accessories,Scarf,2,1499,0,2998.0,Card,4.2,Delivered
ORD04966,2025-02-10,C1576,Female,37,Bengaluru,Dress,Maxi Dress,3,799,10,2157.3,UPI,3.9,Cancelled
ORD04967,2025-08-14,C1772,Male,36,Hyderabad,Accessories,Watch,4,1499,0,5996.0,Cash,3.7,Cancelled
ORD04968,2025-01-25,C1993,Female,24,Bengaluru,Shoes,Sneakers,3,799,15,2037.45,Card,4.1,Cancelled
ORD04969,2025-07-14,C1167,Female,21,Pune,Shoes,Heels,2,999,0,1998.0,Card,4.3,Delivered
ORD04970,2025-12-13,C1886,Male,50,Bengaluru,Dress,Maxi Dress,4,1499,15,5096.6,UPI,3.6,Returned
ORD04971,2025-10-21,C1821,Male,20,Bengaluru,Dress,Floral Dress,3,2999,10,8097.3,UPI,4.6,Cancelled
ORD04972,2025-02-23,C1568,Female,20,Delhi,Accessories,Scarf,1,799,5,759.05,UPI,3.6,Delivered
ORD04973,2025-06-01,C1092,Female,34,Pune,Bottom,Leggings,1,2999,0,2999.0,Cash,4.2,Returned
ORD04974,2025-04-04,C1981,Male,31,Delhi,Bottom,Leggings,3,999,0,2997.0,Cash,4.7,Cancelled
ORD04975,2025-12-02,C1420,Female,30,Pune,Dress,Maxi Dress,3,2499,20,5997.6,Card,3.6,Returned
ORD04976,2025-06-20,C1019,Male,46,Delhi,Top,T-Shirt,4,2499,10,8996.4,Cash,4.3,Delivered
ORD04977,2025-10-18,C1089,Female,41,Mumbai,Bottom,Jeans,3,2999,0,8997.0,Net Banking,3.6,Returned
ORD04978,2025-11-17,C1798,Female,49,Hyderabad,Shoes,Sneakers,4,2499,15,8496.6,UPI,4.4,Delivered
ORD04979,2025-05-22,C1560,Female,35,Hyderabad,Bottom,Jeans,3,2999,10,8097.3,UPI,3.7,Cancelled
ORD04980,2025-05-16,C1201,Female,22,Hyderabad,Bottom,Jeans,3,499,20,1197.6,Cash,3.5,Delivered
ORD04981,2025-07-26,C1372,Male,31,Mumbai,Shoes,Sneakers,2,1999,10,3598.2,Net Banking,4.5,Delivered
ORD04982,2025-03-30,C1439,Female,33,Hyderabad,Dress,Floral Dress,3,1999,20,4797.6,Cash,3.7,Returned
ORD04983,2025-07-05,C1049,Male,42,Mumbai,Dress,Kurti,1,1999,5,1899.05,Card,4.5,Cancelled
ORD04984,2025-10-26,C1225,Male,53,Bengaluru,Top,Crop Top,2,2999,15,5098.3,Cash,3.7,Returned
ORD04985,2025-02-25,C1143,Male,18,Pune,Dress,Floral Dress,2,2499,10,4498.2,Net Banking,5.0,Delivered
ORD04986,2025-12-02,C1637,Male,35,Delhi,Top,Crop Top,1,1999,5,1899.05,UPI,4.9,Returned
ORD04987,2025-12-16,C1732,Female,18,Bengaluru,Shoes,Sandals,1,1499,15,1274.15,UPI,4.1,Delivered
ORD04988,2025-12-27,C1334,Male,33,Chennai,Shoes,Sneakers,2,799,5,1518.1,Card,4.9,Returned
ORD04989,2025-12-31,C1772,Female,26,Chennai,Top,T-Shirt,3,799,10,2157.3,Cash,4.1,Returned
ORD04990,2025-08-17,C1681,Female,23,Bengaluru,Dress,Maxi Dress,1,1999,10,1799.1,Card,3.7,Cancelled
ORD04991,2025-05-29,C1292,Female,53,Mumbai,Accessories,Scarf,2,499,20,798.4,UPI,4.5,Returned
ORD04992,2025-09-25,C1441,Female,46,Mumbai,Top,Shirt,2,1999,15,3398.3,Card,3.5,Cancelled
ORD04993,2025-08-10,C1204,Female,53,Chennai,Top,T-Shirt,2,799,10,1438.2,Card,3.7,Returned
ORD04994,2025-05-31,C1350,Male,51,Bengaluru,Accessories,Scarf,1,799,10,719.1,Cash,3.9,Returned
ORD04995,2025-12-23,C1092,Female,45,Delhi,Bottom,Trousers,1,999,10,899.1,Card,4.2,Returned
ORD04996,2025-12-08,C1749,Male,42,Chennai,Bottom,Jeans,1,999,15,849.15,Cash,4.4,Delivered
ORD04997,2025-05-18,C1306,Female,52,Mumbai,Bottom,Jeans,2,1999,5,3798.1,Cash,4.4,Cancelled
ORD04998,2025-11-30,C1714,Female,48,Delhi,Bottom,Jeans,3,999,0,2997.0,Cash,4.6,Returned
ORD04999,2025-01-15,C1933,Female,45,Mumbai,Top,Crop Top,1,2499,10,2249.1,Cash,4.5,Cancelled
ORD05000,2025-04-10,C1675,Female,46,Pune,Dress,Floral Dress,4,799,5,3036.2,Cash,3.5,Cancelled
ORD00001,2025-02-22,C1692,Male,55,Bengaluru,Dress,Floral Dress,3,799,5,2277.15,UPI,3.7,Delivered
ORD00002,2025-04-12,C1733,Female,32,Bengaluru,Dress,Floral Dress,2,1999,20,3198.4,Cash,3.5,Delivered
ORD00003,2025-06-22,C1104,Male,42,Pune,Top,Crop Top,4,999,10,3596.4,Cash,3.7,Returned
ORD00004,2025-07-13,C1080,Female,41,Hyderabad,Accessories,Watch,1,2499,15,2124.15,Card,4.3,Cancelled
ORD00005,2025-04-30,C1887,Male,42,Delhi,Dress,Floral Dress,2,2999,10,5398.2,Net Banking,5.0,Cancelled
